INSERT [dbo].[OrderOperation] ([Id], [Number], [IsApproved], [Status], [Comment], [Currency], [TaxIncluded], [Sum], [Tax], [IsCancelled], [CancelledDate], [CancelReason], [CreatedDate], [ModifiedDate], [CreatedBy], [ModifiedBy]) VALUES (N'0270f71d-742b-484f-aeba-975f830bcb4d', N'SH10505', 0, NULL, NULL, N'USD', 0, 10.0000, 0.0000, 0, NULL, NULL, CAST(N'2015-04-15 12:05:18.583' AS DateTime), NULL, N'frontend', NULL)
INSERT [dbo].[OrderOperation] ([Id], [Number], [IsApproved], [Status], [Comment], [Currency], [TaxIncluded], [Sum], [Tax], [IsCancelled], [CancelledDate], [CancelReason], [CreatedDate], [ModifiedDate], [CreatedBy], [ModifiedBy]) VALUES (N'08b79799-1d97-4a1b-99b7-6d8550f41c20', N'PA10505', 0, NULL, NULL, N'USD', 0, 2060.0000, 0.0000, 0, NULL, NULL, CAST(N'2015-04-15 10:05:36.680' AS DateTime), NULL, N'frontend', NULL)
INSERT [dbo].[OrderOperation] ([Id], [Number], [IsApproved], [Status], [Comment], [Currency], [TaxIncluded], [Sum], [Tax], [IsCancelled], [CancelledDate], [CancelReason], [CreatedDate], [ModifiedDate], [CreatedBy], [ModifiedBy]) VALUES (N'0b98716b-e54f-4316-bc15-ef4c58e30329', N'PA10545', 0, NULL, NULL, N'USD', 0, 259.0000, 0.0000, 0, NULL, NULL, CAST(N'2015-04-15 11:45:07.983' AS DateTime), NULL, N'frontend', NULL)
INSERT [dbo].[OrderOperation] ([Id], [Number], [IsApproved], [Status], [Comment], [Currency], [TaxIncluded], [Sum], [Tax], [IsCancelled], [CancelledDate], [CancelReason], [CreatedDate], [ModifiedDate], [CreatedBy], [ModifiedBy]) VALUES (N'0d7d2551-151c-4fa5-8879-40c760159762', N'CU10515', 0, NULL, NULL, N'USD', 0, 259.9800, 0.0000, 0, NULL, NULL, CAST(N'2015-04-15 13:15:39.473' AS DateTime), NULL, N'frontend', NULL)
INSERT [dbo].[OrderOperation] ([Id], [Number], [IsApproved], [Status], [Comment], [Currency], [TaxIncluded], [Sum], [Tax], [IsCancelled], [CancelledDate], [CancelReason], [CreatedDate], [ModifiedDate], [CreatedBy], [ModifiedBy]) VALUES (N'167474df-b375-4a73-bc17-24006f976d40', N'SH10505', 0, NULL, NULL, N'USD', 0, 10.0000, 0.0000, 0, NULL, NULL, CAST(N'2015-04-15 10:05:36.680' AS DateTime), NULL, N'frontend', NULL)
INSERT [dbo].[OrderOperation] ([Id], [Number], [IsApproved], [Status], [Comment], [Currency], [TaxIncluded], [Sum], [Tax], [IsCancelled], [CancelledDate], [CancelReason], [CreatedDate], [ModifiedDate], [CreatedBy], [ModifiedBy]) VALUES (N'18db620d-2c9d-4ff7-9c7a-67577c4e1ed4', N'SH10503', 0, NULL, NULL, N'USD', 0, 10.0000, 0.0000, 0, NULL, NULL, CAST(N'2015-04-15 13:03:31.767' AS DateTime), NULL, N'frontend', NULL)
INSERT [dbo].[OrderOperation] ([Id], [Number], [IsApproved], [Status], [Comment], [Currency], [TaxIncluded], [Sum], [Tax], [IsCancelled], [CancelledDate], [CancelReason], [CreatedDate], [ModifiedDate], [CreatedBy], [ModifiedBy]) VALUES (N'19c40d81-ee89-408b-9850-1a1316348fdb', N'SH10515', 0, NULL, NULL, N'USD', 0, 10.0000, 0.0000, 0, NULL, NULL, CAST(N'2015-04-15 13:15:39.473' AS DateTime), NULL, N'frontend', NULL)
INSERT [dbo].[OrderOperation] ([Id], [Number], [IsApproved], [Status], [Comment], [Currency], [TaxIncluded], [Sum], [Tax], [IsCancelled], [CancelledDate], [CancelReason], [CreatedDate], [ModifiedDate], [CreatedBy], [ModifiedBy]) VALUES (N'1c03d581-9ddb-49e0-ba5b-bc6bda75a5c4', N'SH10559', 0, NULL, NULL, N'USD', 0, 10.0000, 0.0000, 0, NULL, NULL, CAST(N'2015-04-15 12:59:18.720' AS DateTime), NULL, N'frontend', NULL)
INSERT [dbo].[OrderOperation] ([Id], [Number], [IsApproved], [Status], [Comment], [Currency], [TaxIncluded], [Sum], [Tax], [IsCancelled], [CancelledDate], [CancelReason], [CreatedDate], [ModifiedDate], [CreatedBy], [ModifiedBy]) VALUES (N'21343fd7-3428-4929-bb93-49564fbf0411', N'CU10500', 0, NULL, NULL, N'USD', 0, 379.9800, 0.0000, 0, NULL, NULL, CAST(N'2015-04-15 12:00:02.763' AS DateTime), NULL, N'frontend', NULL)
INSERT [dbo].[OrderOperation] ([Id], [Number], [IsApproved], [Status], [Comment], [Currency], [TaxIncluded], [Sum], [Tax], [IsCancelled], [CancelledDate], [CancelReason], [CreatedDate], [ModifiedDate], [CreatedBy], [ModifiedBy]) VALUES (N'23203968-ba33-42e8-9693-8d6d52ebb0ed', N'PA10505', 0, NULL, NULL, N'USD', 0, 1070.9700, 0.0000, 0, NULL, NULL, CAST(N'2015-04-15 12:05:18.583' AS DateTime), NULL, N'frontend', NULL)
INSERT [dbo].[OrderOperation] ([Id], [Number], [IsApproved], [Status], [Comment], [Currency], [TaxIncluded], [Sum], [Tax], [IsCancelled], [CancelledDate], [CancelReason], [CreatedDate], [ModifiedDate], [CreatedBy], [ModifiedBy]) VALUES (N'2783f3e6-d2b7-4faf-be37-7f7fa88e6f68', N'PA10537', 0, NULL, NULL, N'USD', 0, 589.9900, 0.0000, 0, NULL, NULL, CAST(N'2015-04-15 11:37:04.807' AS DateTime), NULL, N'frontend', NULL)
INSERT [dbo].[OrderOperation] ([Id], [Number], [IsApproved], [Status], [Comment], [Currency], [TaxIncluded], [Sum], [Tax], [IsCancelled], [CancelledDate], [CancelReason], [CreatedDate], [ModifiedDate], [CreatedBy], [ModifiedBy]) VALUES (N'2a793d56-8b82-49b3-8f56-992322110a0d', N'PA10533', 0, NULL, NULL, N'USD', 0, 199.0000, 0.0000, 0, NULL, NULL, CAST(N'2015-04-15 11:33:33.553' AS DateTime), NULL, N'frontend', NULL)
INSERT [dbo].[OrderOperation] ([Id], [Number], [IsApproved], [Status], [Comment], [Currency], [TaxIncluded], [Sum], [Tax], [IsCancelled], [CancelledDate], [CancelReason], [CreatedDate], [ModifiedDate], [CreatedBy], [ModifiedBy]) VALUES (N'35f7d702-5933-4936-b246-5088c34c1b14', N'CU10543', 0, NULL, NULL, N'USD', 0, 388.5900, 0.0000, 0, NULL, NULL, CAST(N'2015-04-15 12:43:30.750' AS DateTime), NULL, N'frontend', NULL)
INSERT [dbo].[OrderOperation] ([Id], [Number], [IsApproved], [Status], [Comment], [Currency], [TaxIncluded], [Sum], [Tax], [IsCancelled], [CancelledDate], [CancelReason], [CreatedDate], [ModifiedDate], [CreatedBy], [ModifiedBy]) VALUES (N'3bcf0426-618a-48bd-9895-fd8dd480aaa9', N'CU10533', 0, NULL, NULL, N'USD', 0, 199.0000, 0.0000, 0, NULL, NULL, CAST(N'2015-04-15 11:33:33.553' AS DateTime), NULL, N'frontend', NULL)
INSERT [dbo].[OrderOperation] ([Id], [Number], [IsApproved], [Status], [Comment], [Currency], [TaxIncluded], [Sum], [Tax], [IsCancelled], [CancelledDate], [CancelReason], [CreatedDate], [ModifiedDate], [CreatedBy], [ModifiedBy]) VALUES (N'3cb6be13-e299-45cd-b530-06dc61ef7f5e', N'CU10506', 0, N'Cancelled', NULL, N'USD', 0, 1009.0000, 0.0000, 0, NULL, NULL, CAST(N'2015-04-15 13:06:49.907' AS DateTime), CAST(N'2015-04-15 13:19:41.187' AS DateTime), N'admin', NULL)
INSERT [dbo].[OrderOperation] ([Id], [Number], [IsApproved], [Status], [Comment], [Currency], [TaxIncluded], [Sum], [Tax], [IsCancelled], [CancelledDate], [CancelReason], [CreatedDate], [ModifiedDate], [CreatedBy], [ModifiedBy]) VALUES (N'3cdb85c7-f23a-4ecc-9493-4cb0e3d855d0', N'SH10547', 0, NULL, NULL, N'USD', 0, 10.0000, 0.0000, 0, NULL, NULL, CAST(N'2015-04-15 12:47:37.617' AS DateTime), NULL, N'frontend', NULL)
INSERT [dbo].[OrderOperation] ([Id], [Number], [IsApproved], [Status], [Comment], [Currency], [TaxIncluded], [Sum], [Tax], [IsCancelled], [CancelledDate], [CancelReason], [CreatedDate], [ModifiedDate], [CreatedBy], [ModifiedBy]) VALUES (N'3f9ce406-3f2d-4703-b306-1e7eed855e1e', N'PA10519', 0, NULL, NULL, N'USD', 0, 759.9900, 0.0000, 0, NULL, NULL, CAST(N'2015-04-15 13:19:05.990' AS DateTime), NULL, N'frontend', NULL)
INSERT [dbo].[OrderOperation] ([Id], [Number], [IsApproved], [Status], [Comment], [Currency], [TaxIncluded], [Sum], [Tax], [IsCancelled], [CancelledDate], [CancelReason], [CreatedDate], [ModifiedDate], [CreatedBy], [ModifiedBy]) VALUES (N'40333a0b-cf7f-4f2b-8356-a61bc6ef464d', N'SH10505', 0, NULL, NULL, N'USD', 0, 10.0000, 0.0000, 0, NULL, NULL, CAST(N'2015-04-15 12:05:45.780' AS DateTime), NULL, N'frontend', NULL)
INSERT [dbo].[OrderOperation] ([Id], [Number], [IsApproved], [Status], [Comment], [Currency], [TaxIncluded], [Sum], [Tax], [IsCancelled], [CancelledDate], [CancelReason], [CreatedDate], [ModifiedDate], [CreatedBy], [ModifiedBy]) VALUES (N'421ecc71-b684-4bea-a638-c96a03a5c136', N'SH10525', 0, NULL, NULL, N'USD', 0, 10.0000, 0.0000, 0, NULL, NULL, CAST(N'2015-04-15 13:25:24.987' AS DateTime), NULL, N'frontend', NULL)
INSERT [dbo].[OrderOperation] ([Id], [Number], [IsApproved], [Status], [Comment], [Currency], [TaxIncluded], [Sum], [Tax], [IsCancelled], [CancelledDate], [CancelReason], [CreatedDate], [ModifiedDate], [CreatedBy], [ModifiedBy]) VALUES (N'46783724-911d-41a7-a538-4fbaf4bcdbb5', N'SH10544', 0, NULL, NULL, N'USD', 0, 10.0000, 0.0000, 0, NULL, NULL, CAST(N'2015-04-15 11:44:15.937' AS DateTime), NULL, N'frontend', NULL)
INSERT [dbo].[OrderOperation] ([Id], [Number], [IsApproved], [Status], [Comment], [Currency], [TaxIncluded], [Sum], [Tax], [IsCancelled], [CancelledDate], [CancelReason], [CreatedDate], [ModifiedDate], [CreatedBy], [ModifiedBy]) VALUES (N'48d7c84d-f03d-4998-9396-54d56f250f93', N'SH10543', 0, NULL, NULL, N'USD', 0, 10.0000, 0.0000, 0, NULL, NULL, CAST(N'2015-04-15 12:43:30.750' AS DateTime), NULL, N'frontend', NULL)
INSERT [dbo].[OrderOperation] ([Id], [Number], [IsApproved], [Status], [Comment], [Currency], [TaxIncluded], [Sum], [Tax], [IsCancelled], [CancelledDate], [CancelReason], [CreatedDate], [ModifiedDate], [CreatedBy], [ModifiedBy]) VALUES (N'4bf37720-9f5b-452d-a7c6-c79f313d7a29', N'PA10559', 0, NULL, NULL, N'USD', 0, 3607.0000, 0.0000, 0, NULL, NULL, CAST(N'2015-04-15 12:59:18.720' AS DateTime), NULL, N'frontend', NULL)
INSERT [dbo].[OrderOperation] ([Id], [Number], [IsApproved], [Status], [Comment], [Currency], [TaxIncluded], [Sum], [Tax], [IsCancelled], [CancelledDate], [CancelReason], [CreatedDate], [ModifiedDate], [CreatedBy], [ModifiedBy]) VALUES (N'505a28ee-6464-4ca2-85ee-4b9ca003d9ef', N'PA10511', 0, NULL, NULL, N'USD', 0, 207.9900, 0.0000, 0, NULL, NULL, CAST(N'2015-04-15 12:11:35.637' AS DateTime), NULL, N'frontend', NULL)
INSERT [dbo].[OrderOperation] ([Id], [Number], [IsApproved], [Status], [Comment], [Currency], [TaxIncluded], [Sum], [Tax], [IsCancelled], [CancelledDate], [CancelReason], [CreatedDate], [ModifiedDate], [CreatedBy], [ModifiedBy]) VALUES (N'533b1b0e-37a6-4bb9-97d0-5dfbaf17b897', N'PA10500', 0, NULL, NULL, N'USD', 0, 379.9800, 0.0000, 0, NULL, NULL, CAST(N'2015-04-15 12:00:02.763' AS DateTime), NULL, N'frontend', NULL)
INSERT [dbo].[OrderOperation] ([Id], [Number], [IsApproved], [Status], [Comment], [Currency], [TaxIncluded], [Sum], [Tax], [IsCancelled], [CancelledDate], [CancelReason], [CreatedDate], [ModifiedDate], [CreatedBy], [ModifiedBy]) VALUES (N'5a9457b6-b640-4796-9c40-c03b421a6c4c', N'CU10525', 0, NULL, NULL, N'USD', 0, 784.3800, 0.0000, 0, NULL, NULL, CAST(N'2015-04-15 13:25:24.987' AS DateTime), NULL, N'frontend', NULL)
INSERT [dbo].[OrderOperation] ([Id], [Number], [IsApproved], [Status], [Comment], [Currency], [TaxIncluded], [Sum], [Tax], [IsCancelled], [CancelledDate], [CancelReason], [CreatedDate], [ModifiedDate], [CreatedBy], [ModifiedBy]) VALUES (N'5c44f0cb-3b05-48fc-8d61-84fd4872d223', N'PA10512', 0, NULL, NULL, N'USD', 0, 1609.0000, 0.0000, 0, NULL, NULL, CAST(N'2015-04-15 12:12:11.070' AS DateTime), NULL, N'frontend', NULL)
INSERT [dbo].[OrderOperation] ([Id], [Number], [IsApproved], [Status], [Comment], [Currency], [TaxIncluded], [Sum], [Tax], [IsCancelled], [CancelledDate], [CancelReason], [CreatedDate], [ModifiedDate], [CreatedBy], [ModifiedBy]) VALUES (N'5eef2f05-780e-4c99-8488-72667739985d', N'CU10548', 1, N'Processing', NULL, N'USD', 0, 1961.5000, 0.0000, 0, NULL, NULL, CAST(N'2015-04-15 12:48:13.220' AS DateTime), CAST(N'2015-04-15 13:20:15.547' AS DateTime), N'admin', NULL)
INSERT [dbo].[OrderOperation] ([Id], [Number], [IsApproved], [Status], [Comment], [Currency], [TaxIncluded], [Sum], [Tax], [IsCancelled], [CancelledDate], [CancelReason], [CreatedDate], [ModifiedDate], [CreatedBy], [ModifiedBy]) VALUES (N'60c4d937-5ea2-449d-aebe-98c21db50ed2', N'PA10525', 0, NULL, NULL, N'USD', 0, 784.3800, 0.0000, 0, NULL, NULL, CAST(N'2015-04-15 13:25:24.987' AS DateTime), NULL, N'frontend', NULL)
INSERT [dbo].[OrderOperation] ([Id], [Number], [IsApproved], [Status], [Comment], [Currency], [TaxIncluded], [Sum], [Tax], [IsCancelled], [CancelledDate], [CancelReason], [CreatedDate], [ModifiedDate], [CreatedBy], [ModifiedBy]) VALUES (N'6526c7ea-64f2-4758-ab90-db922c303265', N'PA10544', 0, NULL, NULL, N'USD', 0, 1839.9600, 0.0000, 0, NULL, NULL, CAST(N'2015-04-15 11:44:15.937' AS DateTime), NULL, N'frontend', NULL)
INSERT [dbo].[OrderOperation] ([Id], [Number], [IsApproved], [Status], [Comment], [Currency], [TaxIncluded], [Sum], [Tax], [IsCancelled], [CancelledDate], [CancelReason], [CreatedDate], [ModifiedDate], [CreatedBy], [ModifiedBy]) VALUES (N'6ae32346-f78c-4348-a883-6fed1065f89c', N'PA10558', 0, NULL, NULL, N'USD', 0, 1555.0000, 0.0000, 0, NULL, NULL, CAST(N'2015-04-15 12:58:30.640' AS DateTime), NULL, N'frontend', NULL)
INSERT [dbo].[OrderOperation] ([Id], [Number], [IsApproved], [Status], [Comment], [Currency], [TaxIncluded], [Sum], [Tax], [IsCancelled], [CancelledDate], [CancelReason], [CreatedDate], [ModifiedDate], [CreatedBy], [ModifiedBy]) VALUES (N'73ed62d1-c473-400f-af42-24b86f90eda4', N'CU10559', 0, NULL, NULL, N'USD', 0, 3607.0000, 0.0000, 0, NULL, NULL, CAST(N'2015-04-15 12:59:18.720' AS DateTime), NULL, N'frontend', NULL)
INSERT [dbo].[OrderOperation] ([Id], [Number], [IsApproved], [Status], [Comment], [Currency], [TaxIncluded], [Sum], [Tax], [IsCancelled], [CancelledDate], [CancelReason], [CreatedDate], [ModifiedDate], [CreatedBy], [ModifiedBy]) VALUES (N'764c7f87-ba22-49a6-955f-1cab2161b9e6', N'CU10505', 0, NULL, NULL, N'USD', 0, 159.9900, 0.0000, 0, NULL, NULL, CAST(N'2015-04-15 12:05:45.780' AS DateTime), NULL, N'frontend', NULL)
INSERT [dbo].[OrderOperation] ([Id], [Number], [IsApproved], [Status], [Comment], [Currency], [TaxIncluded], [Sum], [Tax], [IsCancelled], [CancelledDate], [CancelReason], [CreatedDate], [ModifiedDate], [CreatedBy], [ModifiedBy]) VALUES (N'83018cc5-5c17-4f60-944b-259ff429606b', N'PA10543', 0, NULL, NULL, N'USD', 0, 388.5900, 0.0000, 0, NULL, NULL, CAST(N'2015-04-15 12:43:30.750' AS DateTime), NULL, N'frontend', NULL)
INSERT [dbo].[OrderOperation] ([Id], [Number], [IsApproved], [Status], [Comment], [Currency], [TaxIncluded], [Sum], [Tax], [IsCancelled], [CancelledDate], [CancelReason], [CreatedDate], [ModifiedDate], [CreatedBy], [ModifiedBy]) VALUES (N'8501b695-4a79-415c-9eaa-0859d4fc99a4', N'SH10558', 0, NULL, NULL, N'USD', 0, 10.0000, 0.0000, 0, NULL, NULL, CAST(N'2015-04-15 12:58:30.640' AS DateTime), NULL, N'frontend', NULL)
INSERT [dbo].[OrderOperation] ([Id], [Number], [IsApproved], [Status], [Comment], [Currency], [TaxIncluded], [Sum], [Tax], [IsCancelled], [CancelledDate], [CancelReason], [CreatedDate], [ModifiedDate], [CreatedBy], [ModifiedBy]) VALUES (N'8ca2f217-0b04-4ceb-bddf-b0dad99b3ba7', N'SH10519', 0, NULL, NULL, N'USD', 0, 10.0000, 0.0000, 0, NULL, NULL, CAST(N'2015-04-15 13:19:05.990' AS DateTime), NULL, N'frontend', NULL)
INSERT [dbo].[OrderOperation] ([Id], [Number], [IsApproved], [Status], [Comment], [Currency], [TaxIncluded], [Sum], [Tax], [IsCancelled], [CancelledDate], [CancelReason], [CreatedDate], [ModifiedDate], [CreatedBy], [ModifiedBy]) VALUES (N'94088c2f-5bfa-45a8-8868-611201b1e241', N'CU10545', 0, N'Cancelled', NULL, N'USD', 0, 259.0000, 0.0000, 0, NULL, NULL, CAST(N'2015-04-15 11:45:07.983' AS DateTime), CAST(N'2015-04-15 11:46:28.313' AS DateTime), N'admin', NULL)
INSERT [dbo].[OrderOperation] ([Id], [Number], [IsApproved], [Status], [Comment], [Currency], [TaxIncluded], [Sum], [Tax], [IsCancelled], [CancelledDate], [CancelReason], [CreatedDate], [ModifiedDate], [CreatedBy], [ModifiedBy]) VALUES (N'94f8ed41-c7e2-4893-a0d1-56d70bffea52', N'CU10547', 0, NULL, NULL, N'USD', 0, 2060.3100, 0.0000, 0, NULL, NULL, CAST(N'2015-04-15 12:47:37.617' AS DateTime), NULL, N'frontend', NULL)
INSERT [dbo].[OrderOperation] ([Id], [Number], [IsApproved], [Status], [Comment], [Currency], [TaxIncluded], [Sum], [Tax], [IsCancelled], [CancelledDate], [CancelReason], [CreatedDate], [ModifiedDate], [CreatedBy], [ModifiedBy]) VALUES (N'9654f491-ddff-4011-baf6-179381ff76db', N'CU10503', 0, NULL, NULL, N'USD', 0, 191.9400, 0.0000, 0, NULL, NULL, CAST(N'2015-04-15 13:03:31.767' AS DateTime), NULL, N'frontend', NULL)
INSERT [dbo].[OrderOperation] ([Id], [Number], [IsApproved], [Status], [Comment], [Currency], [TaxIncluded], [Sum], [Tax], [IsCancelled], [CancelledDate], [CancelReason], [CreatedDate], [ModifiedDate], [CreatedBy], [ModifiedBy]) VALUES (N'9cdc4633-18df-44df-9c39-3ac03ac642b9', N'PA10515', 0, NULL, NULL, N'USD', 0, 259.9800, 0.0000, 0, NULL, NULL, CAST(N'2015-04-15 13:15:39.473' AS DateTime), NULL, N'frontend', NULL)
INSERT [dbo].[OrderOperation] ([Id], [Number], [IsApproved], [Status], [Comment], [Currency], [TaxIncluded], [Sum], [Tax], [IsCancelled], [CancelledDate], [CancelReason], [CreatedDate], [ModifiedDate], [CreatedBy], [ModifiedBy]) VALUES (N'9e7fa8d8-2042-4082-a94d-e1bb00836516', N'PA10503', 0, NULL, NULL, N'USD', 0, 191.9400, 0.0000, 0, NULL, NULL, CAST(N'2015-04-15 13:03:31.767' AS DateTime), NULL, N'frontend', NULL)
INSERT [dbo].[OrderOperation] ([Id], [Number], [IsApproved], [Status], [Comment], [Currency], [TaxIncluded], [Sum], [Tax], [IsCancelled], [CancelledDate], [CancelReason], [CreatedDate], [ModifiedDate], [CreatedBy], [ModifiedBy]) VALUES (N'a1223169-1a28-4d6c-ac4a-7f419bff7220', N'SH10512', 0, NULL, NULL, N'USD', 0, 10.0000, 0.0000, 0, NULL, NULL, CAST(N'2015-04-15 12:12:11.070' AS DateTime), NULL, N'frontend', NULL)
INSERT [dbo].[OrderOperation] ([Id], [Number], [IsApproved], [Status], [Comment], [Currency], [TaxIncluded], [Sum], [Tax], [IsCancelled], [CancelledDate], [CancelReason], [CreatedDate], [ModifiedDate], [CreatedBy], [ModifiedBy]) VALUES (N'aa815ef7-d0f1-444e-bdf4-e215be14c3d1', N'CU10505', 1, N'Processing', NULL, N'USD', 0, 2060.0000, 0.0000, 0, NULL, NULL, CAST(N'2015-04-15 10:05:36.680' AS DateTime), CAST(N'2015-04-15 10:07:21.613' AS DateTime), N'admin', NULL)
INSERT [dbo].[OrderOperation] ([Id], [Number], [IsApproved], [Status], [Comment], [Currency], [TaxIncluded], [Sum], [Tax], [IsCancelled], [CancelledDate], [CancelReason], [CreatedDate], [ModifiedDate], [CreatedBy], [ModifiedBy]) VALUES (N'aeed3b35-3d2b-418a-b43a-df835ba1b4db', N'CU10544', 0, NULL, NULL, N'USD', 0, 1839.9600, 0.0000, 0, NULL, NULL, CAST(N'2015-04-15 11:44:15.937' AS DateTime), NULL, N'frontend', NULL)
INSERT [dbo].[OrderOperation] ([Id], [Number], [IsApproved], [Status], [Comment], [Currency], [TaxIncluded], [Sum], [Tax], [IsCancelled], [CancelledDate], [CancelReason], [CreatedDate], [ModifiedDate], [CreatedBy], [ModifiedBy]) VALUES (N'b0f0ce36-86cf-4432-bb20-cba04d293043', N'CU10537', 0, NULL, NULL, N'USD', 0, 589.9900, 0.0000, 0, NULL, NULL, CAST(N'2015-04-15 11:37:04.807' AS DateTime), NULL, N'frontend', NULL)
INSERT [dbo].[OrderOperation] ([Id], [Number], [IsApproved], [Status], [Comment], [Currency], [TaxIncluded], [Sum], [Tax], [IsCancelled], [CancelledDate], [CancelReason], [CreatedDate], [ModifiedDate], [CreatedBy], [ModifiedBy]) VALUES (N'b7d35edf-97e6-43e1-b157-3045b4c225e7', N'SH10545', 0, NULL, NULL, N'USD', 0, 10.0000, 0.0000, 0, NULL, NULL, CAST(N'2015-04-15 11:45:07.983' AS DateTime), NULL, N'frontend', NULL)
INSERT [dbo].[OrderOperation] ([Id], [Number], [IsApproved], [Status], [Comment], [Currency], [TaxIncluded], [Sum], [Tax], [IsCancelled], [CancelledDate], [CancelReason], [CreatedDate], [ModifiedDate], [CreatedBy], [ModifiedBy]) VALUES (N'bc8a5821-9e57-47d8-a93e-434babfbffd3', N'PA10505', 0, NULL, NULL, N'USD', 0, 159.9900, 0.0000, 0, NULL, NULL, CAST(N'2015-04-15 12:05:45.780' AS DateTime), NULL, N'frontend', NULL)
INSERT [dbo].[OrderOperation] ([Id], [Number], [IsApproved], [Status], [Comment], [Currency], [TaxIncluded], [Sum], [Tax], [IsCancelled], [CancelledDate], [CancelReason], [CreatedDate], [ModifiedDate], [CreatedBy], [ModifiedBy]) VALUES (N'bf0ae1b7-1e44-4cde-964d-fd7fc65e39f9', N'SH10511', 0, NULL, NULL, N'USD', 0, 10.0000, 0.0000, 0, NULL, NULL, CAST(N'2015-04-15 12:11:35.637' AS DateTime), NULL, N'frontend', NULL)
INSERT [dbo].[OrderOperation] ([Id], [Number], [IsApproved], [Status], [Comment], [Currency], [TaxIncluded], [Sum], [Tax], [IsCancelled], [CancelledDate], [CancelReason], [CreatedDate], [ModifiedDate], [CreatedBy], [ModifiedBy]) VALUES (N'c1c293bf-46bb-41a3-81e4-5a183374e31e', N'CU10505', 1, N'Completed', NULL, N'USD', 0, 1070.9700, 0.0000, 0, NULL, NULL, CAST(N'2015-04-15 12:05:18.583' AS DateTime), CAST(N'2015-04-15 12:13:22.037' AS DateTime), N'admin', NULL)
INSERT [dbo].[OrderOperation] ([Id], [Number], [IsApproved], [Status], [Comment], [Currency], [TaxIncluded], [Sum], [Tax], [IsCancelled], [CancelledDate], [CancelReason], [CreatedDate], [ModifiedDate], [CreatedBy], [ModifiedBy]) VALUES (N'c7684364-8007-4e3e-b874-f067c2ec53c5', N'SH10533', 0, NULL, NULL, N'USD', 0, 10.0000, 0.0000, 0, NULL, NULL, CAST(N'2015-04-15 11:33:33.553' AS DateTime), NULL, N'frontend', NULL)
INSERT [dbo].[OrderOperation] ([Id], [Number], [IsApproved], [Status], [Comment], [Currency], [TaxIncluded], [Sum], [Tax], [IsCancelled], [CancelledDate], [CancelReason], [CreatedDate], [ModifiedDate], [CreatedBy], [ModifiedBy]) VALUES (N'c9171f88-eb2d-4193-91f7-196c4a000960', N'CU10511', 1, N'Processing', NULL, N'USD', 0, 207.9900, 0.0000, 0, NULL, NULL, CAST(N'2015-04-15 12:11:35.637' AS DateTime), CAST(N'2015-04-15 13:19:56.293' AS DateTime), N'admin', NULL)
INSERT [dbo].[OrderOperation] ([Id], [Number], [IsApproved], [Status], [Comment], [Currency], [TaxIncluded], [Sum], [Tax], [IsCancelled], [CancelledDate], [CancelReason], [CreatedDate], [ModifiedDate], [CreatedBy], [ModifiedBy]) VALUES (N'cc3b348d-8338-43cc-b01f-c1cb886736f3', N'SH10537', 0, NULL, NULL, N'USD', 0, 10.0000, 0.0000, 0, NULL, NULL, CAST(N'2015-04-15 11:37:04.807' AS DateTime), NULL, N'frontend', NULL)
INSERT [dbo].[OrderOperation] ([Id], [Number], [IsApproved], [Status], [Comment], [Currency], [TaxIncluded], [Sum], [Tax], [IsCancelled], [CancelledDate], [CancelReason], [CreatedDate], [ModifiedDate], [CreatedBy], [ModifiedBy]) VALUES (N'ce000457-cc1e-4a91-93aa-a43b2701d127', N'SH10506', 0, NULL, NULL, N'USD', 0, 10.0000, 0.0000, 0, NULL, NULL, CAST(N'2015-04-15 13:06:49.907' AS DateTime), NULL, N'frontend', NULL)
INSERT [dbo].[OrderOperation] ([Id], [Number], [IsApproved], [Status], [Comment], [Currency], [TaxIncluded], [Sum], [Tax], [IsCancelled], [CancelledDate], [CancelReason], [CreatedDate], [ModifiedDate], [CreatedBy], [ModifiedBy]) VALUES (N'd0665e79-037c-4551-951a-e65e596cd1af', N'PA10526', 0, NULL, NULL, N'USD', 0, 579.9900, 0.0000, 0, NULL, NULL, CAST(N'2015-04-15 12:26:19.407' AS DateTime), NULL, N'frontend', NULL)
INSERT [dbo].[OrderOperation] ([Id], [Number], [IsApproved], [Status], [Comment], [Currency], [TaxIncluded], [Sum], [Tax], [IsCancelled], [CancelledDate], [CancelReason], [CreatedDate], [ModifiedDate], [CreatedBy], [ModifiedBy]) VALUES (N'd30d1e35-5f40-4ac9-aff5-605b8c9470be', N'SH10548', 0, NULL, NULL, N'USD', 0, 10.0000, 0.0000, 0, NULL, NULL, CAST(N'2015-04-15 12:48:13.220' AS DateTime), NULL, N'frontend', NULL)
INSERT [dbo].[OrderOperation] ([Id], [Number], [IsApproved], [Status], [Comment], [Currency], [TaxIncluded], [Sum], [Tax], [IsCancelled], [CancelledDate], [CancelReason], [CreatedDate], [ModifiedDate], [CreatedBy], [ModifiedBy]) VALUES (N'd3b8f146-197f-424a-b1a9-9027ad96d02f', N'PA10547', 0, NULL, NULL, N'USD', 0, 2060.3100, 0.0000, 0, NULL, NULL, CAST(N'2015-04-15 12:47:37.617' AS DateTime), NULL, N'frontend', NULL)
INSERT [dbo].[OrderOperation] ([Id], [Number], [IsApproved], [Status], [Comment], [Currency], [TaxIncluded], [Sum], [Tax], [IsCancelled], [CancelledDate], [CancelReason], [CreatedDate], [ModifiedDate], [CreatedBy], [ModifiedBy]) VALUES (N'd403a8d5-1804-4a34-8923-d42d95cd49e1', N'PA10548', 0, NULL, NULL, N'USD', 0, 1961.5000, 0.0000, 0, NULL, NULL, CAST(N'2015-04-15 12:48:13.220' AS DateTime), NULL, N'frontend', NULL)
INSERT [dbo].[OrderOperation] ([Id], [Number], [IsApproved], [Status], [Comment], [Currency], [TaxIncluded], [Sum], [Tax], [IsCancelled], [CancelledDate], [CancelReason], [CreatedDate], [ModifiedDate], [CreatedBy], [ModifiedBy]) VALUES (N'd6f85f06-ccfe-425b-ba99-e0c9017be355', N'CU10519', 0, NULL, NULL, N'USD', 0, 759.9900, 0.0000, 0, NULL, NULL, CAST(N'2015-04-15 13:19:05.990' AS DateTime), NULL, N'frontend', NULL)
INSERT [dbo].[OrderOperation] ([Id], [Number], [IsApproved], [Status], [Comment], [Currency], [TaxIncluded], [Sum], [Tax], [IsCancelled], [CancelledDate], [CancelReason], [CreatedDate], [ModifiedDate], [CreatedBy], [ModifiedBy]) VALUES (N'd78013f7-b7ae-4bdb-a16a-78788e4a34a5', N'PA10506', 0, NULL, NULL, N'USD', 0, 1009.0000, 0.0000, 0, NULL, NULL, CAST(N'2015-04-15 13:06:49.907' AS DateTime), NULL, N'frontend', NULL)
INSERT [dbo].[OrderOperation] ([Id], [Number], [IsApproved], [Status], [Comment], [Currency], [TaxIncluded], [Sum], [Tax], [IsCancelled], [CancelledDate], [CancelReason], [CreatedDate], [ModifiedDate], [CreatedBy], [ModifiedBy]) VALUES (N'd98185d2-715e-4342-a58a-5902701366a3', N'CU10526', 0, NULL, NULL, N'USD', 0, 579.9900, 0.0000, 0, NULL, NULL, CAST(N'2015-04-15 12:26:19.407' AS DateTime), NULL, N'frontend', NULL)
INSERT [dbo].[OrderOperation] ([Id], [Number], [IsApproved], [Status], [Comment], [Currency], [TaxIncluded], [Sum], [Tax], [IsCancelled], [CancelledDate], [CancelReason], [CreatedDate], [ModifiedDate], [CreatedBy], [ModifiedBy]) VALUES (N'f458f40f-fd03-439e-87ff-55c81efbdebc', N'SH10526', 0, NULL, NULL, N'USD', 0, 10.0000, 0.0000, 0, NULL, NULL, CAST(N'2015-04-15 12:26:19.407' AS DateTime), NULL, N'frontend', NULL)
INSERT [dbo].[OrderOperation] ([Id], [Number], [IsApproved], [Status], [Comment], [Currency], [TaxIncluded], [Sum], [Tax], [IsCancelled], [CancelledDate], [CancelReason], [CreatedDate], [ModifiedDate], [CreatedBy], [ModifiedBy]) VALUES (N'f6717913-7950-402f-a631-8a2179254d65', N'CU10512', 1, N'Completed', NULL, N'USD', 0, 1609.0000, 0.0000, 0, NULL, NULL, CAST(N'2015-04-15 12:12:11.070' AS DateTime), CAST(N'2015-04-15 13:20:04.593' AS DateTime), N'admin', NULL)
INSERT [dbo].[OrderOperation] ([Id], [Number], [IsApproved], [Status], [Comment], [Currency], [TaxIncluded], [Sum], [Tax], [IsCancelled], [CancelledDate], [CancelReason], [CreatedDate], [ModifiedDate], [CreatedBy], [ModifiedBy]) VALUES (N'fa1e9393-e843-4e01-b45e-c6b5db578ade', N'SH10500', 0, NULL, NULL, N'USD', 0, 10.0000, 0.0000, 0, NULL, NULL, CAST(N'2015-04-15 12:00:02.763' AS DateTime), NULL, N'frontend', NULL)
INSERT [dbo].[OrderOperation] ([Id], [Number], [IsApproved], [Status], [Comment], [Currency], [TaxIncluded], [Sum], [Tax], [IsCancelled], [CancelledDate], [CancelReason], [CreatedDate], [ModifiedDate], [CreatedBy], [ModifiedBy]) VALUES (N'fd49413b-cb7d-4a05-9c7f-90f6c1897dde', N'CU10558', 1, N'Processing', NULL, N'USD', 0, 1555.0000, 0.0000, 0, NULL, NULL, CAST(N'2015-04-15 12:58:30.640' AS DateTime), CAST(N'2015-04-15 13:19:33.997' AS DateTime), N'admin', NULL)
INSERT [dbo].[CustomerOrder] ([Id], [CustomerId], [StoreId], [ChannelId], [OrganizationId], [EmployeeId]) VALUES (N'0d7d2551-151c-4fa5-8879-40c760159762', N'3ff08d40-94aa-4a17-b68d-048d455f2c55', N'samplestore', NULL, NULL, NULL)
INSERT [dbo].[CustomerOrder] ([Id], [CustomerId], [StoreId], [ChannelId], [OrganizationId], [EmployeeId]) VALUES (N'21343fd7-3428-4929-bb93-49564fbf0411', N'503b103b-b66c-4be4-a316-8c7669cb7b65', N'samplestore', NULL, NULL, NULL)
INSERT [dbo].[CustomerOrder] ([Id], [CustomerId], [StoreId], [ChannelId], [OrganizationId], [EmployeeId]) VALUES (N'35f7d702-5933-4936-b246-5088c34c1b14', N'7a274779-47c9-4e0d-9aad-8242f3d6f9de', N'samplestore', NULL, NULL, NULL)
INSERT [dbo].[CustomerOrder] ([Id], [CustomerId], [StoreId], [ChannelId], [OrganizationId], [EmployeeId]) VALUES (N'3bcf0426-618a-48bd-9895-fd8dd480aaa9', N'4920a6b5-0f18-491d-9688-f42a5787fe18', N'samplestore', NULL, NULL, NULL)
INSERT [dbo].[CustomerOrder] ([Id], [CustomerId], [StoreId], [ChannelId], [OrganizationId], [EmployeeId]) VALUES (N'3cb6be13-e299-45cd-b530-06dc61ef7f5e', N'1dff76f6-ce0f-453f-bfcd-9342b4c53c0a', N'samplestore', NULL, NULL, NULL)
INSERT [dbo].[CustomerOrder] ([Id], [CustomerId], [StoreId], [ChannelId], [OrganizationId], [EmployeeId]) VALUES (N'5a9457b6-b640-4796-9c40-c03b421a6c4c', N'7efda5d7-1769-4ef3-9b1d-f16a05640c2f', N'samplestore', NULL, NULL, NULL)
INSERT [dbo].[CustomerOrder] ([Id], [CustomerId], [StoreId], [ChannelId], [OrganizationId], [EmployeeId]) VALUES (N'5eef2f05-780e-4c99-8488-72667739985d', N'29ec4f12-06f8-4853-9cea-537e9d64aa5b', N'samplestore', NULL, NULL, NULL)
INSERT [dbo].[CustomerOrder] ([Id], [CustomerId], [StoreId], [ChannelId], [OrganizationId], [EmployeeId]) VALUES (N'73ed62d1-c473-400f-af42-24b86f90eda4', N'ec937b75-4eff-4697-9a41-9f73b666a6ab', N'samplestore', NULL, NULL, NULL)
INSERT [dbo].[CustomerOrder] ([Id], [CustomerId], [StoreId], [ChannelId], [OrganizationId], [EmployeeId]) VALUES (N'764c7f87-ba22-49a6-955f-1cab2161b9e6', N'81ed139a-5c41-4bf0-a98a-add33f7ce79c', N'samplestore', NULL, NULL, NULL)
INSERT [dbo].[CustomerOrder] ([Id], [CustomerId], [StoreId], [ChannelId], [OrganizationId], [EmployeeId]) VALUES (N'94088c2f-5bfa-45a8-8868-611201b1e241', N'80d13ffc-8ddc-4add-a714-78617252461a', N'samplestore', NULL, NULL, NULL)
INSERT [dbo].[CustomerOrder] ([Id], [CustomerId], [StoreId], [ChannelId], [OrganizationId], [EmployeeId]) VALUES (N'94f8ed41-c7e2-4893-a0d1-56d70bffea52', N'29ec4f12-06f8-4853-9cea-537e9d64aa5b', N'samplestore', NULL, NULL, NULL)
INSERT [dbo].[CustomerOrder] ([Id], [CustomerId], [StoreId], [ChannelId], [OrganizationId], [EmployeeId]) VALUES (N'9654f491-ddff-4011-baf6-179381ff76db', N'aa1c5efa-ad24-4d3d-b9b6-6bfa9a0208dd', N'samplestore', NULL, NULL, NULL)
INSERT [dbo].[CustomerOrder] ([Id], [CustomerId], [StoreId], [ChannelId], [OrganizationId], [EmployeeId]) VALUES (N'aa815ef7-d0f1-444e-bdf4-e215be14c3d1', N'16c5d8fa-d658-4c8d-b89d-8dab08b1d518', N'SampleStore', NULL, NULL, NULL)
INSERT [dbo].[CustomerOrder] ([Id], [CustomerId], [StoreId], [ChannelId], [OrganizationId], [EmployeeId]) VALUES (N'aeed3b35-3d2b-418a-b43a-df835ba1b4db', N'80d13ffc-8ddc-4add-a714-78617252461a', N'samplestore', NULL, NULL, NULL)
INSERT [dbo].[CustomerOrder] ([Id], [CustomerId], [StoreId], [ChannelId], [OrganizationId], [EmployeeId]) VALUES (N'b0f0ce36-86cf-4432-bb20-cba04d293043', N'8d4e5b2c-da99-4684-8261-57b918ee97a5', N'samplestore', NULL, NULL, NULL)
INSERT [dbo].[CustomerOrder] ([Id], [CustomerId], [StoreId], [ChannelId], [OrganizationId], [EmployeeId]) VALUES (N'c1c293bf-46bb-41a3-81e4-5a183374e31e', N'81ed139a-5c41-4bf0-a98a-add33f7ce79c', N'samplestore', NULL, NULL, NULL)
INSERT [dbo].[CustomerOrder] ([Id], [CustomerId], [StoreId], [ChannelId], [OrganizationId], [EmployeeId]) VALUES (N'c9171f88-eb2d-4193-91f7-196c4a000960', N'42a1d6b8-8015-4ec5-83cd-7f59d6d5ae9a', N'samplestore', NULL, NULL, NULL)
INSERT [dbo].[CustomerOrder] ([Id], [CustomerId], [StoreId], [ChannelId], [OrganizationId], [EmployeeId]) VALUES (N'd6f85f06-ccfe-425b-ba99-e0c9017be355', N'7efda5d7-1769-4ef3-9b1d-f16a05640c2f', N'samplestore', NULL, NULL, NULL)
INSERT [dbo].[CustomerOrder] ([Id], [CustomerId], [StoreId], [ChannelId], [OrganizationId], [EmployeeId]) VALUES (N'd98185d2-715e-4342-a58a-5902701366a3', N'7afa8d79-3915-4323-a46b-99532a0a2c7a', N'samplestore', NULL, NULL, NULL)
INSERT [dbo].[CustomerOrder] ([Id], [CustomerId], [StoreId], [ChannelId], [OrganizationId], [EmployeeId]) VALUES (N'f6717913-7950-402f-a631-8a2179254d65', N'42a1d6b8-8015-4ec5-83cd-7f59d6d5ae9a', N'samplestore', NULL, NULL, NULL)
INSERT [dbo].[CustomerOrder] ([Id], [CustomerId], [StoreId], [ChannelId], [OrganizationId], [EmployeeId]) VALUES (N'fd49413b-cb7d-4a05-9c7f-90f6c1897dde', N'ec937b75-4eff-4697-9a41-9f73b666a6ab', N'samplestore', NULL, NULL, NULL)
INSERT [dbo].[OrderShipment] ([Id], [OrganizationId], [FulfillmentCenterId], [EmployeeId], [ShipmentMethodCode], [WeightUnit], [WeightValue], [VolumetricWeight], [DimensionUnit], [DimensionHeight], [DimensionLength], [DimensionWidth], [CustomerOrderId]) VALUES (N'0270f71d-742b-484f-aeba-975f830bcb4d', NULL, NULL, NULL, NULL, NULL, NULL, NULL, NULL, NULL, NULL, NULL, N'c1c293bf-46bb-41a3-81e4-5a183374e31e')
INSERT [dbo].[OrderShipment] ([Id], [OrganizationId], [FulfillmentCenterId], [EmployeeId], [ShipmentMethodCode], [WeightUnit], [WeightValue], [VolumetricWeight], [DimensionUnit], [DimensionHeight], [DimensionLength], [DimensionWidth], [CustomerOrderId]) VALUES (N'167474df-b375-4a73-bc17-24006f976d40', NULL, NULL, NULL, NULL, NULL, NULL, NULL, NULL, NULL, NULL, NULL, N'aa815ef7-d0f1-444e-bdf4-e215be14c3d1')
INSERT [dbo].[OrderShipment] ([Id], [OrganizationId], [FulfillmentCenterId], [EmployeeId], [ShipmentMethodCode], [WeightUnit], [WeightValue], [VolumetricWeight], [DimensionUnit], [DimensionHeight], [DimensionLength], [DimensionWidth], [CustomerOrderId]) VALUES (N'18db620d-2c9d-4ff7-9c7a-67577c4e1ed4', NULL, NULL, NULL, NULL, NULL, NULL, NULL, NULL, NULL, NULL, NULL, N'9654f491-ddff-4011-baf6-179381ff76db')
INSERT [dbo].[OrderShipment] ([Id], [OrganizationId], [FulfillmentCenterId], [EmployeeId], [ShipmentMethodCode], [WeightUnit], [WeightValue], [VolumetricWeight], [DimensionUnit], [DimensionHeight], [DimensionLength], [DimensionWidth], [CustomerOrderId]) VALUES (N'19c40d81-ee89-408b-9850-1a1316348fdb', NULL, NULL, NULL, NULL, NULL, NULL, NULL, NULL, NULL, NULL, NULL, N'0d7d2551-151c-4fa5-8879-40c760159762')
INSERT [dbo].[OrderShipment] ([Id], [OrganizationId], [FulfillmentCenterId], [EmployeeId], [ShipmentMethodCode], [WeightUnit], [WeightValue], [VolumetricWeight], [DimensionUnit], [DimensionHeight], [DimensionLength], [DimensionWidth], [CustomerOrderId]) VALUES (N'1c03d581-9ddb-49e0-ba5b-bc6bda75a5c4', NULL, NULL, NULL, NULL, NULL, NULL, NULL, NULL, NULL, NULL, NULL, N'73ed62d1-c473-400f-af42-24b86f90eda4')
INSERT [dbo].[OrderShipment] ([Id], [OrganizationId], [FulfillmentCenterId], [EmployeeId], [ShipmentMethodCode], [WeightUnit], [WeightValue], [VolumetricWeight], [DimensionUnit], [DimensionHeight], [DimensionLength], [DimensionWidth], [CustomerOrderId]) VALUES (N'3cdb85c7-f23a-4ecc-9493-4cb0e3d855d0', NULL, NULL, NULL, NULL, NULL, NULL, NULL, NULL, NULL, NULL, NULL, N'94f8ed41-c7e2-4893-a0d1-56d70bffea52')
INSERT [dbo].[OrderShipment] ([Id], [OrganizationId], [FulfillmentCenterId], [EmployeeId], [ShipmentMethodCode], [WeightUnit], [WeightValue], [VolumetricWeight], [DimensionUnit], [DimensionHeight], [DimensionLength], [DimensionWidth], [CustomerOrderId]) VALUES (N'40333a0b-cf7f-4f2b-8356-a61bc6ef464d', NULL, NULL, NULL, NULL, NULL, NULL, NULL, NULL, NULL, NULL, NULL, N'764c7f87-ba22-49a6-955f-1cab2161b9e6')
INSERT [dbo].[OrderShipment] ([Id], [OrganizationId], [FulfillmentCenterId], [EmployeeId], [ShipmentMethodCode], [WeightUnit], [WeightValue], [VolumetricWeight], [DimensionUnit], [DimensionHeight], [DimensionLength], [DimensionWidth], [CustomerOrderId]) VALUES (N'421ecc71-b684-4bea-a638-c96a03a5c136', NULL, NULL, NULL, NULL, NULL, NULL, NULL, NULL, NULL, NULL, NULL, N'5a9457b6-b640-4796-9c40-c03b421a6c4c')
INSERT [dbo].[OrderShipment] ([Id], [OrganizationId], [FulfillmentCenterId], [EmployeeId], [ShipmentMethodCode], [WeightUnit], [WeightValue], [VolumetricWeight], [DimensionUnit], [DimensionHeight], [DimensionLength], [DimensionWidth], [CustomerOrderId]) VALUES (N'46783724-911d-41a7-a538-4fbaf4bcdbb5', NULL, NULL, NULL, NULL, NULL, NULL, NULL, NULL, NULL, NULL, NULL, N'aeed3b35-3d2b-418a-b43a-df835ba1b4db')
INSERT [dbo].[OrderShipment] ([Id], [OrganizationId], [FulfillmentCenterId], [EmployeeId], [ShipmentMethodCode], [WeightUnit], [WeightValue], [VolumetricWeight], [DimensionUnit], [DimensionHeight], [DimensionLength], [DimensionWidth], [CustomerOrderId]) VALUES (N'48d7c84d-f03d-4998-9396-54d56f250f93', NULL, NULL, NULL, NULL, NULL, NULL, NULL, NULL, NULL, NULL, NULL, N'35f7d702-5933-4936-b246-5088c34c1b14')
INSERT [dbo].[OrderShipment] ([Id], [OrganizationId], [FulfillmentCenterId], [EmployeeId], [ShipmentMethodCode], [WeightUnit], [WeightValue], [VolumetricWeight], [DimensionUnit], [DimensionHeight], [DimensionLength], [DimensionWidth], [CustomerOrderId]) VALUES (N'8501b695-4a79-415c-9eaa-0859d4fc99a4', NULL, NULL, NULL, NULL, NULL, NULL, NULL, NULL, NULL, NULL, NULL, N'fd49413b-cb7d-4a05-9c7f-90f6c1897dde')
INSERT [dbo].[OrderShipment] ([Id], [OrganizationId], [FulfillmentCenterId], [EmployeeId], [ShipmentMethodCode], [WeightUnit], [WeightValue], [VolumetricWeight], [DimensionUnit], [DimensionHeight], [DimensionLength], [DimensionWidth], [CustomerOrderId]) VALUES (N'8ca2f217-0b04-4ceb-bddf-b0dad99b3ba7', NULL, NULL, NULL, NULL, NULL, NULL, NULL, NULL, NULL, NULL, NULL, N'd6f85f06-ccfe-425b-ba99-e0c9017be355')
INSERT [dbo].[OrderShipment] ([Id], [OrganizationId], [FulfillmentCenterId], [EmployeeId], [ShipmentMethodCode], [WeightUnit], [WeightValue], [VolumetricWeight], [DimensionUnit], [DimensionHeight], [DimensionLength], [DimensionWidth], [CustomerOrderId]) VALUES (N'a1223169-1a28-4d6c-ac4a-7f419bff7220', NULL, NULL, NULL, NULL, NULL, NULL, NULL, NULL, NULL, NULL, NULL, N'f6717913-7950-402f-a631-8a2179254d65')
INSERT [dbo].[OrderShipment] ([Id], [OrganizationId], [FulfillmentCenterId], [EmployeeId], [ShipmentMethodCode], [WeightUnit], [WeightValue], [VolumetricWeight], [DimensionUnit], [DimensionHeight], [DimensionLength], [DimensionWidth], [CustomerOrderId]) VALUES (N'b7d35edf-97e6-43e1-b157-3045b4c225e7', NULL, NULL, NULL, NULL, NULL, NULL, NULL, NULL, NULL, NULL, NULL, N'94088c2f-5bfa-45a8-8868-611201b1e241')
INSERT [dbo].[OrderShipment] ([Id], [OrganizationId], [FulfillmentCenterId], [EmployeeId], [ShipmentMethodCode], [WeightUnit], [WeightValue], [VolumetricWeight], [DimensionUnit], [DimensionHeight], [DimensionLength], [DimensionWidth], [CustomerOrderId]) VALUES (N'bf0ae1b7-1e44-4cde-964d-fd7fc65e39f9', NULL, NULL, NULL, NULL, NULL, NULL, NULL, NULL, NULL, NULL, NULL, N'c9171f88-eb2d-4193-91f7-196c4a000960')
INSERT [dbo].[OrderShipment] ([Id], [OrganizationId], [FulfillmentCenterId], [EmployeeId], [ShipmentMethodCode], [WeightUnit], [WeightValue], [VolumetricWeight], [DimensionUnit], [DimensionHeight], [DimensionLength], [DimensionWidth], [CustomerOrderId]) VALUES (N'c7684364-8007-4e3e-b874-f067c2ec53c5', NULL, NULL, NULL, NULL, NULL, NULL, NULL, NULL, NULL, NULL, NULL, N'3bcf0426-618a-48bd-9895-fd8dd480aaa9')
INSERT [dbo].[OrderShipment] ([Id], [OrganizationId], [FulfillmentCenterId], [EmployeeId], [ShipmentMethodCode], [WeightUnit], [WeightValue], [VolumetricWeight], [DimensionUnit], [DimensionHeight], [DimensionLength], [DimensionWidth], [CustomerOrderId]) VALUES (N'cc3b348d-8338-43cc-b01f-c1cb886736f3', NULL, NULL, NULL, NULL, NULL, NULL, NULL, NULL, NULL, NULL, NULL, N'b0f0ce36-86cf-4432-bb20-cba04d293043')
INSERT [dbo].[OrderShipment] ([Id], [OrganizationId], [FulfillmentCenterId], [EmployeeId], [ShipmentMethodCode], [WeightUnit], [WeightValue], [VolumetricWeight], [DimensionUnit], [DimensionHeight], [DimensionLength], [DimensionWidth], [CustomerOrderId]) VALUES (N'ce000457-cc1e-4a91-93aa-a43b2701d127', NULL, NULL, NULL, NULL, NULL, NULL, NULL, NULL, NULL, NULL, NULL, N'3cb6be13-e299-45cd-b530-06dc61ef7f5e')
INSERT [dbo].[OrderShipment] ([Id], [OrganizationId], [FulfillmentCenterId], [EmployeeId], [ShipmentMethodCode], [WeightUnit], [WeightValue], [VolumetricWeight], [DimensionUnit], [DimensionHeight], [DimensionLength], [DimensionWidth], [CustomerOrderId]) VALUES (N'd30d1e35-5f40-4ac9-aff5-605b8c9470be', NULL, NULL, NULL, NULL, NULL, NULL, NULL, NULL, NULL, NULL, NULL, N'5eef2f05-780e-4c99-8488-72667739985d')
INSERT [dbo].[OrderShipment] ([Id], [OrganizationId], [FulfillmentCenterId], [EmployeeId], [ShipmentMethodCode], [WeightUnit], [WeightValue], [VolumetricWeight], [DimensionUnit], [DimensionHeight], [DimensionLength], [DimensionWidth], [CustomerOrderId]) VALUES (N'f458f40f-fd03-439e-87ff-55c81efbdebc', NULL, NULL, NULL, NULL, NULL, NULL, NULL, NULL, NULL, NULL, NULL, N'd98185d2-715e-4342-a58a-5902701366a3')
INSERT [dbo].[OrderShipment] ([Id], [OrganizationId], [FulfillmentCenterId], [EmployeeId], [ShipmentMethodCode], [WeightUnit], [WeightValue], [VolumetricWeight], [DimensionUnit], [DimensionHeight], [DimensionLength], [DimensionWidth], [CustomerOrderId]) VALUES (N'fa1e9393-e843-4e01-b45e-c6b5db578ade', NULL, NULL, NULL, NULL, NULL, NULL, NULL, NULL, NULL, NULL, NULL, N'21343fd7-3428-4929-bb93-49564fbf0411')
INSERT [dbo].[OrderPaymentIn] ([Id], [OrganizationId], [CustomerId], [IncomingDate], [OuterId], [Purpose], [GatewayCode], [CustomerOrderId], [ShipmentId]) VALUES (N'08b79799-1d97-4a1b-99b7-6d8550f41c20', NULL, N'16c5d8fa-d658-4c8d-b89d-8dab08b1d518', NULL, N'', NULL, NULL, N'aa815ef7-d0f1-444e-bdf4-e215be14c3d1', NULL)
INSERT [dbo].[OrderPaymentIn] ([Id], [OrganizationId], [CustomerId], [IncomingDate], [OuterId], [Purpose], [GatewayCode], [CustomerOrderId], [ShipmentId]) VALUES (N'0b98716b-e54f-4316-bc15-ef4c58e30329', NULL, N'80d13ffc-8ddc-4add-a714-78617252461a', NULL, N'', NULL, NULL, N'94088c2f-5bfa-45a8-8868-611201b1e241', NULL)
INSERT [dbo].[OrderPaymentIn] ([Id], [OrganizationId], [CustomerId], [IncomingDate], [OuterId], [Purpose], [GatewayCode], [CustomerOrderId], [ShipmentId]) VALUES (N'23203968-ba33-42e8-9693-8d6d52ebb0ed', NULL, N'81ed139a-5c41-4bf0-a98a-add33f7ce79c', NULL, N'', NULL, NULL, N'c1c293bf-46bb-41a3-81e4-5a183374e31e', NULL)
INSERT [dbo].[OrderPaymentIn] ([Id], [OrganizationId], [CustomerId], [IncomingDate], [OuterId], [Purpose], [GatewayCode], [CustomerOrderId], [ShipmentId]) VALUES (N'2783f3e6-d2b7-4faf-be37-7f7fa88e6f68', NULL, N'8d4e5b2c-da99-4684-8261-57b918ee97a5', NULL, N'', NULL, NULL, N'b0f0ce36-86cf-4432-bb20-cba04d293043', NULL)
INSERT [dbo].[OrderPaymentIn] ([Id], [OrganizationId], [CustomerId], [IncomingDate], [OuterId], [Purpose], [GatewayCode], [CustomerOrderId], [ShipmentId]) VALUES (N'2a793d56-8b82-49b3-8f56-992322110a0d', NULL, N'4920a6b5-0f18-491d-9688-f42a5787fe18', NULL, N'', NULL, NULL, N'3bcf0426-618a-48bd-9895-fd8dd480aaa9', NULL)
INSERT [dbo].[OrderPaymentIn] ([Id], [OrganizationId], [CustomerId], [IncomingDate], [OuterId], [Purpose], [GatewayCode], [CustomerOrderId], [ShipmentId]) VALUES (N'3f9ce406-3f2d-4703-b306-1e7eed855e1e', NULL, N'7efda5d7-1769-4ef3-9b1d-f16a05640c2f', NULL, N'', NULL, NULL, N'd6f85f06-ccfe-425b-ba99-e0c9017be355', NULL)
INSERT [dbo].[OrderPaymentIn] ([Id], [OrganizationId], [CustomerId], [IncomingDate], [OuterId], [Purpose], [GatewayCode], [CustomerOrderId], [ShipmentId]) VALUES (N'4bf37720-9f5b-452d-a7c6-c79f313d7a29', NULL, N'ec937b75-4eff-4697-9a41-9f73b666a6ab', NULL, N'', NULL, NULL, N'73ed62d1-c473-400f-af42-24b86f90eda4', NULL)
INSERT [dbo].[OrderPaymentIn] ([Id], [OrganizationId], [CustomerId], [IncomingDate], [OuterId], [Purpose], [GatewayCode], [CustomerOrderId], [ShipmentId]) VALUES (N'505a28ee-6464-4ca2-85ee-4b9ca003d9ef', NULL, N'42a1d6b8-8015-4ec5-83cd-7f59d6d5ae9a', NULL, N'', NULL, NULL, N'c9171f88-eb2d-4193-91f7-196c4a000960', NULL)
INSERT [dbo].[OrderPaymentIn] ([Id], [OrganizationId], [CustomerId], [IncomingDate], [OuterId], [Purpose], [GatewayCode], [CustomerOrderId], [ShipmentId]) VALUES (N'533b1b0e-37a6-4bb9-97d0-5dfbaf17b897', NULL, N'503b103b-b66c-4be4-a316-8c7669cb7b65', NULL, N'', NULL, NULL, N'21343fd7-3428-4929-bb93-49564fbf0411', NULL)
INSERT [dbo].[OrderPaymentIn] ([Id], [OrganizationId], [CustomerId], [IncomingDate], [OuterId], [Purpose], [GatewayCode], [CustomerOrderId], [ShipmentId]) VALUES (N'5c44f0cb-3b05-48fc-8d61-84fd4872d223', NULL, N'42a1d6b8-8015-4ec5-83cd-7f59d6d5ae9a', NULL, N'', NULL, NULL, N'f6717913-7950-402f-a631-8a2179254d65', NULL)
INSERT [dbo].[OrderPaymentIn] ([Id], [OrganizationId], [CustomerId], [IncomingDate], [OuterId], [Purpose], [GatewayCode], [CustomerOrderId], [ShipmentId]) VALUES (N'60c4d937-5ea2-449d-aebe-98c21db50ed2', NULL, N'7efda5d7-1769-4ef3-9b1d-f16a05640c2f', NULL, N'', NULL, NULL, N'5a9457b6-b640-4796-9c40-c03b421a6c4c', NULL)
INSERT [dbo].[OrderPaymentIn] ([Id], [OrganizationId], [CustomerId], [IncomingDate], [OuterId], [Purpose], [GatewayCode], [CustomerOrderId], [ShipmentId]) VALUES (N'6526c7ea-64f2-4758-ab90-db922c303265', NULL, N'80d13ffc-8ddc-4add-a714-78617252461a', NULL, N'', NULL, NULL, N'aeed3b35-3d2b-418a-b43a-df835ba1b4db', NULL)
INSERT [dbo].[OrderPaymentIn] ([Id], [OrganizationId], [CustomerId], [IncomingDate], [OuterId], [Purpose], [GatewayCode], [CustomerOrderId], [ShipmentId]) VALUES (N'6ae32346-f78c-4348-a883-6fed1065f89c', NULL, N'ec937b75-4eff-4697-9a41-9f73b666a6ab', NULL, N'', NULL, NULL, N'fd49413b-cb7d-4a05-9c7f-90f6c1897dde', NULL)
INSERT [dbo].[OrderPaymentIn] ([Id], [OrganizationId], [CustomerId], [IncomingDate], [OuterId], [Purpose], [GatewayCode], [CustomerOrderId], [ShipmentId]) VALUES (N'83018cc5-5c17-4f60-944b-259ff429606b', NULL, N'7a274779-47c9-4e0d-9aad-8242f3d6f9de', NULL, N'', NULL, NULL, N'35f7d702-5933-4936-b246-5088c34c1b14', NULL)
INSERT [dbo].[OrderPaymentIn] ([Id], [OrganizationId], [CustomerId], [IncomingDate], [OuterId], [Purpose], [GatewayCode], [CustomerOrderId], [ShipmentId]) VALUES (N'9cdc4633-18df-44df-9c39-3ac03ac642b9', NULL, N'3ff08d40-94aa-4a17-b68d-048d455f2c55', NULL, N'', NULL, NULL, N'0d7d2551-151c-4fa5-8879-40c760159762', NULL)
INSERT [dbo].[OrderPaymentIn] ([Id], [OrganizationId], [CustomerId], [IncomingDate], [OuterId], [Purpose], [GatewayCode], [CustomerOrderId], [ShipmentId]) VALUES (N'9e7fa8d8-2042-4082-a94d-e1bb00836516', NULL, N'aa1c5efa-ad24-4d3d-b9b6-6bfa9a0208dd', NULL, N'', NULL, NULL, N'9654f491-ddff-4011-baf6-179381ff76db', NULL)
INSERT [dbo].[OrderPaymentIn] ([Id], [OrganizationId], [CustomerId], [IncomingDate], [OuterId], [Purpose], [GatewayCode], [CustomerOrderId], [ShipmentId]) VALUES (N'bc8a5821-9e57-47d8-a93e-434babfbffd3', NULL, N'81ed139a-5c41-4bf0-a98a-add33f7ce79c', NULL, N'', NULL, NULL, N'764c7f87-ba22-49a6-955f-1cab2161b9e6', NULL)
INSERT [dbo].[OrderPaymentIn] ([Id], [OrganizationId], [CustomerId], [IncomingDate], [OuterId], [Purpose], [GatewayCode], [CustomerOrderId], [ShipmentId]) VALUES (N'd0665e79-037c-4551-951a-e65e596cd1af', NULL, N'7afa8d79-3915-4323-a46b-99532a0a2c7a', NULL, N'', NULL, NULL, N'd98185d2-715e-4342-a58a-5902701366a3', NULL)
INSERT [dbo].[OrderPaymentIn] ([Id], [OrganizationId], [CustomerId], [IncomingDate], [OuterId], [Purpose], [GatewayCode], [CustomerOrderId], [ShipmentId]) VALUES (N'd3b8f146-197f-424a-b1a9-9027ad96d02f', NULL, N'29ec4f12-06f8-4853-9cea-537e9d64aa5b', NULL, N'', NULL, NULL, N'94f8ed41-c7e2-4893-a0d1-56d70bffea52', NULL)
INSERT [dbo].[OrderPaymentIn] ([Id], [OrganizationId], [CustomerId], [IncomingDate], [OuterId], [Purpose], [GatewayCode], [CustomerOrderId], [ShipmentId]) VALUES (N'd403a8d5-1804-4a34-8923-d42d95cd49e1', NULL, N'29ec4f12-06f8-4853-9cea-537e9d64aa5b', NULL, N'', NULL, NULL, N'5eef2f05-780e-4c99-8488-72667739985d', NULL)
INSERT [dbo].[OrderPaymentIn] ([Id], [OrganizationId], [CustomerId], [IncomingDate], [OuterId], [Purpose], [GatewayCode], [CustomerOrderId], [ShipmentId]) VALUES (N'd78013f7-b7ae-4bdb-a16a-78788e4a34a5', NULL, N'1dff76f6-ce0f-453f-bfcd-9342b4c53c0a', NULL, N'', NULL, NULL, N'3cb6be13-e299-45cd-b530-06dc61ef7f5e', NULL)
INSERT [dbo].[OrderLineItem] ([Id], [Currency], [BasePrice], [Price], [DiscountAmount], [Tax], [Quantity], [ProductId], [CatalogId], [CategoryId], [Name], [Comment], [IsReccuring], [ImageUrl], [IsGift], [ShippingMethodCode], [FulfilmentLocationCode], [CustomerOrderId], [ShipmentId], [CreatedDate], [ModifiedDate], [CreatedBy], [ModifiedBy]) VALUES (N'086ff06f-d1f0-43f9-9ff6-ce9f758663bf', N'0', 0.0000, 189.0000, 0.0000, 0.0000, 1, N'v-b0000u9h40', N'fake', N'fake', N'Apple iBook Laptop 12.1" M9164LL/A (800-MHz PowerPC G4, 256 MB RAM, 30 GB Hard Drive, DVD/CD-RW Drive)', NULL, 0, N'http://virtotest.blob.core.windows.net/catalog/v-b0000u9h40/duvys6pfdussotu9xqhx-g.jpg', 0, NULL, NULL, N'3bcf0426-618a-48bd-9895-fd8dd480aaa9', NULL, CAST(N'2015-04-15 11:33:33.553' AS DateTime), NULL, N'frontend', NULL)
INSERT [dbo].[OrderLineItem] ([Id], [Currency], [BasePrice], [Price], [DiscountAmount], [Tax], [Quantity], [ProductId], [CatalogId], [CategoryId], [Name], [Comment], [IsReccuring], [ImageUrl], [IsGift], [ShippingMethodCode], [FulfilmentLocationCode], [CustomerOrderId], [ShipmentId], [CreatedDate], [ModifiedDate], [CreatedBy], [ModifiedBy]) VALUES (N'0ac4df28-4737-447d-8610-b0fd67017217', N'0', 0.0000, 149.9900, 0.0000, 0.0000, 1, N'v-b000068ilf', N'fake', N'fake', N'Samsung SmartMedia 128MB Smart Media Digital Flash Memory Storage Card', NULL, 0, N'http://virtotest.blob.core.windows.net/catalog/v-b000068ilf/7sikzrjz0eg1lf1cmnj9qa.jpg', 0, NULL, NULL, N'764c7f87-ba22-49a6-955f-1cab2161b9e6', NULL, CAST(N'2015-04-15 12:05:45.780' AS DateTime), NULL, N'frontend', NULL)
INSERT [dbo].[OrderLineItem] ([Id], [Currency], [BasePrice], [Price], [DiscountAmount], [Tax], [Quantity], [ProductId], [CatalogId], [CategoryId], [Name], [Comment], [IsReccuring], [ImageUrl], [IsGift], [ShippingMethodCode], [FulfilmentLocationCode], [CustomerOrderId], [ShipmentId], [CreatedDate], [ModifiedDate], [CreatedBy], [ModifiedBy]) VALUES (N'0b2a14ad-c5bc-4b8c-980c-3d94c7d922f4', N'0', 0.0000, 999.0000, 0.0000, 0.0000, 1, N'v-b005pcqgzq', N'fake', N'fake', N'Sony BRAVIA KDL46EX521 46-Inch Integrated WiFi 1080p LED HDTV, Black Skype', NULL, 0, N'http://virtotest.blob.core.windows.net/catalog/v-b005pcqgzq/_j6kyy1izeextvwjuxuxjq.jpg', 0, NULL, NULL, N'3cb6be13-e299-45cd-b530-06dc61ef7f5e', NULL, CAST(N'2015-04-15 13:06:49.907' AS DateTime), NULL, N'frontend', NULL)
INSERT [dbo].[OrderLineItem] ([Id], [Currency], [BasePrice], [Price], [DiscountAmount], [Tax], [Quantity], [ProductId], [CatalogId], [CategoryId], [Name], [Comment], [IsReccuring], [ImageUrl], [IsGift], [ShippingMethodCode], [FulfilmentLocationCode], [CustomerOrderId], [ShipmentId], [CreatedDate], [ModifiedDate], [CreatedBy], [ModifiedBy]) VALUES (N'12fb5dcb-3183-41aa-8b71-c3de0b8426ae', N'0', 0.0000, 74.3900, 0.0000, 0.0000, 1, N'v-b003f8uwv6', N'fake', N'fake', N'Sony 16 GB PRO-HG Duo HX Memory Stick MSHX16A (Black)', NULL, 0, N'http://virtotest.blob.core.windows.net/catalog/v-b003f8uwv6/svtspp3jkegbhcbntriugw.jpg', 0, NULL, NULL, N'5a9457b6-b640-4796-9c40-c03b421a6c4c', NULL, CAST(N'2015-04-15 13:25:24.987' AS DateTime), NULL, N'frontend', NULL)
INSERT [dbo].[OrderLineItem] ([Id], [Currency], [BasePrice], [Price], [DiscountAmount], [Tax], [Quantity], [ProductId], [CatalogId], [CategoryId], [Name], [Comment], [IsReccuring], [ImageUrl], [IsGift], [ShippingMethodCode], [FulfilmentLocationCode], [CustomerOrderId], [ShipmentId], [CreatedDate], [ModifiedDate], [CreatedBy], [ModifiedBy]) VALUES (N'1bba8cee-4c41-4e5e-be6b-0af30580885d', N'0', 0.0000, 1499.0000, 0.0000, 0.0000, 1, N'v-b001cghh98', N'fake', N'fake', N'Apple iBook Laptop, G4 iBook 1.33GHz Processor, 1GB, 40GB, 12.1" 1024x768 Display, Combo Drive ,WiFi, 56K Modem ,10/100 Ethernet , Bluetooth, OS X 10.5 installed, Refurbished', NULL, 0, N'http://virtotest.blob.core.windows.net/catalog/v-b001cghh98/yxkiltj1rumf_6avtq34ag.jpg', 0, NULL, NULL, N'73ed62d1-c473-400f-af42-24b86f90eda4', NULL, CAST(N'2015-04-15 12:59:18.720' AS DateTime), NULL, N'frontend', NULL)
INSERT [dbo].[OrderLineItem] ([Id], [Currency], [BasePrice], [Price], [DiscountAmount], [Tax], [Quantity], [ProductId], [CatalogId], [CategoryId], [Name], [Comment], [IsReccuring], [ImageUrl], [IsGift], [ShippingMethodCode], [FulfilmentLocationCode], [CustomerOrderId], [ShipmentId], [CreatedDate], [ModifiedDate], [CreatedBy], [ModifiedBy]) VALUES (N'29ef7692-45df-4ddc-a950-4294b81e8c7d', N'0', 0.0000, 1599.0000, 0.0000, 0.0000, 1, N'v-b0013flu96', N'fake', N'fake', N'Apple MacBook Pro MB133LL/A 15.4-inch Laptop (OLD VERSION)', NULL, 0, N'http://virtotest.blob.core.windows.net/catalog/v-b0013flu96/w6at4y7nfkutztbhyebkna.jpg', 0, NULL, NULL, N'f6717913-7950-402f-a631-8a2179254d65', NULL, CAST(N'2015-04-15 12:12:11.070' AS DateTime), NULL, N'frontend', NULL)
INSERT [dbo].[OrderLineItem] ([Id], [Currency], [BasePrice], [Price], [DiscountAmount], [Tax], [Quantity], [ProductId], [CatalogId], [CategoryId], [Name], [Comment], [IsReccuring], [ImageUrl], [IsGift], [ShippingMethodCode], [FulfilmentLocationCode], [CustomerOrderId], [ShipmentId], [CreatedDate], [ModifiedDate], [CreatedBy], [ModifiedBy]) VALUES (N'358ede63-0f40-4cc1-8a39-cea942437164', N'0', 0.0000, 1899.9900, 0.0000, 0.0000, 1, N'v-b004mn3ez4', N'fake', N'fake', N'Samsung PN51D7000 51-Inch 1080p 600 Hz 3D Plasma HDTV (Black)', NULL, 0, N'http://virtotest.blob.core.windows.net/catalog/v-b004mn3ez4/fy_hltdafk-wig1oflxlww.jpg', 0, NULL, NULL, N'94f8ed41-c7e2-4893-a0d1-56d70bffea52', NULL, CAST(N'2015-04-15 12:47:37.617' AS DateTime), NULL, N'frontend', NULL)
INSERT [dbo].[OrderLineItem] ([Id], [Currency], [BasePrice], [Price], [DiscountAmount], [Tax], [Quantity], [ProductId], [CatalogId], [CategoryId], [Name], [Comment], [IsReccuring], [ImageUrl], [IsGift], [ShippingMethodCode], [FulfilmentLocationCode], [CustomerOrderId], [ShipmentId], [CreatedDate], [ModifiedDate], [CreatedBy], [ModifiedBy]) VALUES (N'3d3ccd64-18cf-4ca2-b9d2-67d4ec5dc60b', N'0', 0.0000, 328.0000, 0.0000, 0.0000, 1, N'v-b004hyfx0c', N'fake', N'fake', N'Sony Cyber-shot DSC-HX9V 16.2 MP Exmor R CMOS Digital Still Camera with 16x Optical Zoom G Lens, 3D Sweep Panorama and Full HD 1080/60p Video', NULL, 0, N'http://virtotest.blob.core.windows.net/catalog/v-b004hyfx0c/qxamr3w1nkyxtgjaodjx6w.jpg', 0, NULL, NULL, N'35f7d702-5933-4936-b246-5088c34c1b14', NULL, CAST(N'2015-04-15 12:43:30.750' AS DateTime), NULL, N'frontend', NULL)
INSERT [dbo].[OrderLineItem] ([Id], [Currency], [BasePrice], [Price], [DiscountAmount], [Tax], [Quantity], [ProductId], [CatalogId], [CategoryId], [Name], [Comment], [IsReccuring], [ImageUrl], [IsGift], [ShippingMethodCode], [FulfilmentLocationCode], [CustomerOrderId], [ShipmentId], [CreatedDate], [ModifiedDate], [CreatedBy], [ModifiedBy]) VALUES (N'586a1d49-c707-487e-858e-14adc135044b', N'0', 0.0000, 319.9900, 0.0000, 0.0000, 1, N'v-b004tptx0u', N'fake', N'fake', N'Samsung T23A350 23-Inch Class LED HDTV/Monitor Combo (Black)', NULL, 0, N'http://virtotest.blob.core.windows.net/catalog/v-b004tptx0u/krawul1970ccrftiysaluw.jpg', 0, NULL, NULL, N'21343fd7-3428-4929-bb93-49564fbf0411', NULL, CAST(N'2015-04-15 12:00:02.763' AS DateTime), NULL, N'frontend', NULL)
INSERT [dbo].[OrderLineItem] ([Id], [Currency], [BasePrice], [Price], [DiscountAmount], [Tax], [Quantity], [ProductId], [CatalogId], [CategoryId], [Name], [Comment], [IsReccuring], [ImageUrl], [IsGift], [ShippingMethodCode], [FulfilmentLocationCode], [CustomerOrderId], [ShipmentId], [CreatedDate], [ModifiedDate], [CreatedBy], [ModifiedBy]) VALUES (N'5ff090e7-8bad-4955-8a7d-cafd63df79fe', N'0', 0.0000, 149.9900, 0.0000, 0.0000, 1, N'v-b000068ilf', N'fake', N'fake', N'Samsung SmartMedia 128MB Smart Media Digital Flash Memory Storage Card', NULL, 0, N'http://virtotest.blob.core.windows.net/catalog/v-b000068ilf/7sikzrjz0eg1lf1cmnj9qa.jpg', 0, NULL, NULL, N'aeed3b35-3d2b-418a-b43a-df835ba1b4db', NULL, CAST(N'2015-04-15 11:44:15.937' AS DateTime), NULL, N'frontend', NULL)
INSERT [dbo].[OrderLineItem] ([Id], [Currency], [BasePrice], [Price], [DiscountAmount], [Tax], [Quantity], [ProductId], [CatalogId], [CategoryId], [Name], [Comment], [IsReccuring], [ImageUrl], [IsGift], [ShippingMethodCode], [FulfilmentLocationCode], [CustomerOrderId], [ShipmentId], [CreatedDate], [ModifiedDate], [CreatedBy], [ModifiedBy]) VALUES (N'5ff94a5d-d744-4368-bd56-baf37317d710', N'0', 0.0000, 249.0000, 25.0000, 0.0000, 1, N'v-b001f7ahy6', N'fake', N'fake', N'Apple iPod classic 160 GB Silver (7th Generation) NEWEST MODEL', NULL, 0, N'http://virtotest.blob.core.windows.net/catalog/v-b001f7ahy6/bbwbiedhr06k-lwdq1ebbq.jpg', 0, NULL, NULL, N'94088c2f-5bfa-45a8-8868-611201b1e241', NULL, CAST(N'2015-04-15 11:45:07.983' AS DateTime), CAST(N'2015-04-15 11:47:01.323' AS DateTime), N'admin', NULL)
INSERT [dbo].[OrderLineItem] ([Id], [Currency], [BasePrice], [Price], [DiscountAmount], [Tax], [Quantity], [ProductId], [CatalogId], [CategoryId], [Name], [Comment], [IsReccuring], [ImageUrl], [IsGift], [ShippingMethodCode], [FulfilmentLocationCode], [CustomerOrderId], [ShipmentId], [CreatedDate], [ModifiedDate], [CreatedBy], [ModifiedBy]) VALUES (N'6cb66049-f8e8-44ef-bcc8-d78a0d077f7e', N'0', 0.0000, 169.9900, 0.0000, 0.0000, 1, N'v-b000bl5ypy', N'fake', N'fake', N'Samsung YP-T7JZ 1 GB Digital Audio Player with FM Tuner & Recorder', NULL, 0, N'http://virtotest.blob.core.windows.net/catalog/v-b000bl5ypy/8mbgrj-sbk2oerdh7qcchq.jpg', 0, NULL, NULL, N'0d7d2551-151c-4fa5-8879-40c760159762', NULL, CAST(N'2015-04-15 13:15:39.473' AS DateTime), NULL, N'frontend', NULL)
INSERT [dbo].[OrderLineItem] ([Id], [Currency], [BasePrice], [Price], [DiscountAmount], [Tax], [Quantity], [ProductId], [CatalogId], [CategoryId], [Name], [Comment], [IsReccuring], [ImageUrl], [IsGift], [ShippingMethodCode], [FulfilmentLocationCode], [CustomerOrderId], [ShipmentId], [CreatedDate], [ModifiedDate], [CreatedBy], [ModifiedBy]) VALUES (N'6d0e8932-e706-4567-ae05-045a1b9b5ff1', N'0', 0.0000, 699.9900, 0.0000, 0.0000, 1, N'v-b005ihaiha', N'fake', N'fake', N'Sony NEX-5N 16.1 MP Compact Interchangeable Lens Touchscreen Camera With 18-55mm Lens (Silver)', NULL, 0, N'http://virtotest.blob.core.windows.net/catalog/v-b005ihaiha/nfbww1ic_uca3dtdtkmytw.jpg', 0, NULL, NULL, N'5a9457b6-b640-4796-9c40-c03b421a6c4c', NULL, CAST(N'2015-04-15 13:25:24.987' AS DateTime), NULL, N'frontend', NULL)
INSERT [dbo].[OrderLineItem] ([Id], [Currency], [BasePrice], [Price], [DiscountAmount], [Tax], [Quantity], [ProductId], [CatalogId], [CategoryId], [Name], [Comment], [IsReccuring], [ImageUrl], [IsGift], [ShippingMethodCode], [FulfilmentLocationCode], [CustomerOrderId], [ShipmentId], [CreatedDate], [ModifiedDate], [CreatedBy], [ModifiedBy]) VALUES (N'6e750339-a56c-4dc7-87c7-ab5a109a3726', N'0', 0.0000, 179.9900, 0.0000, 0.0000, 1, N'v-b000ph8xt8', N'fake', N'fake', N'Samsung YP-K3JQR K3 2 GB Slim Portable Media Player (Red)', NULL, 0, N'http://virtotest.blob.core.windows.net/catalog/v-b000ph8xt8/bz8kkrddu0ezaepupgwhva.jpg', 0, NULL, NULL, N'aeed3b35-3d2b-418a-b43a-df835ba1b4db', NULL, CAST(N'2015-04-15 11:44:15.937' AS DateTime), NULL, N'frontend', NULL)
INSERT [dbo].[OrderLineItem] ([Id], [Currency], [BasePrice], [Price], [DiscountAmount], [Tax], [Quantity], [ProductId], [CatalogId], [CategoryId], [Name], [Comment], [IsReccuring], [ImageUrl], [IsGift], [ShippingMethodCode], [FulfilmentLocationCode], [CustomerOrderId], [ShipmentId], [CreatedDate], [ModifiedDate], [CreatedBy], [ModifiedBy]) VALUES (N'753fb929-3202-4de5-9486-1cdc2bededb0', N'0', 0.0000, 49.9900, 0.0000, 0.0000, 1, N'v-b0007pn5ms', N'fake', N'fake', N'Sony DVD-R 16x Recordable DVD (4.7GB) - 100 Disc Spindle', NULL, 0, N'http://virtotest.blob.core.windows.net/catalog/v-b0007pn5ms/6fcnptkpx0iinx53-cvtbw.jpg', 0, NULL, NULL, N'21343fd7-3428-4929-bb93-49564fbf0411', NULL, CAST(N'2015-04-15 12:00:02.763' AS DateTime), NULL, N'frontend', NULL)
INSERT [dbo].[OrderLineItem] ([Id], [Currency], [BasePrice], [Price], [DiscountAmount], [Tax], [Quantity], [ProductId], [CatalogId], [CategoryId], [Name], [Comment], [IsReccuring], [ImageUrl], [IsGift], [ShippingMethodCode], [FulfilmentLocationCode], [CustomerOrderId], [ShipmentId], [CreatedDate], [ModifiedDate], [CreatedBy], [ModifiedBy]) VALUES (N'84897337-3649-4090-a929-ce62afc78a2a', N'0', 0.0000, 179.9900, 0.0000, 0.0000, 1, N'v-b0035efzpi', N'fake', N'fake', N'Samsung TL205 12 Megapixel Digital Camera with 3x Optical Zoom, Dual LCD Screens, Smart Auto, Digital Image Stabilization, Silver', NULL, 0, N'http://virtotest.blob.core.windows.net/catalog/v-b0035efzpi/mhmacfx9juwakn-ceorgng.jpg', 0, NULL, NULL, N'c1c293bf-46bb-41a3-81e4-5a183374e31e', NULL, CAST(N'2015-04-15 12:05:18.583' AS DateTime), NULL, N'frontend', NULL)
INSERT [dbo].[OrderLineItem] ([Id], [Currency], [BasePrice], [Price], [DiscountAmount], [Tax], [Quantity], [ProductId], [CatalogId], [CategoryId], [Name], [Comment], [IsReccuring], [ImageUrl], [IsGift], [ShippingMethodCode], [FulfilmentLocationCode], [CustomerOrderId], [ShipmentId], [CreatedDate], [ModifiedDate], [CreatedBy], [ModifiedBy]) VALUES (N'912df89e-1746-45a9-9c7b-139f70383583', N'0', 0.0000, 199.9900, 0.0000, 0.0000, 1, N'v-b0007m610y', N'fake', N'fake', N'Samsung YP-MT6Z 1 GB Digital Audio Player Silver', NULL, 0, N'http://virtotest.blob.core.windows.net/catalog/v-b0007m610y/hdmlj3gam0iei2-bzzl84g.jpg', 0, NULL, NULL, N'aeed3b35-3d2b-418a-b43a-df835ba1b4db', NULL, CAST(N'2015-04-15 11:44:15.937' AS DateTime), NULL, N'frontend', NULL)
INSERT [dbo].[OrderLineItem] ([Id], [Currency], [BasePrice], [Price], [DiscountAmount], [Tax], [Quantity], [ProductId], [CatalogId], [CategoryId], [Name], [Comment], [IsReccuring], [ImageUrl], [IsGift], [ShippingMethodCode], [FulfilmentLocationCode], [CustomerOrderId], [ShipmentId], [CreatedDate], [ModifiedDate], [CreatedBy], [ModifiedBy]) VALUES (N'924f0d9e-26fb-4902-a8ef-abf466a4ad2f', N'0', 0.0000, 150.3200, 0.0000, 0.0000, 1, N'v-b005kq2pyi', N'fake', N'fake', N'Samsung YP-R2 8GB R2 Toledo MP3 HD Player - Black', NULL, 0, N'http://virtotest.blob.core.windows.net/catalog/v-b005kq2pyi/7qgtq9ukkeu6mu9-nqztfw.jpg', 0, NULL, NULL, N'94f8ed41-c7e2-4893-a0d1-56d70bffea52', NULL, CAST(N'2015-04-15 12:47:37.617' AS DateTime), NULL, N'frontend', NULL)
INSERT [dbo].[OrderLineItem] ([Id], [Currency], [BasePrice], [Price], [DiscountAmount], [Tax], [Quantity], [ProductId], [CatalogId], [CategoryId], [Name], [Comment], [IsReccuring], [ImageUrl], [IsGift], [ShippingMethodCode], [FulfilmentLocationCode], [CustomerOrderId], [ShipmentId], [CreatedDate], [ModifiedDate], [CreatedBy], [ModifiedBy]) VALUES (N'9c895ef6-60d2-43bc-9643-1b2a5809dbd5', N'0', 0.0000, 429.0000, 0.0000, 0.0000, 1, N'v-b004h8fnd0', N'fake', N'fake', N'Sony Cyber-Shot DSC-HX100V 16.2 MP Exmor R CMOS Digital Still Camera with Carl Zeiss Vario-Tessar 30x Optical Zoom Lens and Full HD 1080 Video', NULL, 0, N'http://virtotest.blob.core.windows.net/catalog/v-b004h8fnd0/of8byjb5kkqeboud5sw-wq.jpg', 0, NULL, NULL, N'b0f0ce36-86cf-4432-bb20-cba04d293043', NULL, CAST(N'2015-04-15 11:37:04.807' AS DateTime), NULL, N'frontend', NULL)
INSERT [dbo].[OrderLineItem] ([Id], [Currency], [BasePrice], [Price], [DiscountAmount], [Tax], [Quantity], [ProductId], [CatalogId], [CategoryId], [Name], [Comment], [IsReccuring], [ImageUrl], [IsGift], [ShippingMethodCode], [FulfilmentLocationCode], [CustomerOrderId], [ShipmentId], [CreatedDate], [ModifiedDate], [CreatedBy], [ModifiedBy]) VALUES (N'9fe40ea2-b59c-4653-bdcf-1a51e53de2ba', N'0', 0.0000, 1299.9900, 0.0000, 0.0000, 1, N'v-b006kyy1au', N'fake', N'fake', N'Samsung Series 7 XE700T1A-A02US 11.6-Inch Slate (128GB, Win 7 Home Premium)', NULL, 0, N'http://virtotest.blob.core.windows.net/catalog/v-b006kyy1au/zxtzqer_r0khttvv8xbm4w.jpg', 0, NULL, NULL, N'aeed3b35-3d2b-418a-b43a-df835ba1b4db', NULL, CAST(N'2015-04-15 11:44:15.937' AS DateTime), NULL, N'frontend', NULL)
INSERT [dbo].[OrderLineItem] ([Id], [Currency], [BasePrice], [Price], [DiscountAmount], [Tax], [Quantity], [ProductId], [CatalogId], [CategoryId], [Name], [Comment], [IsReccuring], [ImageUrl], [IsGift], [ShippingMethodCode], [FulfilmentLocationCode], [CustomerOrderId], [ShipmentId], [CreatedDate], [ModifiedDate], [CreatedBy], [ModifiedBy]) VALUES (N'a396e92a-91b1-4a36-998c-30cd4f08a224', N'0', 0.0000, 1399.0000, 0.0000, 0.0000, 1, N'v-b000epjox0', N'fake', N'fake', N'Apple MacBook Pro MC724LL/A 13.3-Inch Laptop (OLD VERSION)', NULL, 0, N'http://virtotest.blob.core.windows.net/catalog/v-b000epjox0/sgfzoxlky0ovzepgjk2wjq.jpg', 0, NULL, NULL, N'73ed62d1-c473-400f-af42-24b86f90eda4', NULL, CAST(N'2015-04-15 12:59:18.720' AS DateTime), NULL, N'frontend', NULL)
INSERT [dbo].[OrderLineItem] ([Id], [Currency], [BasePrice], [Price], [DiscountAmount], [Tax], [Quantity], [ProductId], [CatalogId], [CategoryId], [Name], [Comment], [IsReccuring], [ImageUrl], [IsGift], [ShippingMethodCode], [FulfilmentLocationCode], [CustomerOrderId], [ShipmentId], [CreatedDate], [ModifiedDate], [CreatedBy], [ModifiedBy]) VALUES (N'a492c554-463e-4f52-9455-e4399b92b63a', N'0', 0.0000, 51.9900, 0.0000, 0.0000, 1, N'v-b0013az19g', N'fake', N'fake', N'Sony 8 GB Memory Stick PRO Duo Flash Memory Card MSMT8G', NULL, 0, N'http://virtotest.blob.core.windows.net/catalog/v-b0013az19g/bgdojgye9uejkunita1zfq.jpg', 0, NULL, NULL, N'9654f491-ddff-4011-baf6-179381ff76db', NULL, CAST(N'2015-04-15 13:03:31.767' AS DateTime), NULL, N'frontend', NULL)
INSERT [dbo].[OrderLineItem] ([Id], [Currency], [BasePrice], [Price], [DiscountAmount], [Tax], [Quantity], [ProductId], [CatalogId], [CategoryId], [Name], [Comment], [IsReccuring], [ImageUrl], [IsGift], [ShippingMethodCode], [FulfilmentLocationCode], [CustomerOrderId], [ShipmentId], [CreatedDate], [ModifiedDate], [CreatedBy], [ModifiedBy]) VALUES (N'a541da6e-4a1d-4ce9-a5c9-55f942f3250c', N'0', 0.0000, 149.9900, 0.0000, 0.0000, 1, N'v-b000068ilf', N'fake', N'fake', N'Samsung SmartMedia 128MB Smart Media Digital Flash Memory Storage Card', NULL, 0, N'http://virtotest.blob.core.windows.net/catalog/v-b000068ilf/7sikzrjz0eg1lf1cmnj9qa.jpg', 0, NULL, NULL, N'b0f0ce36-86cf-4432-bb20-cba04d293043', NULL, CAST(N'2015-04-15 11:37:04.807' AS DateTime), NULL, N'frontend', NULL)
INSERT [dbo].[OrderLineItem] ([Id], [Currency], [BasePrice], [Price], [DiscountAmount], [Tax], [Quantity], [ProductId], [CatalogId], [CategoryId], [Name], [Comment], [IsReccuring], [ImageUrl], [IsGift], [ShippingMethodCode], [FulfilmentLocationCode], [CustomerOrderId], [ShipmentId], [CreatedDate], [ModifiedDate], [CreatedBy], [ModifiedBy]) VALUES (N'b03d6d01-0d94-4672-8a2f-0cf3bcfff534', N'0', 0.0000, 675.0000, 0.0000, 0.0000, 1, N'v-b0035er1i2', N'fake', N'fake', N'Sony BRAVIA KDL-40EX500 Series 40-Inch LCD TV, Black', NULL, 0, N'http://virtotest.blob.core.windows.net/catalog/v-b0035er1i2/dy-zil87iusbmqleg9ridq.jpg', 0, NULL, NULL, N'c1c293bf-46bb-41a3-81e4-5a183374e31e', NULL, CAST(N'2015-04-15 12:05:18.583' AS DateTime), NULL, N'frontend', NULL)
INSERT [dbo].[OrderLineItem] ([Id], [Currency], [BasePrice], [Price], [DiscountAmount], [Tax], [Quantity], [ProductId], [CatalogId], [CategoryId], [Name], [Comment], [IsReccuring], [ImageUrl], [IsGift], [ShippingMethodCode], [FulfilmentLocationCode], [CustomerOrderId], [ShipmentId], [CreatedDate], [ModifiedDate], [CreatedBy], [ModifiedBy]) VALUES (N'b7034777-0b63-4695-9876-d8d0f82dd8fa', N'0', 0.0000, 2000.0000, 0.0000, 0.0000, 1, N'v-b004hyg9yg', N'fake', N'fake', N'Sony BRAVIA KDL60EX720 60-Inch 1080p 3D LED HDTV, Black', NULL, 0, N'http://virtotest.blob.core.windows.net/catalog/v-b004hyg9yg/bvbquzttkuetldbobtd23q.jpg', 0, NULL, NULL, N'aa815ef7-d0f1-444e-bdf4-e215be14c3d1', NULL, CAST(N'2015-04-15 10:05:36.680' AS DateTime), NULL, N'frontend', NULL)
INSERT [dbo].[OrderLineItem] ([Id], [Currency], [BasePrice], [Price], [DiscountAmount], [Tax], [Quantity], [ProductId], [CatalogId], [CategoryId], [Name], [Comment], [IsReccuring], [ImageUrl], [IsGift], [ShippingMethodCode], [FulfilmentLocationCode], [CustomerOrderId], [ShipmentId], [CreatedDate], [ModifiedDate], [CreatedBy], [ModifiedBy]) VALUES (N'b965f0db-95b8-459e-9f4b-33bdfce6816f', N'0', 0.0000, 699.0000, 0.0000, 0.0000, 1, N'v-b00365f6g4', N'fake', N'fake', N'Apple iPad (First Generation) MB294LL/A Tablet (64GB, Wifi)', NULL, 0, N'http://virtotest.blob.core.windows.net/catalog/v-b00365f6g4/0af33iaxiuks4dyt9qnd4q.jpg', 0, NULL, NULL, N'73ed62d1-c473-400f-af42-24b86f90eda4', NULL, CAST(N'2015-04-15 12:59:18.720' AS DateTime), NULL, N'frontend', NULL)
INSERT [dbo].[OrderLineItem] ([Id], [Currency], [BasePrice], [Price], [DiscountAmount], [Tax], [Quantity], [ProductId], [CatalogId], [CategoryId], [Name], [Comment], [IsReccuring], [ImageUrl], [IsGift], [ShippingMethodCode], [FulfilmentLocationCode], [CustomerOrderId], [ShipmentId], [CreatedDate], [ModifiedDate], [CreatedBy], [ModifiedBy]) VALUES (N'c03bd038-79e9-450a-9ca9-3d74f1eec61a', N'0', 0.0000, 128.0000, 0.0000, 0.0000, 1, N'v-b000pemoo6', N'fake', N'fake', N'Apple iBook G3 500Mhz 128MB 10Gb CDROM 12.1'''' OS X OFFICE 2004 Plus Upgraded Models Available', NULL, 0, N'http://virtotest.blob.core.windows.net/catalog/v-b000pemoo6/fjmpow4hquesrqoi8rpbbw.jpg', 0, NULL, NULL, N'c9171f88-eb2d-4193-91f7-196c4a000960', NULL, CAST(N'2015-04-15 12:11:35.637' AS DateTime), NULL, N'frontend', NULL)
INSERT [dbo].[OrderLineItem] ([Id], [Currency], [BasePrice], [Price], [DiscountAmount], [Tax], [Quantity], [ProductId], [CatalogId], [CategoryId], [Name], [Comment], [IsReccuring], [ImageUrl], [IsGift], [ShippingMethodCode], [FulfilmentLocationCode], [CustomerOrderId], [ShipmentId], [CreatedDate], [ModifiedDate], [CreatedBy], [ModifiedBy]) VALUES (N'c642ed42-a5c2-490d-9044-a27530a72b69', N'0', 0.0000, 169.9900, 0.0000, 0.0000, 1, N'v-b000bl5ypy', N'fake', N'fake', N'Samsung YP-T7JZ 1 GB Digital Audio Player with FM Tuner & Recorder', NULL, 0, N'http://virtotest.blob.core.windows.net/catalog/v-b000bl5ypy/8mbgrj-sbk2oerdh7qcchq.jpg', 0, NULL, NULL, N'c1c293bf-46bb-41a3-81e4-5a183374e31e', NULL, CAST(N'2015-04-15 12:05:18.583' AS DateTime), NULL, N'frontend', NULL)
INSERT [dbo].[OrderLineItem] ([Id], [Currency], [BasePrice], [Price], [DiscountAmount], [Tax], [Quantity], [ProductId], [CatalogId], [CategoryId], [Name], [Comment], [IsReccuring], [ImageUrl], [IsGift], [ShippingMethodCode], [FulfilmentLocationCode], [CustomerOrderId], [ShipmentId], [CreatedDate], [ModifiedDate], [CreatedBy], [ModifiedBy]) VALUES (N'c7460ed7-d5e7-47ad-9e73-6cf9f0857bcd', N'0', 0.0000, 749.9900, 0.0000, 0.0000, 1, N'v-b004cyeqf0', N'fake', N'fake', N'Samsung Galaxy Tab (AT&T)', NULL, 0, N'http://virtotest.blob.core.windows.net/catalog/v-b004cyeqf0/dfiwmohem0c-bdeeiawota.jpg', 0, NULL, NULL, N'd6f85f06-ccfe-425b-ba99-e0c9017be355', NULL, CAST(N'2015-04-15 13:19:05.990' AS DateTime), NULL, N'frontend', NULL)
INSERT [dbo].[OrderLineItem] ([Id], [Currency], [BasePrice], [Price], [DiscountAmount], [Tax], [Quantity], [ProductId], [CatalogId], [CategoryId], [Name], [Comment], [IsReccuring], [ImageUrl], [IsGift], [ShippingMethodCode], [FulfilmentLocationCode], [CustomerOrderId], [ShipmentId], [CreatedDate], [ModifiedDate], [CreatedBy], [ModifiedBy]) VALUES (N'c840f217-686f-4daa-9d16-a14b09f54a28', N'0', 0.0000, 50.0000, 0.0000, 0.0000, 1, N'v-b000b64i7e', N'fake', N'fake', N'Samsung 512 MB MP3 Player Digital Wear', NULL, 0, N'http://virtotest.blob.core.windows.net/catalog/v-b000b64i7e/f4fiarljveyff70grixtdq.jpg', 0, NULL, NULL, N'aa815ef7-d0f1-444e-bdf4-e215be14c3d1', NULL, CAST(N'2015-04-15 10:05:36.680' AS DateTime), NULL, N'frontend', NULL)
INSERT [dbo].[OrderLineItem] ([Id], [Currency], [BasePrice], [Price], [DiscountAmount], [Tax], [Quantity], [ProductId], [CatalogId], [CategoryId], [Name], [Comment], [IsReccuring], [ImageUrl], [IsGift], [ShippingMethodCode], [FulfilmentLocationCode], [CustomerOrderId], [ShipmentId], [CreatedDate], [ModifiedDate], [CreatedBy], [ModifiedBy]) VALUES (N'd50a7d25-44ce-4a1b-943e-cd5f36e9a1e1', N'0', 0.0000, 35.9900, 0.0000, 0.0000, 1, N'v-b000b64i7y', N'fake', N'fake', N'Samsung YP-T8X 512 MB Music & Movie Player', NULL, 0, N'http://virtotest.blob.core.windows.net/catalog/v-b000b64i7y/fo7gx9jveumghtph6iksvq.jpg', 0, NULL, NULL, N'c1c293bf-46bb-41a3-81e4-5a183374e31e', NULL, CAST(N'2015-04-15 12:05:18.583' AS DateTime), NULL, N'frontend', NULL)
INSERT [dbo].[OrderLineItem] ([Id], [Currency], [BasePrice], [Price], [DiscountAmount], [Tax], [Quantity], [ProductId], [CatalogId], [CategoryId], [Name], [Comment], [IsReccuring], [ImageUrl], [IsGift], [ShippingMethodCode], [FulfilmentLocationCode], [CustomerOrderId], [ShipmentId], [CreatedDate], [ModifiedDate], [CreatedBy], [ModifiedBy]) VALUES (N'd714a36a-ce21-47b7-9114-353f9fae82f4', N'0', 0.0000, 569.9900, 0.0000, 0.0000, 1, N'v-b005q0wdze', N'fake', N'fake', N'Samsung Galaxy GT-P7310MVGR (8.9-Inch Screen) 32GB Tablet - Metallic Gray', NULL, 0, N'http://virtotest.blob.core.windows.net/catalog/v-b005q0wdze/hqn9qx_on0-dqdv5zjgv0q.jpg', 0, NULL, NULL, N'd98185d2-715e-4342-a58a-5902701366a3', NULL, CAST(N'2015-04-15 12:26:19.407' AS DateTime), NULL, N'frontend', NULL)
INSERT [dbo].[OrderLineItem] ([Id], [Currency], [BasePrice], [Price], [DiscountAmount], [Tax], [Quantity], [ProductId], [CatalogId], [CategoryId], [Name], [Comment], [IsReccuring], [ImageUrl], [IsGift], [ShippingMethodCode], [FulfilmentLocationCode], [CustomerOrderId], [ShipmentId], [CreatedDate], [ModifiedDate], [CreatedBy], [ModifiedBy]) VALUES (N'dadd4d2e-2827-41e1-90f4-ee1b482eb812', N'0', 0.0000, 975.7500, 0.0000, 0.0000, 2, N'v-b005zg2sxq', N'fake', N'fake', N'Samsung Series 9 NP900X3A-B06 13.3-Inch Laptop', NULL, 0, N'http://virtotest.blob.core.windows.net/catalog/v-b005zg2sxq/itsampcvckwq3stkqmjjwg.jpg', 0, NULL, NULL, N'5eef2f05-780e-4c99-8488-72667739985d', NULL, CAST(N'2015-04-15 12:48:13.220' AS DateTime), NULL, N'frontend', NULL)
INSERT [dbo].[OrderLineItem] ([Id], [Currency], [BasePrice], [Price], [DiscountAmount], [Tax], [Quantity], [ProductId], [CatalogId], [CategoryId], [Name], [Comment], [IsReccuring], [ImageUrl], [IsGift], [ShippingMethodCode], [FulfilmentLocationCode], [CustomerOrderId], [ShipmentId], [CreatedDate], [ModifiedDate], [CreatedBy], [ModifiedBy]) VALUES (N'daeed992-db01-4a8b-b7b8-0bc0b69bc0b2', N'0', 0.0000, 69.9900, 0.0000, 0.0000, 1, N'v-b002tltgm6', N'fake', N'fake', N'Apple Magic Mouse', NULL, 0, N'http://virtotest.blob.core.windows.net/catalog/v-b002tltgm6/rd9wjvjgje2wcbvzqn29zq.jpg', 0, NULL, NULL, N'c9171f88-eb2d-4193-91f7-196c4a000960', NULL, CAST(N'2015-04-15 12:11:35.637' AS DateTime), NULL, N'frontend', NULL)
INSERT [dbo].[OrderLineItem] ([Id], [Currency], [BasePrice], [Price], [DiscountAmount], [Tax], [Quantity], [ProductId], [CatalogId], [CategoryId], [Name], [Comment], [IsReccuring], [ImageUrl], [IsGift], [ShippingMethodCode], [FulfilmentLocationCode], [CustomerOrderId], [ShipmentId], [CreatedDate], [ModifiedDate], [CreatedBy], [ModifiedBy]) VALUES (N'dd3568a8-5b3c-4b4b-a875-be8153c7979e', N'0', 0.0000, 129.9500, 0.0000, 0.0000, 1, N'v-b002ipha1w', N'fake', N'fake', N'Sony Walkman NWZS545BLK 16 GB Video MP3 Player (Black)', NULL, 0, N'http://virtotest.blob.core.windows.net/catalog/v-b002ipha1w/wgu5zpg64ko29kxlsvmylg.jpg', 0, NULL, NULL, N'9654f491-ddff-4011-baf6-179381ff76db', NULL, CAST(N'2015-04-15 13:03:31.767' AS DateTime), NULL, N'frontend', NULL)
INSERT [dbo].[OrderLineItem] ([Id], [Currency], [BasePrice], [Price], [DiscountAmount], [Tax], [Quantity], [ProductId], [CatalogId], [CategoryId], [Name], [Comment], [IsReccuring], [ImageUrl], [IsGift], [ShippingMethodCode], [FulfilmentLocationCode], [CustomerOrderId], [ShipmentId], [CreatedDate], [ModifiedDate], [CreatedBy], [ModifiedBy]) VALUES (N'e48b0c53-7cda-409c-a516-d393d2bdbe38', N'0', 0.0000, 309.0000, 0.0000, 0.0000, 5, N'v-b004h8fngw', N'fake', N'fake', N'Sony Cyber-Shot DSC-TX10 16.2 MP Waterproof Digital Still Camera with Exmor R CMOS Sensor, 3D Sweep Panorama, and Full HD 1080/60i Video (Green)', NULL, 0, N'http://virtotest.blob.core.windows.net/catalog/v-b004h8fngw/mbr9zns2i0qqiagdnokdlq.jpg', 0, NULL, NULL, N'fd49413b-cb7d-4a05-9c7f-90f6c1897dde', NULL, CAST(N'2015-04-15 12:58:30.640' AS DateTime), NULL, N'frontend', NULL)
INSERT [dbo].[OrderLineItem] ([Id], [Currency], [BasePrice], [Price], [DiscountAmount], [Tax], [Quantity], [ProductId], [CatalogId], [CategoryId], [Name], [Comment], [IsReccuring], [ImageUrl], [IsGift], [ShippingMethodCode], [FulfilmentLocationCode], [CustomerOrderId], [ShipmentId], [CreatedDate], [ModifiedDate], [CreatedBy], [ModifiedBy]) VALUES (N'fb328994-36c1-4265-9b61-9c297254f977', N'0', 0.0000, 79.9900, 0.0000, 0.0000, 1, N'v-b005eqsaaw', N'fake', N'fake', N'Sony NWZW263BLK Walkman MP3 player', NULL, 0, N'http://virtotest.blob.core.windows.net/catalog/v-b005eqsaaw/cqxwyvldyk-yp1kgoxhtpg.jpg', 0, NULL, NULL, N'0d7d2551-151c-4fa5-8879-40c760159762', NULL, CAST(N'2015-04-15 13:15:39.473' AS DateTime), NULL, N'frontend', NULL)
INSERT [dbo].[OrderLineItem] ([Id], [Currency], [BasePrice], [Price], [DiscountAmount], [Tax], [Quantity], [ProductId], [CatalogId], [CategoryId], [Name], [Comment], [IsReccuring], [ImageUrl], [IsGift], [ShippingMethodCode], [FulfilmentLocationCode], [CustomerOrderId], [ShipmentId], [CreatedDate], [ModifiedDate], [CreatedBy], [ModifiedBy]) VALUES (N'fe7b5414-5182-4ca2-a8a7-424b7da9465f', N'0', 0.0000, 50.5900, 0.0000, 0.0000, 1, N'v-b003f8uwum', N'fake', N'fake', N'Sony 8 GB PRO-HG Duo HX Memory Stick MSHX8A (Black)', NULL, 0, N'http://virtotest.blob.core.windows.net/catalog/v-b003f8uwum/mhfggwy-xuwrrjubxp6jsa.jpg', 0, NULL, NULL, N'35f7d702-5933-4936-b246-5088c34c1b14', NULL, CAST(N'2015-04-15 12:43:30.750' AS DateTime), NULL, N'frontend', NULL)
INSERT [dbo].[OrderLineItem] ([Id], [Currency], [BasePrice], [Price], [DiscountAmount], [Tax], [Quantity], [ProductId], [CatalogId], [CategoryId], [Name], [Comment], [IsReccuring], [ImageUrl], [IsGift], [ShippingMethodCode], [FulfilmentLocationCode], [CustomerOrderId], [ShipmentId], [CreatedDate], [ModifiedDate], [CreatedBy], [ModifiedBy]) VALUES (N'fec46a42-d039-40b2-9d1c-be644290e62f', N'0', 0.0000, 1.0000, 0.0000, 0.0000, 1, N'v-b000lefkxc', N'fake', N'fake', N'Sony PSP Data & Power USB Cable', NULL, 0, N'http://virtotest.blob.core.windows.net/catalog/v-b000lefkxc/yyy_by7izuwkqnrqstiuda.jpg', 0, NULL, NULL, N'b0f0ce36-86cf-4432-bb20-cba04d293043', NULL, CAST(N'2015-04-15 11:37:04.807' AS DateTime), NULL, N'frontend', NULL)
INSERT [dbo].[OrderAddress] ([Id], [AddressType], [Organization], [CountryCode], [CountryName], [City], [PostalCode], [Line1], [Line2], [RegionId], [RegionName], [FirstName], [LastName], [Phone], [Email], [CustomerOrderId], [ShipmentId], [PaymentInId]) VALUES (N'09da06f5-84f3-4fea-b395-835afac2f931', N'Billing', NULL, N'USA', N'United States', N'Denver', N'222222', N'3-th Block, 31-22', N' ', NULL, N'California', N'David', N'Saley', NULL, NULL, NULL, NULL, N'bc8a5821-9e57-47d8-a93e-434babfbffd3')
INSERT [dbo].[OrderAddress] ([Id], [AddressType], [Organization], [CountryCode], [CountryName], [City], [PostalCode], [Line1], [Line2], [RegionId], [RegionName], [FirstName], [LastName], [Phone], [Email], [CustomerOrderId], [ShipmentId], [PaymentInId]) VALUES (N'0a1ae4a4-93b7-4eb1-98da-df02beeea9ce', N'Billing', NULL, N'USA', N'United States', N'Hartford', N'1121', N' Maple ave, 19-1', N' ', NULL, N'Ohio', N'Lucy', N'Jameson', NULL, N'luja888@email.eu', N'd6f85f06-ccfe-425b-ba99-e0c9017be355', NULL, NULL)
INSERT [dbo].[OrderAddress] ([Id], [AddressType], [Organization], [CountryCode], [CountryName], [City], [PostalCode], [Line1], [Line2], [RegionId], [RegionName], [FirstName], [LastName], [Phone], [Email], [CustomerOrderId], [ShipmentId], [PaymentInId]) VALUES (N'0d5f9fee-92ad-47f8-a1bf-c47e70878350', N'Billing', NULL, N'USA', N'United States', N'New York', N'22222', N'French str. 17/1-2', NULL, NULL, N'Ohio', N'Samuel', N'Karlington', N'+1491234566', NULL, NULL, NULL, N'2a793d56-8b82-49b3-8f56-992322110a0d')
INSERT [dbo].[OrderAddress] ([Id], [AddressType], [Organization], [CountryCode], [CountryName], [City], [PostalCode], [Line1], [Line2], [RegionId], [RegionName], [FirstName], [LastName], [Phone], [Email], [CustomerOrderId], [ShipmentId], [PaymentInId]) VALUES (N'14e26f22-2109-4870-a9bc-0e993ce4b737', N'Billing', NULL, N'USA', N'United States', N'Los Angeles', N'11111', N'Trinity st. 16', N' ', NULL, N'California', N'Adam', N'Parker', NULL, NULL, NULL, NULL, N'9e7fa8d8-2042-4082-a94d-e1bb00836516')
INSERT [dbo].[OrderAddress] ([Id], [AddressType], [Organization], [CountryCode], [CountryName], [City], [PostalCode], [Line1], [Line2], [RegionId], [RegionName], [FirstName], [LastName], [Phone], [Email], [CustomerOrderId], [ShipmentId], [PaymentInId]) VALUES (N'1be43016-b140-4b19-b8d2-6e32b6f7d167', N'Billing', NULL, N'USA', N'United States', N'Seattle', N'95959', N'Delivery str. 179', NULL, NULL, N'Ohio', N'Sonya', N'Flatland', N'+11025523536', NULL, NULL, NULL, N'533b1b0e-37a6-4bb9-97d0-5dfbaf17b897')
INSERT [dbo].[OrderAddress] ([Id], [AddressType], [Organization], [CountryCode], [CountryName], [City], [PostalCode], [Line1], [Line2], [RegionId], [RegionName], [FirstName], [LastName], [Phone], [Email], [CustomerOrderId], [ShipmentId], [PaymentInId]) VALUES (N'2ef25422-8c08-4e4a-9e06-2f80b2c4822d', N'Billing', N'C1 communicate', N'USA', N'United States', N'Sacramento', N'ZIP1234', N'Fruitridge Rd. 16-25', N' ', NULL, N'California', N'Vincent', N'Stone', NULL, N'vs1983@mail.us', N'c9171f88-eb2d-4193-91f7-196c4a000960', NULL, NULL)
INSERT [dbo].[OrderAddress] ([Id], [AddressType], [Organization], [CountryCode], [CountryName], [City], [PostalCode], [Line1], [Line2], [RegionId], [RegionName], [FirstName], [LastName], [Phone], [Email], [CustomerOrderId], [ShipmentId], [PaymentInId]) VALUES (N'3f484237-4927-435a-a4d1-17e42c66e91b', N'Billing', NULL, N'USA', N'United States', N'Colorado', N'111123', N'Autumn ave. 78-22', NULL, NULL, N'Ohio', N'Laura', N'Collins', N'+11025554544', NULL, NULL, NULL, N'0b98716b-e54f-4316-bc15-ef4c58e30329')
INSERT [dbo].[OrderAddress] ([Id], [AddressType], [Organization], [CountryCode], [CountryName], [City], [PostalCode], [Line1], [Line2], [RegionId], [RegionName], [FirstName], [LastName], [Phone], [Email], [CustomerOrderId], [ShipmentId], [PaymentInId]) VALUES (N'407413ac-04b7-4417-9b9e-f9f3b404b8e4', N'Billing', NULL, N'USA', N'United States', N'San Francisco', N'6656', N'20th Ave, 55', N' ', NULL, N'California', N'Maria', N'Stekkelenburg', NULL, N'mastek@email.eu', N'5eef2f05-780e-4c99-8488-72667739985d', NULL, NULL)
INSERT [dbo].[OrderAddress] ([Id], [AddressType], [Organization], [CountryCode], [CountryName], [City], [PostalCode], [Line1], [Line2], [RegionId], [RegionName], [FirstName], [LastName], [Phone], [Email], [CustomerOrderId], [ShipmentId], [PaymentInId]) VALUES (N'4a56ea26-a50c-4ce9-8b35-0a2908d2c70b', N'Billing', NULL, N'USA', N'United States', N'Denver', N'222222', N'3-th Block, 31-22', N' ', NULL, N'California', N'David', N'Saley', N'5555551234', N'dasey@vmail.com', N'c1c293bf-46bb-41a3-81e4-5a183374e31e', NULL, NULL)
INSERT [dbo].[OrderAddress] ([Id], [AddressType], [Organization], [CountryCode], [CountryName], [City], [PostalCode], [Line1], [Line2], [RegionId], [RegionName], [FirstName], [LastName], [Phone], [Email], [CustomerOrderId], [ShipmentId], [PaymentInId]) VALUES (N'4e723cb6-3c2a-4e2e-a90c-e2ec80f3aadf', N'Billing', NULL, N'USA', N'United States', N'Indianapolis', N'15456', N' Union st. 16-1', N' ', NULL, N'California', N'Victoria', N'Craven', NULL, NULL, NULL, NULL, N'd78013f7-b7ae-4bdb-a16a-78788e4a34a5')
INSERT [dbo].[OrderAddress] ([Id], [AddressType], [Organization], [CountryCode], [CountryName], [City], [PostalCode], [Line1], [Line2], [RegionId], [RegionName], [FirstName], [LastName], [Phone], [Email], [CustomerOrderId], [ShipmentId], [PaymentInId]) VALUES (N'543a26e4-6171-4571-9648-8d8821b6aa2d', N'Billing', NULL, N'USA', N'United States', N'Philadelphia', N'8884', N'S MacDade Blvd 17-22', N' ', NULL, N'California', N'Veronika', N'Forsberg', NULL, N'forsev1977@gmail.com', N'0d7d2551-151c-4fa5-8879-40c760159762', NULL, NULL)
INSERT [dbo].[OrderAddress] ([Id], [AddressType], [Organization], [CountryCode], [CountryName], [City], [PostalCode], [Line1], [Line2], [RegionId], [RegionName], [FirstName], [LastName], [Phone], [Email], [CustomerOrderId], [ShipmentId], [PaymentInId]) VALUES (N'56cfc50d-341a-45b2-80ea-cd389286a60d', N'Billing', NULL, N'USA', N'United States', N'Hartford', N'1121', N' Maple ave, 19-1', N' ', NULL, N'Ohio', N'Lucy', N'Jameson', NULL, N'luja888@email.eu', N'5a9457b6-b640-4796-9c40-c03b421a6c4c', NULL, NULL)
INSERT [dbo].[OrderAddress] ([Id], [AddressType], [Organization], [CountryCode], [CountryName], [City], [PostalCode], [Line1], [Line2], [RegionId], [RegionName], [FirstName], [LastName], [Phone], [Email], [CustomerOrderId], [ShipmentId], [PaymentInId]) VALUES (N'579f7855-f23a-4ff3-a19f-beac7c4b2d33', N'Billing', NULL, N'USA', N'United States', N'Los Angeles', N'11111', N'Trinity st. 16', N' ', NULL, N'California', N'Adam', N'Parker', NULL, N'adam1999@sendgrid.com', N'9654f491-ddff-4011-baf6-179381ff76db', NULL, NULL)
INSERT [dbo].[OrderAddress] ([Id], [AddressType], [Organization], [CountryCode], [CountryName], [City], [PostalCode], [Line1], [Line2], [RegionId], [RegionName], [FirstName], [LastName], [Phone], [Email], [CustomerOrderId], [ShipmentId], [PaymentInId]) VALUES (N'6d09c858-2cee-4468-ba3c-05602f9b57c3', N'Billing', NULL, N'USA', N'United States', N'San Francisco', N'6656', N'20th Ave, 55', N' ', NULL, N'California', N'Maria', N'Stekkelenburg', NULL, NULL, NULL, NULL, N'd403a8d5-1804-4a34-8923-d42d95cd49e1')
INSERT [dbo].[OrderAddress] ([Id], [AddressType], [Organization], [CountryCode], [CountryName], [City], [PostalCode], [Line1], [Line2], [RegionId], [RegionName], [FirstName], [LastName], [Phone], [Email], [CustomerOrderId], [ShipmentId], [PaymentInId]) VALUES (N'6d15e497-fcd5-4273-8f06-696e3ab0237d', N'Billing', N'C1 communicate', N'USA', N'United States', N'Sacramento', N'ZIP1234', N'Fruitridge Rd. 16-25', N' ', NULL, N'California', N'Vincent', N'Stone', NULL, NULL, NULL, NULL, N'505a28ee-6464-4ca2-85ee-4b9ca003d9ef')
INSERT [dbo].[OrderAddress] ([Id], [AddressType], [Organization], [CountryCode], [CountryName], [City], [PostalCode], [Line1], [Line2], [RegionId], [RegionName], [FirstName], [LastName], [Phone], [Email], [CustomerOrderId], [ShipmentId], [PaymentInId]) VALUES (N'6d74a18c-a7d2-4686-a34b-99e076634a96', N'Billing', NULL, N'USA', N'United States', N'Seattle', N'95959', N'Delivery str. 179', NULL, NULL, N'Ohio', N'Sonya', N'Flatland', N'+11025523536', N'sofly@mailme.com', N'21343fd7-3428-4929-bb93-49564fbf0411', NULL, NULL)
INSERT [dbo].[OrderAddress] ([Id], [AddressType], [Organization], [CountryCode], [CountryName], [City], [PostalCode], [Line1], [Line2], [RegionId], [RegionName], [FirstName], [LastName], [Phone], [Email], [CustomerOrderId], [ShipmentId], [PaymentInId]) VALUES (N'6ed104f6-4f9c-4d41-8929-141ef67ef718', N'Billing', N'Home', N'USA', N'United States', N'Los Angeles', N'11111', N'Home ave. 123', NULL, NULL, N'California', N'Phil', N'Johnsson', N'+37060012345', NULL, NULL, NULL, N'08b79799-1d97-4a1b-99b7-6d8550f41c20')
INSERT [dbo].[OrderAddress] ([Id], [AddressType], [Organization], [CountryCode], [CountryName], [City], [PostalCode], [Line1], [Line2], [RegionId], [RegionName], [FirstName], [LastName], [Phone], [Email], [CustomerOrderId], [ShipmentId], [PaymentInId]) VALUES (N'6f556c60-8d9a-4c9f-871b-5da264857aa6', N'Billing', N'100 miles', N'USA', N'United States', N'Orlando', N'778888', N'Saber 13, 2b', NULL, NULL, N'California', N'John', N'Stevens', N'+14078865492', N'stevej@yahoo.com', N'b0f0ce36-86cf-4432-bb20-cba04d293043', NULL, NULL)
INSERT [dbo].[OrderAddress] ([Id], [AddressType], [Organization], [CountryCode], [CountryName], [City], [PostalCode], [Line1], [Line2], [RegionId], [RegionName], [FirstName], [LastName], [Phone], [Email], [CustomerOrderId], [ShipmentId], [PaymentInId]) VALUES (N'7c6f1071-f5a9-4b76-8cd8-c6deef8544b4', N'Billing', NULL, N'USA', N'United States', N'Salinas', N'1111', N' Central ave. 17', N' ', NULL, N'California', N'Monika', N'Miles', NULL, N'momi198888@gmail.com', N'd98185d2-715e-4342-a58a-5902701366a3', NULL, NULL)
INSERT [dbo].[OrderAddress] ([Id], [AddressType], [Organization], [CountryCode], [CountryName], [City], [PostalCode], [Line1], [Line2], [RegionId], [RegionName], [FirstName], [LastName], [Phone], [Email], [CustomerOrderId], [ShipmentId], [PaymentInId]) VALUES (N'7c8d15c0-5b59-4ee1-b581-1a27f292b084', N'Billing', N'100 miles', N'USA', N'United States', N'Orlando', N'778888', N'Saber 13, 2b', NULL, NULL, N'California', N'John', N'Stevens', N'+14078865492', NULL, NULL, NULL, N'2783f3e6-d2b7-4faf-be37-7f7fa88e6f68')
INSERT [dbo].[OrderAddress] ([Id], [AddressType], [Organization], [CountryCode], [CountryName], [City], [PostalCode], [Line1], [Line2], [RegionId], [RegionName], [FirstName], [LastName], [Phone], [Email], [CustomerOrderId], [ShipmentId], [PaymentInId]) VALUES (N'9ad390f5-44ce-4593-816a-73f580503035', N'Billing', NULL, N'USA', N'United States', N'Indianapolis', N'15456', N' Union st. 16-1', N' ', NULL, N'California', N'Victoria', N'Craven', NULL, N'viccra@email.eu', N'3cb6be13-e299-45cd-b530-06dc61ef7f5e', NULL, NULL)
INSERT [dbo].[OrderAddress] ([Id], [AddressType], [Organization], [CountryCode], [CountryName], [City], [PostalCode], [Line1], [Line2], [RegionId], [RegionName], [FirstName], [LastName], [Phone], [Email], [CustomerOrderId], [ShipmentId], [PaymentInId]) VALUES (N'9ea56b1d-fde3-4315-a72b-90e4ee6741f0', N'Billing', N'Home', N'USA', N'United States', N'Los Angeles', N'11111', N'Home ave. 123', NULL, NULL, N'California', N'Phil', N'Johnsson', N'+37060012345', N'philj1111@gmail.com', N'aa815ef7-d0f1-444e-bdf4-e215be14c3d1', NULL, NULL)
INSERT [dbo].[OrderAddress] ([Id], [AddressType], [Organization], [CountryCode], [CountryName], [City], [PostalCode], [Line1], [Line2], [RegionId], [RegionName], [FirstName], [LastName], [Phone], [Email], [CustomerOrderId], [ShipmentId], [PaymentInId]) VALUES (N'9f51f331-2f75-4135-8164-0ff8fae3d044', N'Billing', NULL, N'USA', N'United States', N'Colorado', N'111123', N'Autumn ave. 78-22', NULL, NULL, N'Ohio', N'Laura', N'Collins', N'+11025554544', N'colla@email.us', N'aeed3b35-3d2b-418a-b43a-df835ba1b4db', NULL, NULL)
INSERT [dbo].[OrderAddress] ([Id], [AddressType], [Organization], [CountryCode], [CountryName], [City], [PostalCode], [Line1], [Line2], [RegionId], [RegionName], [FirstName], [LastName], [Phone], [Email], [CustomerOrderId], [ShipmentId], [PaymentInId]) VALUES (N'aaa585d3-aec0-46dc-bbbd-ffb286de7aee', N'Billing', NULL, N'USA', N'United States', N'Philadelphia', N'8884', N'S MacDade Blvd 17-22', N' ', NULL, N'California', N'Veronika', N'Forsberg', NULL, NULL, NULL, NULL, N'9cdc4633-18df-44df-9c39-3ac03ac642b9')
INSERT [dbo].[OrderAddress] ([Id], [AddressType], [Organization], [CountryCode], [CountryName], [City], [PostalCode], [Line1], [Line2], [RegionId], [RegionName], [FirstName], [LastName], [Phone], [Email], [CustomerOrderId], [ShipmentId], [PaymentInId]) VALUES (N'b178cddf-fa48-4632-9477-247d6abf58e1', N'Billing', NULL, N'USA', N'United States', N'Hartford', N'1121', N' Maple ave, 19-1', N' ', NULL, N'Ohio', N'Lucy', N'Jameson', NULL, NULL, NULL, NULL, N'3f9ce406-3f2d-4703-b306-1e7eed855e1e')
INSERT [dbo].[OrderAddress] ([Id], [AddressType], [Organization], [CountryCode], [CountryName], [City], [PostalCode], [Line1], [Line2], [RegionId], [RegionName], [FirstName], [LastName], [Phone], [Email], [CustomerOrderId], [ShipmentId], [PaymentInId]) VALUES (N'b1d78818-8bc6-406d-b988-150e133670bc', N'Billing', NULL, N'USA', N'United States', N'Oakland', N'88988', N'Northgate ave. 16B-5', N' ', NULL, N'California', N'Luke', N'Wattson', NULL, N'luwat@sendmail.com', N'fd49413b-cb7d-4a05-9c7f-90f6c1897dde', NULL, NULL)
INSERT [dbo].[OrderAddress] ([Id], [AddressType], [Organization], [CountryCode], [CountryName], [City], [PostalCode], [Line1], [Line2], [RegionId], [RegionName], [FirstName], [LastName], [Phone], [Email], [CustomerOrderId], [ShipmentId], [PaymentInId]) VALUES (N'b3bfa7bf-4818-49be-a600-2d6917d49bf6', N'Billing', NULL, N'USA', N'United States', N'Oakland', N'88988', N'Northgate ave. 16B-5', N' ', NULL, N'California', N'Luke', N'Wattson', NULL, N'luwat@sendmail.com', N'73ed62d1-c473-400f-af42-24b86f90eda4', NULL, NULL)
INSERT [dbo].[OrderAddress] ([Id], [AddressType], [Organization], [CountryCode], [CountryName], [City], [PostalCode], [Line1], [Line2], [RegionId], [RegionName], [FirstName], [LastName], [Phone], [Email], [CustomerOrderId], [ShipmentId], [PaymentInId]) VALUES (N'b6a9660a-7274-4470-87fc-08ea7b14e0ec', N'Billing', N'C1 communicate', N'USA', N'United States', N'Sacramento', N'ZIP1234', N'Fruitridge Rd. 16-21', N' ', NULL, N'California', N'Vincent', N'Stone', NULL, NULL, NULL, NULL, N'5c44f0cb-3b05-48fc-8d61-84fd4872d223')
INSERT [dbo].[OrderAddress] ([Id], [AddressType], [Organization], [CountryCode], [CountryName], [City], [PostalCode], [Line1], [Line2], [RegionId], [RegionName], [FirstName], [LastName], [Phone], [Email], [CustomerOrderId], [ShipmentId], [PaymentInId]) VALUES (N'b6ace82a-ac60-4253-a411-47c558f02b9f', N'Billing', NULL, N'USA', N'United States', N'San Francisco', N'6656', N'20th Ave, 55', N' ', NULL, N'California', N'Maria', N'Stekkelenburg', NULL, NULL, NULL, NULL, N'd3b8f146-197f-424a-b1a9-9027ad96d02f')
INSERT [dbo].[OrderAddress] ([Id], [AddressType], [Organization], [CountryCode], [CountryName], [City], [PostalCode], [Line1], [Line2], [RegionId], [RegionName], [FirstName], [LastName], [Phone], [Email], [CustomerOrderId], [ShipmentId], [PaymentInId]) VALUES (N'b7a96b83-d8c6-4d66-bbfa-26ca0008a17e', N'Billing', NULL, N'USA', N'United States', N'Colorado', N'111123', N'Autumn ave. 78-22', NULL, NULL, N'Ohio', N'Laura', N'Collins', N'+11025554544', N'colla@email.us', N'94088c2f-5bfa-45a8-8868-611201b1e241', NULL, NULL)
INSERT [dbo].[OrderAddress] ([Id], [AddressType], [Organization], [CountryCode], [CountryName], [City], [PostalCode], [Line1], [Line2], [RegionId], [RegionName], [FirstName], [LastName], [Phone], [Email], [CustomerOrderId], [ShipmentId], [PaymentInId]) VALUES (N'bcd03d63-3f1e-4128-ab0b-00892e119f09', N'Billing', NULL, N'USA', N'United States', N'Salinas', N'1111', N' Central ave. 17', N' ', NULL, N'California', N'Monika', N'Miles', NULL, NULL, NULL, NULL, N'd0665e79-037c-4551-951a-e65e596cd1af')
INSERT [dbo].[OrderAddress] ([Id], [AddressType], [Organization], [CountryCode], [CountryName], [City], [PostalCode], [Line1], [Line2], [RegionId], [RegionName], [FirstName], [LastName], [Phone], [Email], [CustomerOrderId], [ShipmentId], [PaymentInId]) VALUES (N'bd34e322-9845-4ba0-9af2-bcb49eae9f76', N'Billing', NULL, N'USA', N'United States', N'Hartford', N'1121', N' Maple ave, 19-1', N' ', NULL, N'Ohio', N'Lucy', N'Jameson', NULL, NULL, NULL, NULL, N'60c4d937-5ea2-449d-aebe-98c21db50ed2')
INSERT [dbo].[OrderAddress] ([Id], [AddressType], [Organization], [CountryCode], [CountryName], [City], [PostalCode], [Line1], [Line2], [RegionId], [RegionName], [FirstName], [LastName], [Phone], [Email], [CustomerOrderId], [ShipmentId], [PaymentInId]) VALUES (N'bd6099c9-2614-4566-8afd-a4064cfd4f1c', N'Billing', NULL, N'USA', N'United States', N'Colorado', N'111123', N'Autumn ave. 78-22', NULL, NULL, N'Ohio', N'Laura', N'Collins', N'+11025554544', NULL, NULL, NULL, N'6526c7ea-64f2-4758-ab90-db922c303265')
INSERT [dbo].[OrderAddress] ([Id], [AddressType], [Organization], [CountryCode], [CountryName], [City], [PostalCode], [Line1], [Line2], [RegionId], [RegionName], [FirstName], [LastName], [Phone], [Email], [CustomerOrderId], [ShipmentId], [PaymentInId]) VALUES (N'bdc3b714-591b-4bdd-a183-d8280d20b208', N'Billing', NULL, N'USA', N'United States', N'Oakland', N'88988', N'Northgate ave. 16B-5', N' ', NULL, N'California', N'Luke', N'Wattson', NULL, NULL, NULL, NULL, N'4bf37720-9f5b-452d-a7c6-c79f313d7a29')
INSERT [dbo].[OrderAddress] ([Id], [AddressType], [Organization], [CountryCode], [CountryName], [City], [PostalCode], [Line1], [Line2], [RegionId], [RegionName], [FirstName], [LastName], [Phone], [Email], [CustomerOrderId], [ShipmentId], [PaymentInId]) VALUES (N'bdde5fb9-7bad-485e-8bba-820b16833fa2', N'Billing', NULL, N'USA', N'United States', N'San Francisco', N'6656', N'20th Ave, 55', N' ', NULL, N'California', N'Maria', N'Stekkelenburg', NULL, N'mastek@email.eu', N'94f8ed41-c7e2-4893-a0d1-56d70bffea52', NULL, NULL)
INSERT [dbo].[OrderAddress] ([Id], [AddressType], [Organization], [CountryCode], [CountryName], [City], [PostalCode], [Line1], [Line2], [RegionId], [RegionName], [FirstName], [LastName], [Phone], [Email], [CustomerOrderId], [ShipmentId], [PaymentInId]) VALUES (N'bf221ecd-c88c-47ab-a5cf-fd468da1a56c', N'Billing', NULL, N'USA', N'United States', N'Oakland', N'88988', N'Northgate ave. 16B-5', N' ', NULL, N'California', N'Luke', N'Wattson', NULL, NULL, NULL, NULL, N'6ae32346-f78c-4348-a883-6fed1065f89c')
INSERT [dbo].[OrderAddress] ([Id], [AddressType], [Organization], [CountryCode], [CountryName], [City], [PostalCode], [Line1], [Line2], [RegionId], [RegionName], [FirstName], [LastName], [Phone], [Email], [CustomerOrderId], [ShipmentId], [PaymentInId]) VALUES (N'ced36750-6a71-4823-b5c8-443258e12941', N'Billing', N'C1 communicate', N'USA', N'United States', N'Sacramento', N'ZIP1234', N'Fruitridge Rd. 16-21', N' ', NULL, N'California', N'Vincent', N'Stone', NULL, N'vs1983@mail.us', N'f6717913-7950-402f-a631-8a2179254d65', NULL, NULL)
INSERT [dbo].[OrderAddress] ([Id], [AddressType], [Organization], [CountryCode], [CountryName], [City], [PostalCode], [Line1], [Line2], [RegionId], [RegionName], [FirstName], [LastName], [Phone], [Email], [CustomerOrderId], [ShipmentId], [PaymentInId]) VALUES (N'def3af5e-e784-47f1-bbf0-d7e515e525ce', N'Billing', NULL, N'USA', N'United States', N'San Jose', N'ZIP5555', N'E Virginia St 7-4B', NULL, NULL, N'California', N'Philipe', N'Taylor', NULL, N'taylor1955@mail.us', N'35f7d702-5933-4936-b246-5088c34c1b14', NULL, NULL)
INSERT [dbo].[OrderAddress] ([Id], [AddressType], [Organization], [CountryCode], [CountryName], [City], [PostalCode], [Line1], [Line2], [RegionId], [RegionName], [FirstName], [LastName], [Phone], [Email], [CustomerOrderId], [ShipmentId], [PaymentInId]) VALUES (N'e0106be5-e5be-49da-8d19-1680b3107c16', N'Billing', NULL, N'USA', N'United States', N'San Jose', N'ZIP5555', N'E Virginia St 7-4B', NULL, NULL, N'California', N'Philipe', N'Taylor', NULL, NULL, NULL, NULL, N'83018cc5-5c17-4f60-944b-259ff429606b')
INSERT [dbo].[OrderAddress] ([Id], [AddressType], [Organization], [CountryCode], [CountryName], [City], [PostalCode], [Line1], [Line2], [RegionId], [RegionName], [FirstName], [LastName], [Phone], [Email], [CustomerOrderId], [ShipmentId], [PaymentInId]) VALUES (N'e2a83b0d-446f-4fb9-ac7e-fb70b3e24d8c', N'Billing', NULL, N'USA', N'United States', N'New York', N'22222', N'French str. 17/1-2', NULL, NULL, N'Ohio', N'Samuel', N'Karlington', N'+1491234566', N'sam@dc.co.uk', N'3bcf0426-618a-48bd-9895-fd8dd480aaa9', NULL, NULL)
INSERT [dbo].[OrderAddress] ([Id], [AddressType], [Organization], [CountryCode], [CountryName], [City], [PostalCode], [Line1], [Line2], [RegionId], [RegionName], [FirstName], [LastName], [Phone], [Email], [CustomerOrderId], [ShipmentId], [PaymentInId]) VALUES (N'ebb82634-4402-49f3-85fe-d749a93b216d', N'Billing', NULL, N'USA', N'United States', N'Denver', N'222222', N'3-th Block, 31-22', N' ', NULL, N'California', N'David', N'Saley', N'5555551234', NULL, NULL, NULL, N'23203968-ba33-42e8-9693-8d6d52ebb0ed')
INSERT [dbo].[OrderAddress] ([Id], [AddressType], [Organization], [CountryCode], [CountryName], [City], [PostalCode], [Line1], [Line2], [RegionId], [RegionName], [FirstName], [LastName], [Phone], [Email], [CustomerOrderId], [ShipmentId], [PaymentInId]) VALUES (N'ff5a49da-ce65-4cd0-a950-6784d9e5fbfc', N'Billing', NULL, N'USA', N'United States', N'Denver', N'222222', N'3-th Block, 31-22', N' ', NULL, N'California', N'David', N'Saley', NULL, N'dasey@vmail.com', N'764c7f87-ba22-49a6-955f-1cab2161b9e6', NULL, NULL)
