﻿{
  "IsNotEmpty": true,
  "Users": [
    {
      "Id": "1eb2fa8ac6574541afdb525833dadb46",
      "UserName": "admin",
      "UserType": "Administrator",
      "UserState": "Approved",
      "PasswordHash": "AHQSmKnSLYrzj9vtdDWWnUXojjpmuDW2cHvWloGL9UL3TC9UCfBmbIuR2YCyg4BpNg==",
      "SecurityStamp": "",
      "Roles": [],
      "Permissions": [],
      "ApiAccounts": []
    },
    {
      "Id": "12091a82-bda0-4ee9-ae41-d3cda6f8cddd",
      "UserName": "apiDocs",
      "UserType": "SiteAdministrator",
      "UserState": "Approved",
      "PasswordHash": "AJ1mgvZz5/1rK4ozou1GGLRrdlcQ4jCoJaoqI4xic0WfCtu9OibvI1mw+bRQmc+F3g==",
      "SecurityStamp": "35be4a2e-f028-415b-b8f2-7e41a0be6557",
      "Roles": [],
      "Permissions": [],
      "ApiAccounts": []
    },
    {
      "Id": "484be091-68a0-4d37-a3b5-031a97511b1e",
      "UserName": "barbar@example.com",
      "Email": "barbar@example.com",
      "UserType": "GuestUser",
      "UserState": "Approved",
      "SecurityStamp": "775bc71c-ace6-4a72-9e73-8f6d08f141d4",
      "Roles": [],
      "Permissions": [],
      "ApiAccounts": []
    },
    {
      "Id": "d648bf0f-a866-4152-9ded-9160edc84564",
      "UserName": "bomba89@example.com",
      "Email": "bomba89@example.com",
      "UserType": "GuestUser",
      "UserState": "Approved",
      "SecurityStamp": "8ce69d86-0f04-4feb-9470-112661043824",
      "Roles": [],
      "Permissions": [],
      "ApiAccounts": []
    },
    {
      "Id": "60cdf106-3b80-4bd1-a8c9-9f16fb67f13e",
      "UserName": "calfor99@example.com",
      "Email": "calfor99@example.com",
      "UserType": "GuestUser",
      "UserState": "Approved",
      "SecurityStamp": "e4d822b8-1090-4cc4-a49b-ded28f88643e",
      "Roles": [],
      "Permissions": [],
      "ApiAccounts": []
    },
    {
      "Id": "f320f84c-59e2-4443-8647-faa30bb9bea6",
      "UserName": "demo",
      "UserType": "SiteAdministrator",
      "UserState": "Approved",
      "PasswordHash": "AOXAFnpcpvP3UJd8S5ue4aJmdcuoKGlw6I2JB4iRp/OYftcuebnjC9rDD2ezoXxzLw==",
      "SecurityStamp": "0a8af82d-259d-4688-a246-b4b1cb2deee9",
      "Roles": [
        {
          "Name": "Demo site tester",
          "Description": "Role for demo site testing.",
          "Permissions": [
            {
              "Id": "tax:manage",
              "Name": "Manage tax settings",
              "Description": "Permission to manage avalara tax settings."
            },
            {
              "Id": "store:query",
              "Name": "Browse stores",
              "Description": "Permission to open stores menu and browse data."
            },
            {
              "Id": "marketing:query",
              "Name": "Browse marketing data",
              "Description": "Permission to open marketing menu and browse data."
            },
            {
              "Id": "marketing:manage",
              "Name": "Manage marketing",
              "Description": "Permission to manage marketing information."
            },
            {
              "Id": "customer:manage",
              "Name": "Manage customers",
              "Description": "Permission to manage customers information."
            },
            {
              "Id": "inventory:manage",
              "Name": "Manage inventory",
              "Description": "Permission to manage inventory information."
            },
            {
              "Id": "catalog:categories:manage",
              "Name": "Manage categories",
              "Description": "Permission to manage catalog categories."
            },
            {
              "Id": "pricing:query",
              "Name": "Browse pricing data",
              "Description": "Permission to open pricing menu and browse data."
            },
            {
              "Id": "cart:manage",
              "Name": "Manage carts",
              "Description": "Permission to manage cart."
            },
            {
              "Id": "VirtoCommerce.Search:Index:Rebuild",
              "Name": "Rebuild Index",
              "Description": "Allows to delete search index and build it again."
            },
            {
              "Id": "fulfillment:manage",
              "Name": "Manage fulfillment settings",
              "Description": "Permission to manage shipstation fulfillment."
            },
            {
              "Id": "catalog:query",
              "Name": "Browse catalog data",
              "Description": "Permission to open catalog menu and browse data."
            },
            {
              "Id": "platform:security:query",
              "Name": "Browse security data",
              "Description": "Permission to open security menu and view roles and users data."
            },
            {
              "Id": "customer:query",
              "Name": "Browse customers",
              "Description": "Permission to open customers menu and browse data."
            },
            {
              "Id": "order:query",
              "Name": "Browse orders",
              "Description": "Permission to open orders menu and browse data."
            },
            {
              "Id": "core:fulfillment:manage",
              "Name": "Manage fulfillment centers",
              "Description": "Permission to manage fulfillment centers."
            },
            {
              "Id": "pricing:manage",
              "Name": "Manage pricing data",
              "Description": "Permission to manage pricing information."
            },
            {
              "Id": "content:query",
              "Name": "Browse store content data",
              "Description": "Permission to open store content menu and browse data."
            },
            {
              "Id": "platform:module:query",
              "Name": "Browse modules",
              "Description": "Permission to open modules menu and browse data."
            },
            {
              "Id": "catalog:items:manage",
              "Name": "Manage catalog items",
              "Description": "Permission to manage catalog items."
            },
            {
              "Id": "security:call_api",
              "Name": "Call Web API methods",
              "Description": "Allows to make calls to Web API methods."
            },
            {
              "Id": "cart:query",
              "Name": "Browse carts",
              "Description": "Permission to open carts menu and browse data."
            },
            {
              "Id": "order:manage",
              "Name": "Manage orders",
              "Description": "Permission to manage orders."
            },
            {
              "Id": "customer:loginOnBehalf",
              "Name": "Login on behalf of a customer",
              "Description": "Permission to login on behalf of a customer to Storefront."
            },
            {
              "Id": "platform:dynamic_properties:manage",
              "Name": "Manage dynamic properties",
              "Description": "Permission to manage dynamic properties."
            }
          ],
          "Id": "6bb42727811b40e38f067cb03d4b84bd"
        }
      ],
      "Permissions": [
        "tax:manage",
        "store:query",
        "marketing:query",
        "marketing:manage",
        "customer:manage",
        "inventory:manage",
        "catalog:categories:manage",
        "pricing:query",
        "cart:manage",
        "VirtoCommerce.Search:Index:Rebuild",
        "fulfillment:manage",
        "catalog:query",
        "platform:security:query",
        "customer:query",
        "order:query",
        "core:fulfillment:manage",
        "pricing:manage",
        "content:query",
        "platform:module:query",
        "catalog:items:manage",
        "security:call_api",
        "cart:query",
        "order:manage",
        "customer:loginOnBehalf",
        "platform:dynamic_properties:manage"
      ],
      "ApiAccounts": []
    },
    {
      "Id": "9b605a3096ba4cc8bc0b8d80c397c59f",
      "UserName": "frontend",
      "UserType": "Administrator",
      "UserState": "Approved",
      "PasswordHash": "AHQSmKnSLYrzj9vtdDWWnUXojjpmuDW2cHvWloGL9UL3TC9UCfBmbIuR2YCyg4BpNg==",
      "SecurityStamp": "",
      "Roles": [],
      "Permissions": [],
      "ApiAccounts": [
        {
          "Id": "37b0a6ea1a494b26b4f6ca6b725bef88",
          "Name": "Frontend",
          "ApiAccountType": "Hmac",
          "IsActive": true,
          "AppId": "27e0d789f12641049bd0e939185b4fd2",
          "SecretKey": "34f0a3c12c9dbb59b63b5fece955b7b2b9a3b20f84370cba1524dd5c53503a2e2cb733536ecf7ea1e77319a47084a3a2c9d94d36069a432ecc73b72aeba6ea78"
        }
      ]
    },
    {
      "Id": "e8aee115-5850-4d83-ba24-2d1252f1750e",
      "UserName": "georgebas@example.com",
      "Email": "georgebas@example.com",
      "UserType": "GuestUser",
      "UserState": "Approved",
      "SecurityStamp": "dd8fb6f2-087c-4351-8e05-d9a66db2ac1d",
      "Roles": [],
      "Permissions": [],
      "ApiAccounts": []
    },
    {
      "Id": "ce3e8d6b-f4ff-418c-94bc-1251ce43bff4",
      "UserName": "goal44@example.com",
      "Email": "goal44@example.com",
      "UserType": "GuestUser",
      "UserState": "Approved",
      "SecurityStamp": "256bd94c-5768-4fef-aed7-b94e43c5f0e7",
      "Roles": [],
      "Permissions": [],
      "ApiAccounts": []
    },
    {
      "Id": "7007304c-bdce-4893-8451-7ceaba71ebde",
      "UserName": "johstar@example.com",
      "Email": "johstar@example.com",
      "UserType": "GuestUser",
      "UserState": "Approved",
      "SecurityStamp": "f08ea774-9510-486c-a143-370ed131de1f",
      "Roles": [],
      "Permissions": [],
      "ApiAccounts": []
    },
    {
      "Id": "580ce9e2-5691-4b40-8336-84bb7deff667",
      "UserName": "whity@example.com",
      "Email": "whity@example.com",
      "UserType": "GuestUser",
      "UserState": "Approved",
      "SecurityStamp": "e6b891b8-ddff-4a95-b712-9783a5eef070",
      "Roles": [],
      "Permissions": [],
      "ApiAccounts": []
    }
  ],
  "Roles": {
    "$type": "VirtoCommerce.Platform.Core.Security.Role[], VirtoCommerce.Platform.Core, Version=2.4.0.0, Culture=neutral, PublicKeyToken=null",
    "$values": [
      {
        "Name": "Catalog manager",
        "Description": "Manage catalogs and prices.",
        "Permissions": [
          {
            "Id": "catalog:catalogs:manage",
            "Name": "Manage catalogs",
            "Description": "Permission to manage catalogs."
          },
          {
            "Id": "pricing:query",
            "Name": "Browse pricing data",
            "Description": "Permission to open pricing menu and browse data."
          },
          {
            "Id": "pricing:manage",
            "Name": "Manage pricing data",
            "Description": "Permission to manage pricing information."
          },
          {
            "Id": "catalog:items:manage",
            "Name": "Manage catalog items",
            "Description": "Permission to manage catalog items."
          },
          {
            "Id": "catalog:virtual_catalogs:manage",
            "Name": "Manage virtual catalogs",
            "Description": "Permission to manage virtual catalogs."
          },
          {
            "Id": "catalog:query",
            "Name": "Browse catalog data",
            "Description": "Permission to open catalog menu and browse data."
          },
          {
            "Id": "catalog:categories:manage",
            "Name": "Manage categories",
            "Description": "Permission to manage catalog categories."
          }
        ],
        "Id": "9335c835851041a5939ba35291407596"
      },
      {
        "Name": "Configuration manager",
        "Description": "System administrator",
        "Permissions": [
          {
            "Id": "fulfillment:manage",
            "Name": "Manage fulfillment settings",
            "Description": "Permission to manage shipstation fulfillment."
          },
          {
            "Id": "background_jobs:manage",
            "Name": "Manage background jobs",
            "Description": "Allows to view and manage background jobs."
          },
          {
            "Id": "mailing:manage",
            "Name": "Manage mailing settings",
            "Description": "Permission to manage mass mailing to customers."
          },
          {
            "Id": "platform:module:manage",
            "Name": "Manage modules",
            "Description": "Permission to manage modules."
          },
          {
            "Id": "googleShopping:manage",
            "Name": "Manage Google Shopping",
            "Description": "Permission to manage Google Shopping Merchant."
          },
          {
            "Id": "platform:dynamic_properties:manage",
            "Name": "Manage dynamic properties",
            "Description": "Permission to manage dynamic properties."
          },
          {
            "Id": "VirtoCommerce.Search:Debug",
            "Name": "Debug search providers",
            "Description": "Allows to use low level search API."
          },
          {
            "Id": "VirtoCommerce.Search:Index:Rebuild",
            "Name": "Rebuild Index",
            "Description": "Allows to delete search index and build it again."
          },
          {
            "Id": "platform:setting:manage",
            "Name": "Manage settings",
            "Description": "Permission to manage settings."
          },
          {
            "Id": "core:fulfillment:manage",
            "Name": "Manage fulfillment centers",
            "Description": "Permission to manage fulfillment centers."
          },
          {
            "Id": "tax:manage",
            "Name": "Manage tax settings",
            "Description": "Permission to manage avalara tax settings."
          },
          {
            "Id": "helpdeskModule:manage",
            "Name": "Manage Zendesk helpdesk",
            "Description": "Permission to manage Zendesk functionality."
          },
          {
            "Id": "platform:module:query",
            "Name": "Browse modules",
            "Description": "Permission to open modules menu and browse data."
          }
        ],
        "Id": "da5998d8a2c949328477d24ca63f0753"
      },
      {
        "Name": "Customer service agent",
        "Description": "Manage Customers and view related information.",
        "Permissions": [
          {
            "Id": "catalog:query",
            "Name": "Browse catalog data",
            "Description": "Permission to open catalog menu and browse data."
          },
          {
            "Id": "customer:query",
            "Name": "Browse customers",
            "Description": "Permission to open customers menu and browse data."
          },
          {
            "Id": "customer:manage",
            "Name": "Manage customers",
            "Description": "Permission to manage customers information."
          },
          {
            "Id": "pricing:query",
            "Name": "Browse pricing data",
            "Description": "Permission to open pricing menu and browse data."
          },
          {
            "Id": "order:manage",
            "Name": "Manage orders",
            "Description": "Permission to manage orders."
          },
          {
            "Id": "helpdeskModule:manage",
            "Name": "Manage Zendesk helpdesk",
            "Description": "Permission to manage Zendesk functionality."
          },
          {
            "Id": "order:query",
            "Name": "Browse orders",
            "Description": "Permission to open orders menu and browse data."
          },
          {
            "Id": "customer:loginOnBehalf",
            "Name": "Login on behalf of a customer",
            "Description": "Permission to login on behalf of a customer to Storefront."
          }
        ],
        "Id": "5b47b4b215434c0cb48c083541d8ff5c"
      },
      {
        "Name": "Demo site tester",
        "Description": "Role for demo site testing.",
        "Permissions": [
          {
            "Id": "tax:manage",
            "Name": "Manage tax settings",
            "Description": "Permission to manage avalara tax settings."
          },
          {
            "Id": "store:query",
            "Name": "Browse stores",
            "Description": "Permission to open stores menu and browse data."
          },
          {
            "Id": "marketing:query",
            "Name": "Browse marketing data",
            "Description": "Permission to open marketing menu and browse data."
          },
          {
            "Id": "marketing:manage",
            "Name": "Manage marketing",
            "Description": "Permission to manage marketing information."
          },
          {
            "Id": "customer:manage",
            "Name": "Manage customers",
            "Description": "Permission to manage customers information."
          },
          {
            "Id": "inventory:manage",
            "Name": "Manage inventory",
            "Description": "Permission to manage inventory information."
          },
          {
            "Id": "catalog:categories:manage",
            "Name": "Manage categories",
            "Description": "Permission to manage catalog categories."
          },
          {
            "Id": "pricing:query",
            "Name": "Browse pricing data",
            "Description": "Permission to open pricing menu and browse data."
          },
          {
            "Id": "cart:manage",
            "Name": "Manage carts",
            "Description": "Permission to manage cart."
          },
          {
            "Id": "VirtoCommerce.Search:Index:Rebuild",
            "Name": "Rebuild Index",
            "Description": "Allows to delete search index and build it again."
          },
          {
            "Id": "fulfillment:manage",
            "Name": "Manage fulfillment settings",
            "Description": "Permission to manage shipstation fulfillment."
          },
          {
            "Id": "catalog:query",
            "Name": "Browse catalog data",
            "Description": "Permission to open catalog menu and browse data."
          },
          {
            "Id": "platform:security:query",
            "Name": "Browse security data",
            "Description": "Permission to open security menu and view roles and users data."
          },
          {
            "Id": "customer:query",
            "Name": "Browse customers",
            "Description": "Permission to open customers menu and browse data."
          },
          {
            "Id": "order:query",
            "Name": "Browse orders",
            "Description": "Permission to open orders menu and browse data."
          },
          {
            "Id": "core:fulfillment:manage",
            "Name": "Manage fulfillment centers",
            "Description": "Permission to manage fulfillment centers."
          },
          {
            "Id": "pricing:manage",
            "Name": "Manage pricing data",
            "Description": "Permission to manage pricing information."
          },
          {
            "Id": "content:query",
            "Name": "Browse store content data",
            "Description": "Permission to open store content menu and browse data."
          },
          {
            "Id": "platform:module:query",
            "Name": "Browse modules",
            "Description": "Permission to open modules menu and browse data."
          },
          {
            "Id": "catalog:items:manage",
            "Name": "Manage catalog items",
            "Description": "Permission to manage catalog items."
          },
          {
            "Id": "security:call_api",
            "Name": "Call Web API methods",
            "Description": "Allows to make calls to Web API methods."
          },
          {
            "Id": "cart:query",
            "Name": "Browse carts",
            "Description": "Permission to open carts menu and browse data."
          },
          {
            "Id": "order:manage",
            "Name": "Manage orders",
            "Description": "Permission to manage orders."
          },
          {
            "Id": "customer:loginOnBehalf",
            "Name": "Login on behalf of a customer",
            "Description": "Permission to login on behalf of a customer to Storefront."
          },
          {
            "Id": "platform:dynamic_properties:manage",
            "Name": "Manage dynamic properties",
            "Description": "Permission to manage dynamic properties."
          }
        ],
        "Id": "6bb42727811b40e38f067cb03d4b84bd"
      },
      {
        "Name": "Shipping receiving",
        "Description": "Inventory management",
        "Permissions": [
          {
            "Id": "inventory:manage",
            "Name": "Manage inventory",
            "Description": "Permission to manage inventory information."
          },
          {
            "Id": "fulfillment:manage",
            "Name": "Manage fulfillment settings",
            "Description": "Permission to manage shipstation fulfillment."
          }
        ],
        "Id": "2eaaee6b40064056acb505145a5a82b6"
      },
      {
        "Name": "Store marketing",
        "Description": "Manage stores and marketing data.",
        "Permissions": [
          {
            "Id": "pricing:manage",
            "Name": "Manage pricing data",
            "Description": "Permission to manage pricing information."
          },
          {
            "Id": "customer:query",
            "Name": "Browse customers",
            "Description": "Permission to open customers menu and browse data."
          },
          {
            "Id": "catalog:virtual_catalogs:manage",
            "Name": "Manage virtual catalogs",
            "Description": "Permission to manage virtual catalogs."
          },
          {
            "Id": "catalog:query",
            "Name": "Browse catalog data",
            "Description": "Permission to open catalog menu and browse data."
          },
          {
            "Id": "content:manage",
            "Name": "Manage store content data",
            "Description": "Permission to manage store content data."
          },
          {
            "Id": "content:query",
            "Name": "Browse store content data",
            "Description": "Permission to open store content menu and browse data."
          },
          {
            "Id": "store:query",
            "Name": "Browse stores",
            "Description": "Permission to open stores menu and browse data."
          },
          {
            "Id": "pricing:query",
            "Name": "Browse pricing data",
            "Description": "Permission to open pricing menu and browse data."
          },
          {
            "Id": "marketing:manage",
            "Name": "Manage marketing",
            "Description": "Permission to manage marketing information."
          },
          {
            "Id": "store:manage",
            "Name": "Manage stores",
            "Description": "Permission to manage stores information."
          },
          {
            "Id": "marketing:query",
            "Name": "Browse marketing data",
            "Description": "Permission to open marketing menu and browse data."
          }
        ],
        "Id": "9d35a08e5c9146128185d6bafa1d4375"
      }
    ]
  },
  "Settings": [
    {
      "ModuleId": "VirtoCommerce.Catalog",
      "GroupName": "Catalog|General",
      "Name": "Catalog.ExportImport.Description",
      "Value": "Export/Import catalogs, categories, products, properties with images binary if you check binary flag",
      "ValueType": 0,
      "DefaultValue": "Export/Import catalogs, categories, products, properties with images binary if you check binary flag",
      "IsArray": false,
      "Title": "Export/Import description",
      "Description": "Module description in platform export/import wizard"
    },
    {
      "ModuleId": "VirtoCommerce.Content",
      "GroupName": "CMS Content|General",
      "Name": "VirtoCommerce.Content.ExportImport.Description",
      "Value": "Export/Import pages, themes, links, menu items ",
      "ValueType": 0,
      "DefaultValue": "Export/Import pages, themes, links, menu items ",
      "IsArray": false,
      "Title": "Export/Import description",
      "Description": "Module description in platform export/import wizard"
    },
    {
      "ModuleId": "VirtoCommerce.Content",
      "GroupName": "CMS Content|GitHub",
      "Name": "VirtoCommerce.Content.GitHub.Login",
      "Value": "qwerty",
      "ValueType": 0,
      "DefaultValue": "qwerty",
      "IsArray": false,
      "Title": "Github User Login",
      "Description": "Github user login for connect to github repository"
    },
    {
      "ModuleId": "VirtoCommerce.Content",
      "GroupName": "CMS Content|GitHub",
      "Name": "VirtoCommerce.Content.GitHub.OwnerName",
      "Value": "qwerty",
      "ValueType": 0,
      "DefaultValue": "qwerty",
      "IsArray": false,
      "Title": "Github Repository Owner Name",
      "Description": "Github repository owner name"
    },
    {
      "ModuleId": "VirtoCommerce.Content",
      "GroupName": "CMS Content|GitHub",
      "Name": "VirtoCommerce.Content.GitHub.Password",
      "Value": "qwerty",
      "ValueType": 0,
      "DefaultValue": "qwerty",
      "IsArray": false,
      "Title": "Github User Password",
      "Description": "Github user password for connect to github repository"
    },
    {
      "ModuleId": "VirtoCommerce.Content",
      "GroupName": "CMS Content|GitHub",
      "Name": "VirtoCommerce.Content.GitHub.ProductHeaderValue",
      "Value": "qwerty",
      "ValueType": 0,
      "DefaultValue": "qwerty",
      "IsArray": false,
      "Title": "Github Product Header Value",
      "Description": "Github product header value"
    },
    {
      "ModuleId": "VirtoCommerce.Content",
      "GroupName": "CMS Content|GitHub",
      "Name": "VirtoCommerce.Content.GitHub.RepositoryName",
      "Value": "qwerty",
      "ValueType": 0,
      "DefaultValue": "qwerty",
      "IsArray": false,
      "Title": "Github Repository Name",
      "Description": "Github repository name"
    },
    {
      "ModuleId": "VirtoCommerce.Content",
      "GroupName": "CMS Content|Main Properties",
      "Name": "VirtoCommerce.Content.MainProperties.PagesRepositoryType",
      "Value": "Database",
      "ValueType": 0,
      "AllowedValues": [
        "Database",
        "File system"
      ],
      "DefaultValue": "Database",
      "IsArray": false,
      "Title": "Pages repository type",
      "Description": "Select one of the allowed pages repository types"
    },
    {
      "ModuleId": "VirtoCommerce.Content",
      "GroupName": "CMS Content|Main Properties",
      "Name": "VirtoCommerce.Content.MainProperties.ThemesRepositoryType",
      "Value": "Database",
      "ValueType": 0,
      "AllowedValues": [
        "Database",
        "File system"
      ],
      "DefaultValue": "Database",
      "IsArray": false,
      "Title": "Themes repository type",
      "Description": "Select one of the allowed themes repository types"
    },
    {
      "ModuleId": "VirtoCommerce.Core",
      "GroupName": "Commerce|General",
      "Name": "VirtoCommerce.Core.ExportImport.Description",
      "Value": "Export/Import fulfillment centers",
      "ValueType": 0,
      "DefaultValue": "Export/Import fulfillment centers",
      "IsArray": false,
      "Title": "Export/Import description",
      "Description": "Module description in platform export/import wizard"
    },
    {
      "ModuleId": "VirtoCommerce.Core",
      "GroupName": "Commerce|General",
      "Name": "VirtoCommerce.Core.General.Currencies",
      "Value": "USD",
      "ValueType": 0,
      "DefaultValue": "USD",
      "IsArray": true,
      "ArrayValues": [
        "USD",
        "EUR",
        "JPY",
        "GBP"
      ],
      "Title": "Currencies",
      "Description": "Currencies available in system"
    },
    {
      "ModuleId": "VirtoCommerce.Core",
      "GroupName": "Commerce|General",
      "Name": "VirtoCommerce.Core.General.Languages",
      "Value": "en-US",
      "ValueType": 0,
      "DefaultValue": "en-US",
      "IsArray": true,
      "ArrayValues": [
        "ru-RU",
        "fr-FR",
        "de-DE",
        "ja-JP",
        "zh-CN",
        "en-US"
      ],
      "Title": "Languages",
      "Description": "Languages available in system"
    },
    {
      "ModuleId": "VirtoCommerce.Core",
      "GroupName": "Commerce|General",
      "Name": "VirtoCommerce.Core.General.TaxTypes",
      "Value": "Default",
      "ValueType": 0,
      "DefaultValue": "Default",
      "IsArray": true,
      "ArrayValues": [],
      "Title": "Tax types",
      "Description": "Tax types available in system"
    },
    {
      "ModuleId": "VirtoCommerce.Customer",
      "GroupName": "Customer|General",
      "Name": "Customer.ExportImport.Description",
      "Value": "Export/Import contacts and organizations",
      "ValueType": 0,
      "DefaultValue": "Export/Import contacts and organizations",
      "IsArray": false,
      "Title": "Export/Import description",
      "Description": "Module description in platform export/import wizard"
    },
    {
      "ModuleId": "VirtoCommerce.Inventory",
      "GroupName": "Inventory|General",
      "Name": "Inventory.ExportImport.Description",
      "Value": "Export/Import inventory information",
      "ValueType": 0,
      "DefaultValue": "Export/Import inventory information",
      "IsArray": false,
      "Title": "Export/Import description",
      "Description": "Module description in platform export/import wizard"
    },
    {
      "ModuleId": "VirtoCommerce.Marketing",
      "GroupName": "Marketing|General",
      "Name": "Marketing.ExportImport.Description",
      "Value": "Export/Import promotions and dynamic contents (places, contents, publications)",
      "ValueType": 0,
      "DefaultValue": "Export/Import promotions and dynamic contents (places, contents, publications)",
      "IsArray": false,
      "Title": "Export/Import description",
      "Description": "Module description in platform export/import wizard"
    },
    {
      "ModuleId": "VirtoCommerce.Orders",
      "GroupName": "Orders|General",
      "Name": "Order.ExportImport.Description",
      "Value": "Export/Import customer orders with all related objects (line items, shipments, payments etc)",
      "ValueType": 0,
      "DefaultValue": "Export/Import customer orders with all related objects (line items, shipments, payments etc)",
      "IsArray": false,
      "Title": "Export/Import description",
      "Description": "Module description in platform export/import wizard"
    },
    {
      "ModuleId": "VirtoCommerce.Orders",
      "GroupName": "Orders|General",
      "Name": "Order.Status",
      "Value": "New",
      "ValueType": 0,
      "DefaultValue": "New",
      "IsArray": true,
      "ArrayValues": [
        "Cancelled",
        "Completed",
        "New",
        "Processing"
      ],
      "Title": "Customer order statuses",
      "Description": "Customer order statuses"
    },
    {
      "ModuleId": "VirtoCommerce.Orders",
      "GroupName": "Orders|General",
      "Name": "PaymentIn.Status",
      "Value": "New",
      "ValueType": 0,
      "DefaultValue": "New",
      "IsArray": true,
      "ArrayValues": [
        "Refunded",
        "Authorized",
        "Cancelled",
        "New",
        "Voided",
        "PartiallyRefunded",
        "Custom",
        "Paid",
        "Pending"
      ],
      "Title": "Payment statuses",
      "Description": "Incoming payment statuses"
    },
    {
      "ModuleId": "VirtoCommerce.Orders",
      "GroupName": "Orders|General",
      "Name": "Shipment.Status",
      "Value": "New",
      "ValueType": 0,
      "DefaultValue": "New",
      "IsArray": true,
      "ArrayValues": [
        "ReadyToSend",
        "New",
        "Send",
        "PickPack",
        "Cancelled"
      ],
      "Title": "Shipment statuses",
      "Description": "Shipment statuses"
    },
    {
      "ModuleId": "VirtoCommerce.Pricing",
      "GroupName": "Pricing|General",
      "Name": "Pricing.ExportImport.Description",
      "Value": "Export/Import price lists, assignments and prices",
      "ValueType": 0,
      "DefaultValue": "Export/Import price lists, assignments and prices",
      "IsArray": false,
      "Title": "Export/Import description",
      "Description": "Module description in platform export/import wizard"
    },
    {
      "ModuleId": "VirtoCommerce.Store",
      "GroupName": "Store|Caching",
      "Name": "Stores.Caching.Enabled",
      "Value": "True",
      "ValueType": 5,
      "DefaultValue": "true",
      "IsArray": false,
      "Title": "Caching Enabled",
      "Description": "Specified if caching is enabled for Stores"
    },
    {
      "ModuleId": "VirtoCommerce.Store",
      "GroupName": "Store|Caching",
      "Name": "Stores.Caching.StoreTimeout",
      "Value": "30",
      "ValueType": 2,
      "DefaultValue": "30",
      "IsArray": false,
      "Title": "Store Timeout (in seconds)",
      "Description": "Specify caching timeout in seconds for store entity"
    },
    {
      "ModuleId": "VirtoCommerce.Store",
      "GroupName": "Store|General",
      "Name": "Stores.ExportImport.Description",
      "Value": "Export/Import stores with all related informations",
      "ValueType": 0,
      "DefaultValue": "Export/Import stores with all related informations",
      "IsArray": false,
      "Title": "Export/Import description",
      "Description": "Module description in platform export/import wizard"
    },
    {
      "ModuleId": "VirtoCommerce.Store",
      "GroupName": "Store|General",
      "Name": "Stores.States",
      "Value": "Open",
      "ValueType": 0,
      "DefaultValue": "Open",
      "IsArray": true,
      "ArrayValues": [
        "Closed",
        "RestrictedAccess",
        "Open"
      ],
      "Title": "States",
      "Description": "States that a store can be in"
    },
    {
      "ModuleId": "VirtoCommerce.Swachbuckle",
      "GroupName": "SwashBuckle|General",
      "Name": "Swashbuckle.DefaultApiKey",
      "Value": "b99df7edaa084e779aa7ba108147b9e2",
      "ValueType": 0,
      "DefaultValue": "",
      "IsArray": false,
      "Title": "Default api key",
      "Description": "Default api key for Swashbuckle requests from UI"
    },
    {
      "ModuleId": "VirtoCommerce.Swachbuckle",
      "GroupName": "SwashBuckle|General",
      "Name": "Swashbuckle.ExportImport.Description",
      "Value": "Export/Import api secret key",
      "ValueType": 0,
      "DefaultValue": "Export/Import api secret key",
      "IsArray": false,
      "Title": "Export/Import description",
      "Description": "Module description in platform export/import wizard"
    }
  ],
  "DynamicPropertyDictionaryItems": [
    {
      "PropertyId": "2380cb15cd3f4e54b8060cba7003b61f",
      "Name": "html",
      "DisplayNames": [],
      "CreatedDate": "2015-08-19T12:47:29.193",
      "ModifiedDate": "2015-08-19T12:47:29.193",
      "CreatedBy": "unknown",
      "ModifiedBy": "unknown",
      "Id": "66f6ca31fc9a4cb6a1200157675cd3ab"
    },
    {
      "PropertyId": "2380cb15cd3f4e54b8060cba7003b61f",
      "Name": "image",
      "DisplayNames": [],
      "CreatedDate": "2015-08-19T12:47:29.193",
      "ModifiedDate": "2015-08-19T12:47:29.193",
      "CreatedBy": "unknown",
      "ModifiedBy": "unknown",
      "Id": "b0fffb5364ab42e6a166933f399cdeac"
    },
    {
      "PropertyId": "Marketing_DynamicContentItem_Type_Property",
      "Name": "Html",
      "DisplayNames": [],
      "CreatedDate": "2015-08-19T12:47:29.247",
      "ModifiedDate": "2015-08-19T12:47:29.247",
      "CreatedBy": "unknown",
      "ModifiedBy": "unknown",
      "Id": "8539baa3fe83445a8052209b9bdd498c"
    },
    {
      "PropertyId": "Marketing_DynamicContentItem_Type_Property",
      "Name": "Slider",
      "DisplayNames": [],
      "CreatedDate": "2015-08-19T12:47:29.247",
      "ModifiedDate": "2015-08-19T12:47:29.247",
      "CreatedBy": "unknown",
      "ModifiedBy": "unknown",
      "Id": "49e01b3e5ac54d31b4fbe66eae4ab5d5"
    }
  ],
  "DynamicProperties": [
    {
      "Name": "content type",
      "ObjectType": "VirtoCommerce.Domain.Customer.Model.Contact",
      "IsArray": false,
      "IsDictionary": true,
      "IsMultilingual": false,
      "IsRequired": false,
      "ValueType": "ShortText",
      "DisplayNames": [
        {
          "Locale": "zh-CN"
        },
        {
          "Locale": "ru-RU"
        },
        {
          "Locale": "fr-FR"
        },
        {
          "Locale": "ja-JP"
        },
        {
          "Locale": "en-US"
        },
        {
          "Locale": "de-DE"
        }
      ],
      "CreatedDate": "2015-08-19T12:47:28.913",
      "ModifiedDate": "2015-08-19T12:47:28.913",
      "CreatedBy": "unknown",
      "ModifiedBy": "unknown",
      "Id": "2380cb15cd3f4e54b8060cba7003b61f"
    },
    {
      "Name": "Position in organization",
      "ObjectType": "VirtoCommerce.Domain.Customer.Model.Contact",
      "IsArray": false,
      "IsDictionary": false,
      "IsMultilingual": false,
      "IsRequired": false,
      "ValueType": "ShortText",
      "DisplayNames": [
        {
          "Locale": "zh-CN"
        },
        {
          "Locale": "en-US"
        },
        {
          "Locale": "ru-RU"
        },
        {
          "Locale": "de-DE"
        },
        {
          "Locale": "fr-FR"
        }
      ],
      "CreatedDate": "2015-08-19T12:47:28.913",
      "ModifiedDate": "2015-08-19T12:47:28.913",
      "CreatedBy": "unknown",
      "ModifiedBy": "unknown",
      "Id": "e7d0107305ca43dea5b138c161015820"
    },
    {
      "Name": "sample",
      "ObjectType": "VirtoCommerce.Domain.Customer.Model.Contact",
      "IsArray": false,
      "IsDictionary": false,
      "IsMultilingual": false,
      "IsRequired": false,
      "ValueType": "LongText",
      "DisplayNames": [
        {
          "Locale": "ja-JP"
        },
        {
          "Locale": "fr-FR"
        },
        {
          "Locale": "ru-RU"
        },
        {
          "Locale": "de-DE"
        },
        {
          "Locale": "zh-CN"
        },
        {
          "Locale": "en-US"
        }
      ],
      "CreatedDate": "2015-08-19T12:47:28.913",
      "ModifiedDate": "2015-08-19T12:47:28.913",
      "CreatedBy": "unknown",
      "ModifiedBy": "unknown",
      "Id": "d6312079feac443db46a71e5554398da"
    },
    {
      "Name": "Content type",
      "ObjectType": "VirtoCommerce.Domain.Marketing.Model.DynamicContentItem",
      "IsArray": false,
      "IsDictionary": true,
      "IsMultilingual": false,
      "IsRequired": false,
      "ValueType": "ShortText",
      "DisplayNames": [
        {
          "Locale": "de-DE"
        },
        {
          "Locale": "en-US"
        },
        {
          "Locale": "zh-CN"
        },
        {
          "Locale": "fr-FR"
        },
        {
          "Locale": "ja-JP"
        },
        {
          "Locale": "ru-RU"
        }
      ],
      "CreatedDate": "2015-08-19T12:46:27.447",
      "ModifiedDate": "2015-08-19T12:46:27.447",
      "CreatedBy": "unknown",
      "ModifiedBy": "unknown",
      "Id": "Marketing_DynamicContentItem_Type_Property"
    },
    {
      "Name": "ImageLinks",
      "ObjectType": "VirtoCommerce.Domain.Marketing.Model.DynamicContentItem",
      "IsArray": true,
      "IsDictionary": false,
      "IsMultilingual": false,
      "IsRequired": false,
      "ValueType": "ShortText",
      "DisplayNames": [
        {
          "Locale": "de-DE"
        },
        {
          "Locale": "zh-CN"
        },
        {
          "Locale": "fr-FR"
        },
        {
          "Locale": "en-US"
        },
        {
          "Locale": "ru-RU"
        }
      ],
      "CreatedDate": "2015-08-19T12:47:28.913",
      "ModifiedDate": "2015-08-19T12:47:28.913",
      "CreatedBy": "unknown",
      "ModifiedBy": "unknown",
      "Id": "5a4781df355a4317909b7a68d53a4019"
    }
  ]
}