﻿{
  "IsNotEmpty": true,
  "Users": [
    {
      "Id": "1eb2fa8ac6574541afdb525833dadb46",
      "UserName": "admin",
      "UserType": "Administrator",
      "UserState": "Approved",
      "PasswordHash": "AHQSmKnSLYrzj9vtdDWWnUXojjpmuDW2cHvWloGL9UL3TC9UCfBmbIuR2YCyg4BpNg==",
      "SecurityStamp": "",
      "Roles": [],
      "Permissions": [],
      "ApiAccounts": []
    },
    {
      "Id": "12091a82-bda0-4ee9-ae41-d3cda6f8cddd",
      "UserName": "apiDocs",
      "UserType": "SiteAdministrator",
      "UserState": "Approved",
      "PasswordHash": "AJ1mgvZz5/1rK4ozou1GGLRrdlcQ4jCoJaoqI4xic0WfCtu9OibvI1mw+bRQmc+F3g==",
      "SecurityStamp": "37aa5497-a9bb-43aa-a423-faa6f42e96b6",
      "Roles": [
        {
          "Name": "API Client",
          "Description": "Allows to make calls to Web API methods.",
          "Permissions": [
            {
              "Id": "security:call_api",
              "Name": "Call Web API methods",
              "Description": "Allows to make calls to Web API methods."
            }
          ],
          "Id": "beac09f4becf4ca28a834e9aa8ceb7b2"
        }
      ],
      "Permissions": [
        "security:call_api"
      ],
      "ApiAccounts": []
    },
    {
      "Id": "484be091-68a0-4d37-a3b5-031a97511b1e",
      "UserName": "barbar@example.com",
      "Email": "barbar@example.com",
      "UserType": "GuestUser",
      "UserState": "Approved",
      "SecurityStamp": "4e488ab4-8037-4b5b-8111-49e1e0989581",
      "Roles": [],
      "Permissions": [],
      "ApiAccounts": []
    },
    {
      "Id": "d648bf0f-a866-4152-9ded-9160edc84564",
      "UserName": "bomba89@example.com",
      "Email": "bomba89@example.com",
      "UserType": "GuestUser",
      "UserState": "Approved",
      "SecurityStamp": "9dc0a76a-016c-466e-9399-f2a062a34b64",
      "Roles": [],
      "Permissions": [],
      "ApiAccounts": []
    },
    {
      "Id": "60cdf106-3b80-4bd1-a8c9-9f16fb67f13e",
      "UserName": "calfor99@example.com",
      "Email": "calfor99@example.com",
      "UserType": "GuestUser",
      "UserState": "Approved",
      "SecurityStamp": "a92f65b0-367d-4028-ae4d-0053639c88dd",
      "Roles": [],
      "Permissions": [],
      "ApiAccounts": []
    },
    {
      "Id": "9b605a3096ba4cc8bc0b8d80c397c59f",
      "UserName": "frontend",
      "UserType": "Administrator",
      "UserState": "Approved",
      "PasswordHash": "AHQSmKnSLYrzj9vtdDWWnUXojjpmuDW2cHvWloGL9UL3TC9UCfBmbIuR2YCyg4BpNg==",
      "SecurityStamp": "",
      "Roles": [],
      "Permissions": [],
      "ApiAccounts": [
        {
          "Id": "ff66ad3ca5504f60b7ba0b357400571b",
          "Name": "Frontend",
          "ApiAccountType": "Hmac",
          "IsActive": true,
          "AppId": "27e0d789f12641049bd0e939185b4fd2",
          "SecretKey": "34f0a3c12c9dbb59b63b5fece955b7b2b9a3b20f84370cba1524dd5c53503a2e2cb733536ecf7ea1e77319a47084a3a2c9d94d36069a432ecc73b72aeba6ea78"
        }
      ]
    },
    {
      "Id": "e8aee115-5850-4d83-ba24-2d1252f1750e",
      "UserName": "georgebas@example.com",
      "Email": "georgebas@example.com",
      "UserType": "GuestUser",
      "UserState": "Approved",
      "SecurityStamp": "4d2419f2-bb8b-4d47-8f4a-5c5ba50db0ad",
      "Roles": [],
      "Permissions": [],
      "ApiAccounts": []
    },
    {
      "Id": "ce3e8d6b-f4ff-418c-94bc-1251ce43bff4",
      "UserName": "goal44@example.com",
      "Email": "goal44@example.com",
      "UserType": "GuestUser",
      "UserState": "Approved",
      "SecurityStamp": "bee2c574-b9db-4ba8-8334-777feef7f268",
      "Roles": [],
      "Permissions": [],
      "ApiAccounts": []
    },
    {
      "Id": "7007304c-bdce-4893-8451-7ceaba71ebde",
      "UserName": "johstar@example.com",
      "Email": "johstar@example.com",
      "UserType": "GuestUser",
      "UserState": "Approved",
      "SecurityStamp": "2d491501-b413-4587-be0c-4fe141cd2259",
      "Roles": [],
      "Permissions": [],
      "ApiAccounts": []
    },
    {
      "Id": "580ce9e2-5691-4b40-8336-84bb7deff667",
      "UserName": "whity@example.com",
      "Email": "whity@example.com",
      "UserType": "GuestUser",
      "UserState": "Approved",
      "SecurityStamp": "c6d55baa-3ebe-4196-82b4-65ad9a471e01",
      "Roles": [],
      "Permissions": [],
      "ApiAccounts": []
    }
  ],
  "Roles": {
    "$type": "VirtoCommerce.Platform.Core.Security.Role[], VirtoCommerce.Platform.Core, Version=2.4.0.0, Culture=neutral, PublicKeyToken=null",
    "$values": [
      {
        "Name": "API Client",
        "Description": "Allows to make calls to Web API methods.",
        "Permissions": [
          {
            "Id": "security:call_api",
            "Name": "Call Web API methods",
            "Description": "Allows to make calls to Web API methods."
          }
        ],
        "Id": "5b879ba1c796482c811635f1f3e0516e"
      },
      {
        "Name": "API Client",
        "Description": "Allows to make calls to Web API methods.",
        "Permissions": [
          {
            "Id": "security:call_api",
            "Name": "Call Web API methods",
            "Description": "Allows to make calls to Web API methods."
          }
        ],
        "Id": "beac09f4becf4ca28a834e9aa8ceb7b2"
      },
      {
        "Name": "Catalog manager",
        "Description": "Manage catalogs and prices.",
        "Permissions": [
          {
            "Id": "catalog:query",
            "Name": "Browse catalog data",
            "Description": "Permission to open catalog menu and browse data."
          },
          {
            "Id": "catalog:virtual_catalogs:manage",
            "Name": "Manage virtual catalogs",
            "Description": "Permission to manage virtual catalogs."
          },
          {
            "Id": "pricing:manage",
            "Name": "Manage pricing data",
            "Description": "Permission to manage pricing information."
          },
          {
            "Id": "catalog:catalogs:manage",
            "Name": "Manage catalogs",
            "Description": "Permission to manage catalogs."
          },
          {
            "Id": "pricing:query",
            "Name": "Browse pricing data",
            "Description": "Permission to open pricing menu and browse data."
          },
          {
            "Id": "catalog:items:manage",
            "Name": "Manage catalog items",
            "Description": "Permission to manage catalog items."
          },
          {
            "Id": "catalog:categories:manage",
            "Name": "Manage categories",
            "Description": "Permission to manage catalog categories."
          }
        ],
        "Id": "9335c835851041a5939ba35291407596"
      },
      {
        "Name": "Configuration manager",
        "Description": "System administrator",
        "Permissions": [
          {
            "Id": "googleShopping:manage",
            "Name": "Manage Google Shopping",
            "Description": "Permission to manage Google Shopping Merchant."
          },
          {
            "Id": "platform:dynamic_properties:manage",
            "Name": "Manage dynamic properties",
            "Description": "Permission to manage dynamic properties."
          },
          {
            "Id": "platform:module:query",
            "Name": "Browse modules",
            "Description": "Permission to open modules menu and browse data."
          },
          {
            "Id": "helpdeskModule:manage",
            "Name": "Manage Zendesk helpdesk",
            "Description": "Permission to manage Zendesk functionality."
          },
          {
            "Id": "VirtoCommerce.Search:Debug",
            "Name": "Debug search providers",
            "Description": "Allows to use low level search API."
          },
          {
            "Id": "fulfillment:manage",
            "Name": "Manage fulfillment settings",
            "Description": "Permission to manage shipstation fulfillment."
          },
          {
            "Id": "platform:module:manage",
            "Name": "Manage modules",
            "Description": "Permission to manage modules."
          },
          {
            "Id": "tax:manage",
            "Name": "Manage tax settings",
            "Description": "Permission to manage avalara tax settings."
          },
          {
            "Id": "core:fulfillment:manage",
            "Name": "Manage fulfillment centers",
            "Description": "Permission to manage fulfillment centers."
          },
          {
            "Id": "background_jobs:manage",
            "Name": "Manage background jobs",
            "Description": "Allows to view and manage background jobs."
          },
          {
            "Id": "mailing:manage",
            "Name": "Manage mailing settings",
            "Description": "Permission to manage mass mailing to customers."
          },
          {
            "Id": "platform:setting:manage",
            "Name": "Manage settings",
            "Description": "Permission to manage settings."
          },
          {
            "Id": "VirtoCommerce.Search:Index:Rebuild",
            "Name": "Rebuild Index",
            "Description": "Allows to delete search index and build it again."
          }
        ],
        "Id": "da5998d8a2c949328477d24ca63f0753"
      },
      {
        "Name": "Customer service agent",
        "Description": "Manage Customers and view related information.",
        "Permissions": [
          {
            "Id": "order:manage",
            "Name": "Manage orders",
            "Description": "Permission to manage orders."
          },
          {
            "Id": "customer:loginOnBehalf",
            "Name": "Login on behalf of a customer",
            "Description": "Permission to login on behalf of a customer to Storefront."
          },
          {
            "Id": "pricing:query",
            "Name": "Browse pricing data",
            "Description": "Permission to open pricing menu and browse data."
          },
          {
            "Id": "catalog:query",
            "Name": "Browse catalog data",
            "Description": "Permission to open catalog menu and browse data."
          },
          {
            "Id": "helpdeskModule:manage",
            "Name": "Manage Zendesk helpdesk",
            "Description": "Permission to manage Zendesk functionality."
          },
          {
            "Id": "customer:query",
            "Name": "Browse customers",
            "Description": "Permission to open customers menu and browse data."
          },
          {
            "Id": "order:query",
            "Name": "Browse orders",
            "Description": "Permission to open orders menu and browse data."
          },
          {
            "Id": "customer:manage",
            "Name": "Manage customers",
            "Description": "Permission to manage customers information."
          }
        ],
        "Id": "5b47b4b215434c0cb48c083541d8ff5c"
      },
      {
        "Name": "Shipping receiving",
        "Description": "Inventory management",
        "Permissions": [
          {
            "Id": "fulfillment:manage",
            "Name": "Manage fulfillment settings",
            "Description": "Permission to manage shipstation fulfillment."
          },
          {
            "Id": "inventory:manage",
            "Name": "Manage inventory",
            "Description": "Permission to manage inventory information."
          }
        ],
        "Id": "2eaaee6b40064056acb505145a5a82b6"
      },
      {
        "Name": "Store marketing",
        "Description": "Manage stores and marketing data.",
        "Permissions": [
          {
            "Id": "store:manage",
            "Name": "Manage stores",
            "Description": "Permission to manage stores information."
          },
          {
            "Id": "content:query",
            "Name": "Browse store content data",
            "Description": "Permission to open store content menu and browse data."
          },
          {
            "Id": "pricing:manage",
            "Name": "Manage pricing data",
            "Description": "Permission to manage pricing information."
          },
          {
            "Id": "marketing:manage",
            "Name": "Manage marketing",
            "Description": "Permission to manage marketing information."
          },
          {
            "Id": "catalog:virtual_catalogs:manage",
            "Name": "Manage virtual catalogs",
            "Description": "Permission to manage virtual catalogs."
          },
          {
            "Id": "pricing:query",
            "Name": "Browse pricing data",
            "Description": "Permission to open pricing menu and browse data."
          },
          {
            "Id": "store:query",
            "Name": "Browse stores",
            "Description": "Permission to open stores menu and browse data."
          },
          {
            "Id": "marketing:query",
            "Name": "Browse marketing data",
            "Description": "Permission to open marketing menu and browse data."
          },
          {
            "Id": "customer:query",
            "Name": "Browse customers",
            "Description": "Permission to open customers menu and browse data."
          },
          {
            "Id": "catalog:query",
            "Name": "Browse catalog data",
            "Description": "Permission to open catalog menu and browse data."
          },
          {
            "Id": "content:manage",
            "Name": "Manage store content data",
            "Description": "Permission to manage store content data."
          }
        ],
        "Id": "9d35a08e5c9146128185d6bafa1d4375"
      }
    ]
  },
  "Settings": [
    {
      "ModuleId": "VirtoCommerce.Catalog",
      "GroupName": "Catalog|General",
      "Name": "Catalog.ExportImport.Description",
      "Value": "Export/Import catalogs, categories, products, properties with images binary if you check binary flag",
      "ValueType": 0,
      "DefaultValue": "Export/Import catalogs, categories, products, properties with images binary if you check binary flag",
      "IsArray": false,
      "Title": "Export/Import description",
      "Description": "Module description in platform export/import wizard"
    },
    {
      "ModuleId": "VirtoCommerce.Content",
      "GroupName": "CMS Content|General",
      "Name": "VirtoCommerce.Content.ExportImport.Description",
      "Value": "Export/Import pages, themes, links, menu items ",
      "ValueType": 0,
      "DefaultValue": "Export/Import pages, themes, links, menu items ",
      "IsArray": false,
      "Title": "Export/Import description",
      "Description": "Module description in platform export/import wizard"
    },
    {
      "ModuleId": "VirtoCommerce.Content",
      "GroupName": "CMS Content|GitHub",
      "Name": "VirtoCommerce.Content.GitHub.Login",
      "Value": "qwerty",
      "ValueType": 0,
      "DefaultValue": "qwerty",
      "IsArray": false,
      "Title": "Github User Login",
      "Description": "Github user login for connect to github repository"
    },
    {
      "ModuleId": "VirtoCommerce.Content",
      "GroupName": "CMS Content|GitHub",
      "Name": "VirtoCommerce.Content.GitHub.OwnerName",
      "Value": "qwerty",
      "ValueType": 0,
      "DefaultValue": "qwerty",
      "IsArray": false,
      "Title": "Github Repository Owner Name",
      "Description": "Github repository owner name"
    },
    {
      "ModuleId": "VirtoCommerce.Content",
      "GroupName": "CMS Content|GitHub",
      "Name": "VirtoCommerce.Content.GitHub.Password",
      "Value": "qwerty",
      "ValueType": 0,
      "DefaultValue": "qwerty",
      "IsArray": false,
      "Title": "Github User Password",
      "Description": "Github user password for connect to github repository"
    },
    {
      "ModuleId": "VirtoCommerce.Content",
      "GroupName": "CMS Content|GitHub",
      "Name": "VirtoCommerce.Content.GitHub.ProductHeaderValue",
      "Value": "qwerty",
      "ValueType": 0,
      "DefaultValue": "qwerty",
      "IsArray": false,
      "Title": "Github Product Header Value",
      "Description": "Github product header value"
    },
    {
      "ModuleId": "VirtoCommerce.Content",
      "GroupName": "CMS Content|GitHub",
      "Name": "VirtoCommerce.Content.GitHub.RepositoryName",
      "Value": "qwerty",
      "ValueType": 0,
      "DefaultValue": "qwerty",
      "IsArray": false,
      "Title": "Github Repository Name",
      "Description": "Github repository name"
    },
    {
      "ModuleId": "VirtoCommerce.Content",
      "GroupName": "CMS Content|Main Properties",
      "Name": "VirtoCommerce.Content.MainProperties.PagesRepositoryType",
      "Value": "Database",
      "ValueType": 0,
      "AllowedValues": [
        "Database",
        "File system"
      ],
      "DefaultValue": "Database",
      "IsArray": false,
      "Title": "Pages repository type",
      "Description": "Select one of the allowed pages repository types"
    },
    {
      "ModuleId": "VirtoCommerce.Content",
      "GroupName": "CMS Content|Main Properties",
      "Name": "VirtoCommerce.Content.MainProperties.ThemesRepositoryType",
      "Value": "Database",
      "ValueType": 0,
      "AllowedValues": [
        "Database",
        "File system"
      ],
      "DefaultValue": "Database",
      "IsArray": false,
      "Title": "Themes repository type",
      "Description": "Select one of the allowed themes repository types"
    },
    {
      "ModuleId": "VirtoCommerce.Core",
      "GroupName": "Commerce|General",
      "Name": "VirtoCommerce.Core.ExportImport.Description",
      "Value": "Export/Import fulfillment centers",
      "ValueType": 0,
      "DefaultValue": "Export/Import fulfillment centers",
      "IsArray": false,
      "Title": "Export/Import description",
      "Description": "Module description in platform export/import wizard"
    },
    {
      "ModuleId": "VirtoCommerce.Core",
      "GroupName": "Commerce|General",
      "Name": "VirtoCommerce.Core.General.Currencies",
      "Value": "USD",
      "ValueType": 0,
      "DefaultValue": "USD",
      "IsArray": true,
      "ArrayValues": [
        "USD",
        "JPY",
        "EUR",
        "GBP"
      ],
      "Title": "Currencies",
      "Description": "Currencies available in system"
    },
    {
      "ModuleId": "VirtoCommerce.Core",
      "GroupName": "Commerce|General",
      "Name": "VirtoCommerce.Core.General.Languages",
      "Value": "en-US",
      "ValueType": 0,
      "DefaultValue": "en-US",
      "IsArray": true,
      "ArrayValues": [
        "de-DE",
        "fr-FR",
        "zh-CN",
        "en-US",
        "ja-JP",
        "ru-RU"
      ],
      "Title": "Languages",
      "Description": "Languages available in system"
    },
    {
      "ModuleId": "VirtoCommerce.Core",
      "GroupName": "Commerce|General",
      "Name": "VirtoCommerce.Core.General.TaxTypes",
      "Value": "Default",
      "ValueType": 0,
      "DefaultValue": "Default",
      "IsArray": true,
      "ArrayValues": [],
      "Title": "Tax types",
      "Description": "Tax types available in system"
    },
    {
      "ModuleId": "VirtoCommerce.Customer",
      "GroupName": "Customer|General",
      "Name": "Customer.ExportImport.Description",
      "Value": "Export/Import contacts and organizations",
      "ValueType": 0,
      "DefaultValue": "Export/Import contacts and organizations",
      "IsArray": false,
      "Title": "Export/Import description",
      "Description": "Module description in platform export/import wizard"
    },
    {
      "ModuleId": "VirtoCommerce.Inventory",
      "GroupName": "Inventory|General",
      "Name": "Inventory.ExportImport.Description",
      "Value": "Export/Import inventory information",
      "ValueType": 0,
      "DefaultValue": "Export/Import inventory information",
      "IsArray": false,
      "Title": "Export/Import description",
      "Description": "Module description in platform export/import wizard"
    },
    {
      "ModuleId": "VirtoCommerce.Marketing",
      "GroupName": "Marketing|General",
      "Name": "Marketing.ExportImport.Description",
      "Value": "Export/Import promotions and dynamic contents (places, contents, publications)",
      "ValueType": 0,
      "DefaultValue": "Export/Import promotions and dynamic contents (places, contents, publications)",
      "IsArray": false,
      "Title": "Export/Import description",
      "Description": "Module description in platform export/import wizard"
    },
    {
      "ModuleId": "VirtoCommerce.Orders",
      "GroupName": "Orders|General",
      "Name": "Order.ExportImport.Description",
      "Value": "Export/Import customer orders with all related objects (line items, shipments, payments etc)",
      "ValueType": 0,
      "DefaultValue": "Export/Import customer orders with all related objects (line items, shipments, payments etc)",
      "IsArray": false,
      "Title": "Export/Import description",
      "Description": "Module description in platform export/import wizard"
    },
    {
      "ModuleId": "VirtoCommerce.Orders",
      "GroupName": "Orders|General",
      "Name": "Order.Status",
      "Value": "New",
      "ValueType": 0,
      "DefaultValue": "New",
      "IsArray": true,
      "ArrayValues": [
        "Completed",
        "New",
        "Processing",
        "Cancelled"
      ],
      "Title": "Customer order statuses",
      "Description": "Customer order statuses"
    },
    {
      "ModuleId": "VirtoCommerce.Orders",
      "GroupName": "Orders|General",
      "Name": "PaymentIn.Status",
      "Value": "New",
      "ValueType": 0,
      "DefaultValue": "New",
      "IsArray": true,
      "ArrayValues": [
        "PartiallyRefunded",
        "Pending",
        "Refunded",
        "Authorized",
        "New",
        "Paid",
        "Custom",
        "Cancelled",
        "Voided"
      ],
      "Title": "Payment statuses",
      "Description": "Incoming payment statuses"
    },
    {
      "ModuleId": "VirtoCommerce.Orders",
      "GroupName": "Orders|General",
      "Name": "Shipment.Status",
      "Value": "New",
      "ValueType": 0,
      "DefaultValue": "New",
      "IsArray": true,
      "ArrayValues": [
        "Send",
        "ReadyToSend",
        "Cancelled",
        "PickPack",
        "New"
      ],
      "Title": "Shipment statuses",
      "Description": "Shipment statuses"
    },
    {
      "ModuleId": "VirtoCommerce.Pricing",
      "GroupName": "Pricing|General",
      "Name": "Pricing.ExportImport.Description",
      "Value": "Export/Import price lists, assignments and prices",
      "ValueType": 0,
      "DefaultValue": "Export/Import price lists, assignments and prices",
      "IsArray": false,
      "Title": "Export/Import description",
      "Description": "Module description in platform export/import wizard"
    },
    {
      "ModuleId": "VirtoCommerce.Store",
      "GroupName": "Store|Caching",
      "Name": "Stores.Caching.Enabled",
      "Value": "True",
      "ValueType": 5,
      "DefaultValue": "true",
      "IsArray": false,
      "Title": "Caching Enabled",
      "Description": "Specified if caching is enabled for Stores"
    },
    {
      "ModuleId": "VirtoCommerce.Store",
      "GroupName": "Store|Caching",
      "Name": "Stores.Caching.StoreTimeout",
      "Value": "30",
      "ValueType": 2,
      "DefaultValue": "30",
      "IsArray": false,
      "Title": "Store Timeout (in seconds)",
      "Description": "Specify caching timeout in seconds for store entity"
    },
    {
      "ModuleId": "VirtoCommerce.Store",
      "GroupName": "Store|General",
      "Name": "Stores.ExportImport.Description",
      "Value": "Export/Import stores with all related informations",
      "ValueType": 0,
      "DefaultValue": "Export/Import stores with all related informations",
      "IsArray": false,
      "Title": "Export/Import description",
      "Description": "Module description in platform export/import wizard"
    },
    {
      "ModuleId": "VirtoCommerce.Store",
      "GroupName": "Store|General",
      "Name": "Stores.States",
      "Value": "Open",
      "ValueType": 0,
      "DefaultValue": "Open",
      "IsArray": true,
      "ArrayValues": [
        "Open",
        "Closed",
        "RestrictedAccess"
      ],
      "Title": "States",
      "Description": "States that a store can be in"
    },
    {
      "ModuleId": "VirtoCommerce.Swachbuckle",
      "GroupName": "SwashBuckle|General",
      "Name": "Swashbuckle.DefaultApiKey",
      "Value": "b99df7edaa084e779aa7ba108147b9e2",
      "ValueType": 0,
      "DefaultValue": "",
      "IsArray": false,
      "Title": "Default api key",
      "Description": "Default api key for Swashbuckle requests from UI"
    },
    {
      "ModuleId": "VirtoCommerce.Swachbuckle",
      "GroupName": "SwashBuckle|General",
      "Name": "Swashbuckle.ExportImport.Description",
      "Value": "Export/Import api secret key",
      "ValueType": 0,
      "DefaultValue": "Export/Import api secret key",
      "IsArray": false,
      "Title": "Export/Import description",
      "Description": "Module description in platform export/import wizard"
    }
  ],
  "DynamicPropertyDictionaryItems": [
    {
      "PropertyId": "2380cb15cd3f4e54b8060cba7003b61f",
      "Name": "html",
      "DisplayNames": [],
      "CreatedDate": "2015-08-17T15:22:55.843",
      "ModifiedDate": "2015-08-17T15:22:55.843",
      "CreatedBy": "unknown",
      "ModifiedBy": "unknown",
      "Id": "66f6ca31fc9a4cb6a1200157675cd3ab"
    },
    {
      "PropertyId": "2380cb15cd3f4e54b8060cba7003b61f",
      "Name": "image",
      "DisplayNames": [],
      "CreatedDate": "2015-08-17T15:22:55.843",
      "ModifiedDate": "2015-08-17T15:22:55.843",
      "CreatedBy": "unknown",
      "ModifiedBy": "unknown",
      "Id": "b0fffb5364ab42e6a166933f399cdeac"
    }
  ],
  "DynamicProperties": [
    {
      "Name": "content type",
      "ObjectType": "VirtoCommerce.Domain.Customer.Model.Contact",
      "IsArray": false,
      "IsDictionary": true,
      "IsMultilingual": false,
      "IsRequired": false,
      "ValueType": "ShortText",
      "DisplayNames": [
        {
          "Locale": "zh-CN"
        },
        {
          "Locale": "en-US"
        },
        {
          "Locale": "fr-FR"
        },
        {
          "Locale": "ru-RU"
        },
        {
          "Locale": "ja-JP"
        },
        {
          "Locale": "de-DE"
        }
      ],
      "CreatedDate": "2015-08-17T15:22:55.747",
      "ModifiedDate": "2015-08-17T15:22:55.747",
      "CreatedBy": "unknown",
      "ModifiedBy": "unknown",
      "Id": "2380cb15cd3f4e54b8060cba7003b61f"
    },
    {
      "Name": "sample",
      "ObjectType": "VirtoCommerce.Domain.Customer.Model.Contact",
      "IsArray": false,
      "IsDictionary": false,
      "IsMultilingual": false,
      "IsRequired": false,
      "ValueType": "LongText",
      "DisplayNames": [
        {
          "Locale": "ru-RU"
        },
        {
          "Locale": "de-DE"
        },
        {
          "Locale": "ja-JP"
        },
        {
          "Locale": "en-US"
        },
        {
          "Locale": "zh-CN"
        },
        {
          "Locale": "fr-FR"
        }
      ],
      "CreatedDate": "2015-08-17T15:22:55.747",
      "ModifiedDate": "2015-08-17T15:22:55.747",
      "CreatedBy": "unknown",
      "ModifiedBy": "unknown",
      "Id": "d6312079feac443db46a71e5554398da"
    }
  ]
}