﻿{
  "Stores": {
    "$type": "VirtoCommerce.Domain.Store.Model.Store[], VirtoCommerce.Domain, Version=1.0.0.0, Culture=neutral, PublicKeyToken=null",
    "$values": [
      {
        "Name": "Clothing",
        "Url": "http://demo.virtocommerce.com",
        "StoreState": 0,
        "TimeZone": "Central Standard Time",
        "Country": "USA",
        "DefaultLanguage": "en-US",
        "DefaultCurrency": 978,
        "Catalog": "b61aa9d1d0024bc4be12d79bf5786e9f",
        "CreditCardSavePolicy": false,
        "SecureUrl": "https://demo.virtocommerce.com",
        "Email": "",
        "DisplayOutOfStock": false,
        "FulfillmentCenter": {
          "Name": "Vendor Fulfillment Center",
          "MaxReleasesPerPickBatch": 20,
          "PickDelay": 30,
          "DaytimePhoneNumber": "3232323232",
          "Line1": "1232 Wilshire Blvd",
          "City": "Los Angeles",
          "StateProvince": "California",
          "CountryCode": "USA",
          "CountryName": "United States",
          "PostalCode": "90234",
          "Id": "vendor-fulfillment"
        },
        "ReturnsFulfillmentCenter": {
          "Name": "Vendor Fulfillment Center",
          "MaxReleasesPerPickBatch": 20,
          "PickDelay": 30,
          "DaytimePhoneNumber": "3232323232",
          "Line1": "1232 Wilshire Blvd",
          "City": "Los Angeles",
          "StateProvince": "California",
          "CountryCode": "USA",
          "CountryName": "United States",
          "PostalCode": "90234",
          "Id": "vendor-fulfillment"
        },
        "Languages": [
          "en-US"
        ],
        "Currencies": [
          978
        ],
        "PaymentMethods": [
          {
            "$type": "Klarna.Checkout.Euro.Managers.KlarnaCheckoutEuroPaymentMethod, Klarna.Checkout.Euro, Version=1.0.0.0, Culture=neutral, PublicKeyToken=null",
            "PaymentMethodType": 3,
            "PaymentMethodGroupType": 2,
            "Code": "KlarnaCheckoutEuro",
            "Name": "Klarna Checkout Europe",
            "Description": "Klarna Checkout euro payment integration",
            "LogoUrl": "http://virtocommerce.com/Content/images/Blue-black.png",
            "IsActive": true,
            "Priority": 0,
            "Settings": [
              {
                "ObjectId": "c0963d478c6347678e69cd034290a832",
                "ObjectType": "KlarnaCheckoutEuroPaymentMethod",
                "Name": "Klarna.Checkout.Euro.AppKey",
                "ValueType": 2,
                "IsArray": false,
                "Description": "Klarna application key from credentials"
              },
              {
                "ObjectId": "c0963d478c6347678e69cd034290a832",
                "ObjectType": "KlarnaCheckoutEuroPaymentMethod",
                "Name": "Klarna.Checkout.Euro.CheckoutUrl",
                "Value": "checkout/step1",
                "ValueType": 0,
                "IsArray": false,
                "Description": "Klarna Checkout Url"
              },
              {
                "ObjectId": "c0963d478c6347678e69cd034290a832",
                "ObjectType": "KlarnaCheckoutEuroPaymentMethod",
                "Name": "Klarna.Checkout.Euro.ConfirmationUrl",
                "Value": "checkout/externalpaymentcallback",
                "ValueType": 0,
                "IsArray": false,
                "Description": "Klarna Confirmation Url"
              },
              {
                "ObjectId": "c0963d478c6347678e69cd034290a832",
                "ObjectType": "KlarnaCheckoutEuroPaymentMethod",
                "Name": "Klarna.Checkout.Euro.Mode",
                "Value": "test",
                "ValueType": 0,
                "IsArray": false,
                "Description": "Mode of klarna payment gateway (test or real)"
              },
              {
                "ObjectId": "c0963d478c6347678e69cd034290a832",
                "ObjectType": "KlarnaCheckoutEuroPaymentMethod",
                "Name": "Klarna.Checkout.Euro.PaymentActionType",
                "Value": "Sale",
                "ValueType": 0,
                "IsArray": false,
                "Description": "Action type of payment"
              },
              {
                "ObjectId": "c0963d478c6347678e69cd034290a832",
                "ObjectType": "KlarnaCheckoutEuroPaymentMethod",
                "Name": "Klarna.Checkout.Euro.SecretKey",
                "ValueType": 0,
                "IsArray": false,
                "Description": "Klarna secret key from credentials"
              },
              {
                "ObjectId": "c0963d478c6347678e69cd034290a832",
                "ObjectType": "KlarnaCheckoutEuroPaymentMethod",
                "Name": "Klarna.Checkout.Euro.TermsUrl",
                "Value": "checkout/terms",
                "ValueType": 0,
                "IsArray": false,
                "Description": "Klarna Terms Url"
              }
            ],
            "Id": "c0963d478c6347678e69cd034290a832"
          },
          {
            "$type": "VirtoCommerce.CoreModule.Data.Payment.DefaultManualPaymentMethod, VirtoCommerce.CoreModule.Data, Version=1.0.0.0, Culture=neutral, PublicKeyToken=null",
            "PaymentMethodType": 0,
            "PaymentMethodGroupType": 3,
            "Code": "DefaultManualPaymentMethod",
            "Name": "Manual test payment method",
            "Description": "Manual test, don't use on production",
            "LogoUrl": "http://virtocommerce.com/Content/images/logo.jpg",
            "IsActive": true,
            "Priority": 0,
            "Settings": {
              "$type": "VirtoCommerce.Platform.Core.Settings.SettingEntry[], VirtoCommerce.Platform.Core, Version=2.4.0.0, Culture=neutral, PublicKeyToken=null",
              "$values": []
            },
            "Id": "91e232f0c27a48d28852086566e58122"
          }
        ],
        "ShippingMethods": [
          {
            "$type": "VirtoCommerce.CoreModule.Data.Shipping.FixedRateShippingMethod, VirtoCommerce.CoreModule.Data, Version=1.0.0.0, Culture=neutral, PublicKeyToken=null",
            "Code": "FixedRate",
            "Name": "fixed rate",
            "Description": "Fixed rate shipping method",
            "LogoUrl": "http://somelogo.com/logo.png",
            "IsActive": true,
            "Priority": 0,
            "Settings": [
              {
                "ObjectId": "5c0976b73725487dafd6611932cf696b",
                "ObjectType": "FixedRateShippingMethod",
                "Name": "Rate",
                "Value": "0.00",
                "ValueType": 3,
                "IsArray": false
              }
            ],
            "Id": "5c0976b73725487dafd6611932cf696b"
          }
        ],
        "SeoInfos": [
          {
            "SemanticUrl": "Clothing",
            "PageTitle": "Clothing",
            "MetaDescription": "Clothing",
            "ImageAltDescription": "Clothing",
            "ObjectId": "Clothing",
            "ObjectType": "Store",
            "LanguageCode": "en-US",
            "CreatedDate": "2015-08-17T15:25:42.073",
            "ModifiedDate": "2015-08-17T15:25:42.073",
            "CreatedBy": "unknown",
            "ModifiedBy": "unknown",
            "Id": "337294d142c64a7495f7a7cf7aa63691"
          }
        ],
        "Settings": {
          "$type": "VirtoCommerce.Platform.Core.Settings.SettingEntry[], VirtoCommerce.Platform.Core, Version=2.4.0.0, Culture=neutral, PublicKeyToken=null",
          "$values": [
            {
              "ObjectId": "Clothing",
              "ObjectType": "Store",
              "Name": "DefaultThemeName",
              "Value": "Default",
              "ValueType": 0,
              "IsArray": false
            }
          ]
        },
        "CreatedDate": "2015-08-17T15:25:41.93",
        "ModifiedDate": "2015-08-18T10:24:49.217",
        "CreatedBy": "admin",
        "ModifiedBy": "unknown",
        "Id": "Clothing"
      },
      {
        "Name": "Electronics",
        "Url": "http://demo.virtocommerce.com",
        "StoreState": 0,
        "Country": "USA",
        "DefaultLanguage": "en-US",
        "DefaultCurrency": 840,
        "Catalog": "25f5ea1b52e54ec1aa903d44cc889324",
        "CreditCardSavePolicy": false,
        "SecureUrl": "http://demo.virtocommerce.com",
        "DisplayOutOfStock": false,
        "Languages": [
          "en-US"
        ],
        "Currencies": [
          840
        ],
        "PaymentMethods": [
          {
            "$type": "VirtoCommerce.CoreModule.Data.Payment.DefaultManualPaymentMethod, VirtoCommerce.CoreModule.Data, Version=1.0.0.0, Culture=neutral, PublicKeyToken=null",
            "PaymentMethodType": 0,
            "PaymentMethodGroupType": 3,
            "Code": "DefaultManualPaymentMethod",
            "Name": "Manual test payment method",
            "Description": "Manual test, don't use on production",
            "LogoUrl": "http://virtocommerce.com/Content/images/logo.jpg",
            "IsActive": true,
            "Priority": 0,
            "Settings": {
              "$type": "VirtoCommerce.Platform.Core.Settings.SettingEntry[], VirtoCommerce.Platform.Core, Version=2.4.0.0, Culture=neutral, PublicKeyToken=null",
              "$values": []
            },
            "Id": "ae6be97fe1b24bd686e1d726a7c5b421"
          }
        ],
        "ShippingMethods": [
          {
            "$type": "VirtoCommerce.CoreModule.Data.Shipping.FixedRateShippingMethod, VirtoCommerce.CoreModule.Data, Version=1.0.0.0, Culture=neutral, PublicKeyToken=null",
            "Code": "FixedRate",
            "Name": "fixed rate",
            "Description": "Fixed rate shipping method",
            "LogoUrl": "http://somelogo.com/logo.png",
            "IsActive": true,
            "Priority": 0,
            "Settings": [
              {
                "ObjectId": "b9468935afac4605a139c9ee81afa93d",
                "ObjectType": "FixedRateShippingMethod",
                "Name": "Rate",
                "Value": "0.00",
                "ValueType": 3,
                "IsArray": false
              }
            ],
            "Id": "b9468935afac4605a139c9ee81afa93d"
          }
        ],
        "SeoInfos": [],
        "Settings": {
          "$type": "VirtoCommerce.Platform.Core.Settings.SettingEntry[], VirtoCommerce.Platform.Core, Version=2.4.0.0, Culture=neutral, PublicKeyToken=null",
          "$values": [
            {
              "ObjectId": "Electronics",
              "ObjectType": "Store",
              "Name": "DefaultThemeName",
              "Value": "Default",
              "ValueType": 0,
              "IsArray": false
            }
          ]
        },
        "CreatedDate": "2015-08-17T15:25:42.51",
        "ModifiedDate": "2015-08-18T08:45:33.143",
        "CreatedBy": "admin",
        "ModifiedBy": "unknown",
        "Id": "Electronics"
      }
    ]
  }
}