﻿{
  "Pricelists": [
    {
      "Name": "Clothing EUR",
      "Currency": 978,
      "Prices": [
        {
          "PricelistId": "39e18ca8ea254296a78d47f3f90d649d",
          "Currency": 978,
          "ProductId": "35ba8bffe4f54a1a845f33edad6bc409",
          "List": 19.99,
          "MinQuantity": 1,
          "EffectiveValue": 19.99,
          "CreatedDate": "2015-08-17T15:25:40.477",
          "ModifiedDate": "2015-08-17T15:25:40.477",
          "CreatedBy": "unknown",
          "ModifiedBy": "unknown",
          "Id": "00c5c8f12a0b458b932b90a712b791b8"
        },
        {
          "PricelistId": "39e18ca8ea254296a78d47f3f90d649d",
          "Currency": 978,
          "ProductId": "0bb074f5c500404db02936af37222802",
          "List": 17.99,
          "MinQuantity": 1,
          "EffectiveValue": 17.99,
          "CreatedDate": "2015-08-17T15:25:40.477",
          "ModifiedDate": "2015-08-17T15:25:40.477",
          "CreatedBy": "unknown",
          "ModifiedBy": "unknown",
          "Id": "0192ae3265e54d4e8bd3e1955d0a71ec"
        },
        {
          "PricelistId": "39e18ca8ea254296a78d47f3f90d649d",
          "Currency": 978,
          "ProductId": "0ab43ede464a43219abb526bfa2da8d1",
          "List": 17.00,
          "MinQuantity": 5,
          "EffectiveValue": 17.00,
          "CreatedDate": "2015-08-17T15:25:40.477",
          "ModifiedDate": "2015-08-17T15:25:40.477",
          "CreatedBy": "unknown",
          "ModifiedBy": "unknown",
          "Id": "134eb60a245d4e4d8e20a050255fe7b9"
        },
        {
          "PricelistId": "39e18ca8ea254296a78d47f3f90d649d",
          "Currency": 978,
          "ProductId": "e7999cbe03f1461aa86598c6acd35824",
          "List": 34.99,
          "MinQuantity": 1,
          "EffectiveValue": 34.99,
          "CreatedDate": "2015-08-17T15:25:40.477",
          "ModifiedDate": "2015-08-17T15:25:40.477",
          "CreatedBy": "unknown",
          "ModifiedBy": "unknown",
          "Id": "154d7b637b0842348666f08f5121728c"
        },
        {
          "PricelistId": "39e18ca8ea254296a78d47f3f90d649d",
          "Currency": 978,
          "ProductId": "2f580ea8bfd44addb75f1e783b0513d8",
          "List": 12.99,
          "MinQuantity": 1,
          "EffectiveValue": 12.99,
          "CreatedDate": "2015-08-17T15:25:40.477",
          "ModifiedDate": "2015-08-17T15:25:40.477",
          "CreatedBy": "unknown",
          "ModifiedBy": "unknown",
          "Id": "1bb37f254c684d40a487212f7fb5c6ae"
        },
        {
          "PricelistId": "39e18ca8ea254296a78d47f3f90d649d",
          "Currency": 978,
          "ProductId": "abc74a3c32de4740aff166501af1b356",
          "Sale": 9.99,
          "List": 12.99,
          "MinQuantity": 1,
          "EffectiveValue": 9.99,
          "CreatedDate": "2015-08-17T15:25:40.477",
          "ModifiedDate": "2015-08-17T15:25:40.477",
          "CreatedBy": "unknown",
          "ModifiedBy": "unknown",
          "Id": "1be90f4965b04c008ea4afcbfd53d0cb"
        },
        {
          "PricelistId": "39e18ca8ea254296a78d47f3f90d649d",
          "Currency": 978,
          "ProductId": "bb7d783aafd4458abac1d9ee3eccb7a0",
          "List": 13.00,
          "MinQuantity": 5,
          "EffectiveValue": 13.00,
          "CreatedDate": "2015-08-17T15:25:40.477",
          "ModifiedDate": "2015-08-17T15:25:40.477",
          "CreatedBy": "unknown",
          "ModifiedBy": "unknown",
          "Id": "2fa76c4042f34dd4a5de212616e70d9b"
        },
        {
          "PricelistId": "39e18ca8ea254296a78d47f3f90d649d",
          "Currency": 978,
          "ProductId": "8355688c920948ea87a574ed1c6ecd1e",
          "List": 17.99,
          "MinQuantity": 1,
          "EffectiveValue": 17.99,
          "CreatedDate": "2015-08-17T15:25:40.477",
          "ModifiedDate": "2015-08-17T15:25:40.477",
          "CreatedBy": "unknown",
          "ModifiedBy": "unknown",
          "Id": "37e6b21883a646feaa59050239dd46fa"
        },
        {
          "PricelistId": "39e18ca8ea254296a78d47f3f90d649d",
          "Currency": 978,
          "ProductId": "3eccd7791961473f95a53ed52bb7fdaf",
          "List": 11.00,
          "MinQuantity": 1,
          "EffectiveValue": 11.00,
          "CreatedDate": "2015-08-17T15:25:40.477",
          "ModifiedDate": "2015-08-17T15:25:40.477",
          "CreatedBy": "unknown",
          "ModifiedBy": "unknown",
          "Id": "3f51fefa737942af93f2d4adc3bf78a7"
        },
        {
          "PricelistId": "39e18ca8ea254296a78d47f3f90d649d",
          "Currency": 978,
          "ProductId": "bb7d783aafd4458abac1d9ee3eccb7a0",
          "Sale": 15.49,
          "List": 16.00,
          "MinQuantity": 1,
          "EffectiveValue": 15.49,
          "CreatedDate": "2015-08-17T15:25:40.477",
          "ModifiedDate": "2015-08-17T15:25:40.477",
          "CreatedBy": "unknown",
          "ModifiedBy": "unknown",
          "Id": "44128fe3bffe461c95e51577d57bb7ea"
        },
        {
          "PricelistId": "39e18ca8ea254296a78d47f3f90d649d",
          "Currency": 978,
          "ProductId": "c5b82bcde23b4d1194103834369444bc",
          "List": 12.99,
          "MinQuantity": 1,
          "EffectiveValue": 12.99,
          "CreatedDate": "2015-08-17T15:25:40.477",
          "ModifiedDate": "2015-08-17T15:25:40.477",
          "CreatedBy": "unknown",
          "ModifiedBy": "unknown",
          "Id": "445596d51950431280a279e4826bc30f"
        },
        {
          "PricelistId": "39e18ca8ea254296a78d47f3f90d649d",
          "Currency": 978,
          "ProductId": "c29c741d556e4a7f832b25bf598a93eb",
          "List": 22.00,
          "MinQuantity": 1,
          "EffectiveValue": 22.00,
          "CreatedDate": "2015-08-17T15:25:40.477",
          "ModifiedDate": "2015-08-17T15:25:40.477",
          "CreatedBy": "unknown",
          "ModifiedBy": "unknown",
          "Id": "490d5192e3c9451ba5f99c468898dedf"
        },
        {
          "PricelistId": "39e18ca8ea254296a78d47f3f90d649d",
          "Currency": 978,
          "ProductId": "a8248c295e7c4752a309167a23307858",
          "List": 25.00,
          "MinQuantity": 1,
          "EffectiveValue": 25.00,
          "CreatedDate": "2015-08-17T15:25:40.477",
          "ModifiedDate": "2015-08-17T15:25:40.477",
          "CreatedBy": "unknown",
          "ModifiedBy": "unknown",
          "Id": "500f4cff9b5e4862be6d2634bd663d10"
        },
        {
          "PricelistId": "39e18ca8ea254296a78d47f3f90d649d",
          "Currency": 978,
          "ProductId": "6c8443d505d445e49c0bfc97d4749ab6",
          "List": 14.99,
          "MinQuantity": 1,
          "EffectiveValue": 14.99,
          "CreatedDate": "2015-08-17T15:25:40.477",
          "ModifiedDate": "2015-08-17T15:25:40.477",
          "CreatedBy": "unknown",
          "ModifiedBy": "unknown",
          "Id": "5124fd7b9e454ebab5d4aa2f8ee0b821"
        },
        {
          "PricelistId": "39e18ca8ea254296a78d47f3f90d649d",
          "Currency": 978,
          "ProductId": "61a553f315b0478aa7eb6295dad6cbb5",
          "List": 19.99,
          "MinQuantity": 1,
          "EffectiveValue": 19.99,
          "CreatedDate": "2015-08-17T15:25:40.477",
          "ModifiedDate": "2015-08-17T15:25:40.477",
          "CreatedBy": "unknown",
          "ModifiedBy": "unknown",
          "Id": "5dad956f80bf43aa95b2a5a9b71f4c81"
        },
        {
          "PricelistId": "39e18ca8ea254296a78d47f3f90d649d",
          "Currency": 978,
          "ProductId": "e22321f9a323425784af30143a1dd544",
          "List": 14.99,
          "MinQuantity": 1,
          "EffectiveValue": 14.99,
          "CreatedDate": "2015-08-17T15:25:40.477",
          "ModifiedDate": "2015-08-17T15:25:40.477",
          "CreatedBy": "unknown",
          "ModifiedBy": "unknown",
          "Id": "64b2619bbdc3416bb1da0c45c21bd9d6"
        },
        {
          "PricelistId": "39e18ca8ea254296a78d47f3f90d649d",
          "Currency": 978,
          "ProductId": "782ec998fc5a43a184e59e5c4a58bf3f",
          "List": 14.99,
          "MinQuantity": 1,
          "EffectiveValue": 14.99,
          "CreatedDate": "2015-08-17T15:25:40.477",
          "ModifiedDate": "2015-08-17T15:25:40.477",
          "CreatedBy": "unknown",
          "ModifiedBy": "unknown",
          "Id": "666508a55d2c47caa1abfb880a842677"
        },
        {
          "PricelistId": "39e18ca8ea254296a78d47f3f90d649d",
          "Currency": 978,
          "ProductId": "e514a15dbc424735a9d4d9db3243b29b",
          "List": 17.00,
          "MinQuantity": 5,
          "EffectiveValue": 17.00,
          "CreatedDate": "2015-08-17T15:25:40.477",
          "ModifiedDate": "2015-08-17T15:25:40.477",
          "CreatedBy": "unknown",
          "ModifiedBy": "unknown",
          "Id": "680588a2c1b04b7f9f1438edbaffbc1a"
        },
        {
          "PricelistId": "39e18ca8ea254296a78d47f3f90d649d",
          "Currency": 978,
          "ProductId": "d73b05fc10ad4249b612a2f0ed407dab",
          "List": 14.99,
          "MinQuantity": 1,
          "EffectiveValue": 14.99,
          "CreatedDate": "2015-08-17T15:25:40.477",
          "ModifiedDate": "2015-08-17T15:25:40.477",
          "CreatedBy": "unknown",
          "ModifiedBy": "unknown",
          "Id": "6d0d93d533e64cbe8fef66b9c949880a"
        },
        {
          "PricelistId": "39e18ca8ea254296a78d47f3f90d649d",
          "Currency": 978,
          "ProductId": "1788005d023f442a93a7a8c7e438c925",
          "List": 22.99,
          "MinQuantity": 1,
          "EffectiveValue": 22.99,
          "CreatedDate": "2015-08-17T15:25:40.477",
          "ModifiedDate": "2015-08-17T15:25:40.477",
          "CreatedBy": "unknown",
          "ModifiedBy": "unknown",
          "Id": "772143c91d8d4d37901694df33fada75"
        },
        {
          "PricelistId": "39e18ca8ea254296a78d47f3f90d649d",
          "Currency": 978,
          "ProductId": "8e1c8c3a2dfd40c983e942a9caf24fe2",
          "List": 14.99,
          "MinQuantity": 1,
          "EffectiveValue": 14.99,
          "CreatedDate": "2015-08-17T15:25:40.477",
          "ModifiedDate": "2015-08-17T15:25:40.477",
          "CreatedBy": "unknown",
          "ModifiedBy": "unknown",
          "Id": "7b780e2f088c4a2a8b5b36f91ea0a98d"
        },
        {
          "PricelistId": "39e18ca8ea254296a78d47f3f90d649d",
          "Currency": 978,
          "ProductId": "192240913c0a4bc89755d64b1fed9733",
          "List": 14.99,
          "MinQuantity": 1,
          "EffectiveValue": 14.99,
          "CreatedDate": "2015-08-17T15:25:40.477",
          "ModifiedDate": "2015-08-17T15:25:40.477",
          "CreatedBy": "unknown",
          "ModifiedBy": "unknown",
          "Id": "7ddf542269c64465840a289717a9f7f0"
        },
        {
          "PricelistId": "39e18ca8ea254296a78d47f3f90d649d",
          "Currency": 978,
          "ProductId": "e77935ad792244f6a5f1ba109704331f",
          "List": 26.00,
          "MinQuantity": 1,
          "EffectiveValue": 26.00,
          "CreatedDate": "2015-08-17T15:25:40.477",
          "ModifiedDate": "2015-08-17T15:25:40.477",
          "CreatedBy": "unknown",
          "ModifiedBy": "unknown",
          "Id": "7e62099c616a4d108aa763a573747bb9"
        },
        {
          "PricelistId": "39e18ca8ea254296a78d47f3f90d649d",
          "Currency": 978,
          "ProductId": "228ffc2dcdfd4ec58e4487d180199d01",
          "List": 48.00,
          "MinQuantity": 1,
          "EffectiveValue": 48.00,
          "CreatedDate": "2015-08-17T15:25:40.477",
          "ModifiedDate": "2015-08-17T15:25:40.477",
          "CreatedBy": "unknown",
          "ModifiedBy": "unknown",
          "Id": "840a67460d9d40cb9e878e48f90ba84d"
        },
        {
          "PricelistId": "39e18ca8ea254296a78d47f3f90d649d",
          "Currency": 978,
          "ProductId": "7ea7b8209e934042a714c9a2c0e74580",
          "List": 24.99,
          "MinQuantity": 1,
          "EffectiveValue": 24.99,
          "CreatedDate": "2015-08-17T15:25:40.477",
          "ModifiedDate": "2015-08-17T15:25:40.477",
          "CreatedBy": "unknown",
          "ModifiedBy": "unknown",
          "Id": "97e869a930e34c528b523d640d09a203"
        },
        {
          "PricelistId": "39e18ca8ea254296a78d47f3f90d649d",
          "Currency": 978,
          "ProductId": "9bfb28931bc847489e2c30bb10c4bf87",
          "List": 24.99,
          "MinQuantity": 1,
          "EffectiveValue": 24.99,
          "CreatedDate": "2015-08-17T15:25:40.477",
          "ModifiedDate": "2015-08-17T15:25:40.477",
          "CreatedBy": "unknown",
          "ModifiedBy": "unknown",
          "Id": "9928dae9207e4a48a166f543c7f1643b"
        },
        {
          "PricelistId": "39e18ca8ea254296a78d47f3f90d649d",
          "Currency": 978,
          "ProductId": "44885c4e0f074beba354a7adc5d32e5b",
          "List": 19.99,
          "MinQuantity": 1,
          "EffectiveValue": 19.99,
          "CreatedDate": "2015-08-17T15:25:40.477",
          "ModifiedDate": "2015-08-17T15:25:40.477",
          "CreatedBy": "unknown",
          "ModifiedBy": "unknown",
          "Id": "a928118b1d2e4926b4d916b41a755c97"
        },
        {
          "PricelistId": "39e18ca8ea254296a78d47f3f90d649d",
          "Currency": 978,
          "ProductId": "fed7b7dd567b4d01a9033d88774c9bdc",
          "List": 12.99,
          "MinQuantity": 1,
          "EffectiveValue": 12.99,
          "CreatedDate": "2015-08-17T15:25:40.477",
          "ModifiedDate": "2015-08-17T15:25:40.477",
          "CreatedBy": "unknown",
          "ModifiedBy": "unknown",
          "Id": "ab5b1d87910742f2a1279a68a10c45c0"
        },
        {
          "PricelistId": "39e18ca8ea254296a78d47f3f90d649d",
          "Currency": 978,
          "ProductId": "274d5b9c7051439e965b0ffb88cdc611",
          "List": 19.99,
          "MinQuantity": 1,
          "EffectiveValue": 19.99,
          "CreatedDate": "2015-08-17T15:25:40.477",
          "ModifiedDate": "2015-08-17T15:25:40.477",
          "CreatedBy": "unknown",
          "ModifiedBy": "unknown",
          "Id": "ac7e44d2679a496ca04146cf628f501b"
        },
        {
          "PricelistId": "39e18ca8ea254296a78d47f3f90d649d",
          "Currency": 978,
          "ProductId": "73334f6a05de4be6ab077da0ed12fd37",
          "List": 24.99,
          "MinQuantity": 1,
          "EffectiveValue": 24.99,
          "CreatedDate": "2015-08-17T15:25:40.477",
          "ModifiedDate": "2015-08-17T15:25:40.477",
          "CreatedBy": "unknown",
          "ModifiedBy": "unknown",
          "Id": "ada12c1c31314552a6a3cba469e14fa5"
        },
        {
          "PricelistId": "39e18ca8ea254296a78d47f3f90d649d",
          "Currency": 978,
          "ProductId": "a0642cdc35e54dba8def35a9d2066117",
          "List": 27.99,
          "MinQuantity": 1,
          "EffectiveValue": 27.99,
          "CreatedDate": "2015-08-17T15:25:40.477",
          "ModifiedDate": "2015-08-17T15:25:40.477",
          "CreatedBy": "unknown",
          "ModifiedBy": "unknown",
          "Id": "af2cacc684774c05aff989837c7fc250"
        },
        {
          "PricelistId": "39e18ca8ea254296a78d47f3f90d649d",
          "Currency": 978,
          "ProductId": "eb8a13a6f1ad4370a93ba38cc27f21de",
          "List": 10.99,
          "MinQuantity": 1,
          "EffectiveValue": 10.99,
          "CreatedDate": "2015-08-17T15:25:40.477",
          "ModifiedDate": "2015-08-17T15:25:40.477",
          "CreatedBy": "unknown",
          "ModifiedBy": "unknown",
          "Id": "b25d9e83719e41deaf5a6e52146d14e8"
        },
        {
          "PricelistId": "39e18ca8ea254296a78d47f3f90d649d",
          "Currency": 978,
          "ProductId": "8f16559331f94354957516e083fbc59e",
          "List": 19.99,
          "MinQuantity": 1,
          "EffectiveValue": 19.99,
          "CreatedDate": "2015-08-17T15:25:40.477",
          "ModifiedDate": "2015-08-17T15:25:40.477",
          "CreatedBy": "unknown",
          "ModifiedBy": "unknown",
          "Id": "be71f16713a44a66a24076a75ba61841"
        },
        {
          "PricelistId": "39e18ca8ea254296a78d47f3f90d649d",
          "Currency": 978,
          "ProductId": "fed7b7dd567b4d01a9033d88774c9bdc",
          "List": 9.00,
          "MinQuantity": 10,
          "EffectiveValue": 9.00,
          "CreatedDate": "2015-08-17T15:25:40.477",
          "ModifiedDate": "2015-08-17T15:25:40.477",
          "CreatedBy": "unknown",
          "ModifiedBy": "unknown",
          "Id": "c19acffee4fd4e46af3daf052db320f2"
        },
        {
          "PricelistId": "39e18ca8ea254296a78d47f3f90d649d",
          "Currency": 978,
          "ProductId": "fed7b7dd567b4d01a9033d88774c9bdc",
          "List": 10.00,
          "MinQuantity": 4,
          "EffectiveValue": 10.00,
          "CreatedDate": "2015-08-17T15:25:40.477",
          "ModifiedDate": "2015-08-17T15:25:40.477",
          "CreatedBy": "unknown",
          "ModifiedBy": "unknown",
          "Id": "c9eda6830fd04ef98e3eb45a783db77c"
        },
        {
          "PricelistId": "39e18ca8ea254296a78d47f3f90d649d",
          "Currency": 978,
          "ProductId": "fbd5222243074380a65d80dbc6c32542",
          "List": 17.00,
          "MinQuantity": 1,
          "EffectiveValue": 17.00,
          "CreatedDate": "2015-08-17T15:25:40.477",
          "ModifiedDate": "2015-08-17T15:25:40.477",
          "CreatedBy": "unknown",
          "ModifiedBy": "unknown",
          "Id": "ce6325ec4e9945d7af54d530c72c669a"
        },
        {
          "PricelistId": "39e18ca8ea254296a78d47f3f90d649d",
          "Currency": 978,
          "ProductId": "7181c03615664a888b074543dea0e4bb",
          "List": 14.99,
          "MinQuantity": 1,
          "EffectiveValue": 14.99,
          "CreatedDate": "2015-08-17T15:25:40.477",
          "ModifiedDate": "2015-08-17T15:25:40.477",
          "CreatedBy": "unknown",
          "ModifiedBy": "unknown",
          "Id": "d0816052a1eb450cbcfc4307eefeef25"
        },
        {
          "PricelistId": "39e18ca8ea254296a78d47f3f90d649d",
          "Currency": 978,
          "ProductId": "e514a15dbc424735a9d4d9db3243b29b",
          "Sale": 19.49,
          "List": 20.00,
          "MinQuantity": 1,
          "EffectiveValue": 19.49,
          "CreatedDate": "2015-08-17T15:25:40.477",
          "ModifiedDate": "2015-08-17T15:25:40.477",
          "CreatedBy": "unknown",
          "ModifiedBy": "unknown",
          "Id": "d216df152ea7457fac63ec7a183755ac"
        },
        {
          "PricelistId": "39e18ca8ea254296a78d47f3f90d649d",
          "Currency": 978,
          "ProductId": "31bb21bf0b144b68a9d731374c1a95e8",
          "List": 28.00,
          "MinQuantity": 1,
          "EffectiveValue": 28.00,
          "CreatedDate": "2015-08-17T15:25:40.477",
          "ModifiedDate": "2015-08-17T15:25:40.477",
          "CreatedBy": "unknown",
          "ModifiedBy": "unknown",
          "Id": "d8e00b05241b463cbda119cbd11972c5"
        },
        {
          "PricelistId": "39e18ca8ea254296a78d47f3f90d649d",
          "Currency": 978,
          "ProductId": "fbd5222243074380a65d80dbc6c32542",
          "List": 14.00,
          "MinQuantity": 5,
          "EffectiveValue": 14.00,
          "CreatedDate": "2015-08-17T15:25:40.477",
          "ModifiedDate": "2015-08-17T15:25:40.477",
          "CreatedBy": "unknown",
          "ModifiedBy": "unknown",
          "Id": "d9c6877c66644d5d973661eb6782d3eb"
        },
        {
          "PricelistId": "39e18ca8ea254296a78d47f3f90d649d",
          "Currency": 978,
          "ProductId": "6b9797660c28496faef5fbfae871d735",
          "List": 26.00,
          "MinQuantity": 1,
          "EffectiveValue": 26.00,
          "CreatedDate": "2015-08-17T15:25:40.477",
          "ModifiedDate": "2015-08-17T15:25:40.477",
          "CreatedBy": "unknown",
          "ModifiedBy": "unknown",
          "Id": "dd70b72eb15f4c9aa33cbf1ee63fa5a4"
        },
        {
          "PricelistId": "39e18ca8ea254296a78d47f3f90d649d",
          "Currency": 978,
          "ProductId": "c687dedc65f44a19a9457aa5e0f5084f",
          "List": 18.99,
          "MinQuantity": 1,
          "EffectiveValue": 18.99,
          "CreatedDate": "2015-08-17T15:25:40.477",
          "ModifiedDate": "2015-08-17T15:25:40.477",
          "CreatedBy": "unknown",
          "ModifiedBy": "unknown",
          "Id": "df416b20e17143999dfe9446cea98c58"
        },
        {
          "PricelistId": "39e18ca8ea254296a78d47f3f90d649d",
          "Currency": 978,
          "ProductId": "9cb4810bfdf14b94aae330ad8726f9a1",
          "List": 17.99,
          "MinQuantity": 1,
          "EffectiveValue": 17.99,
          "CreatedDate": "2015-08-17T15:25:40.477",
          "ModifiedDate": "2015-08-17T15:25:40.477",
          "CreatedBy": "unknown",
          "ModifiedBy": "unknown",
          "Id": "e2de0880c5d246c396b6d671626ddf05"
        },
        {
          "PricelistId": "39e18ca8ea254296a78d47f3f90d649d",
          "Currency": 978,
          "ProductId": "0ea8240e1c594d1b84fa455e12e36d14",
          "List": 14.00,
          "MinQuantity": 1,
          "EffectiveValue": 14.00,
          "CreatedDate": "2015-08-17T15:25:40.477",
          "ModifiedDate": "2015-08-17T15:25:40.477",
          "CreatedBy": "unknown",
          "ModifiedBy": "unknown",
          "Id": "e5e7a27886604d2389d1120de95e88bc"
        },
        {
          "PricelistId": "39e18ca8ea254296a78d47f3f90d649d",
          "Currency": 978,
          "ProductId": "2747604575ac4c8f901cbcd37022add9",
          "List": 9.00,
          "MinQuantity": 1,
          "EffectiveValue": 9.00,
          "CreatedDate": "2015-08-17T15:25:40.477",
          "ModifiedDate": "2015-08-17T15:25:40.477",
          "CreatedBy": "unknown",
          "ModifiedBy": "unknown",
          "Id": "ed670aa0543343abb96ae213ec9992af"
        },
        {
          "PricelistId": "39e18ca8ea254296a78d47f3f90d649d",
          "Currency": 978,
          "ProductId": "5b12d2ee67914060836f5a4538b84bfc",
          "List": 22.99,
          "MinQuantity": 1,
          "EffectiveValue": 22.99,
          "CreatedDate": "2015-08-17T15:25:40.477",
          "ModifiedDate": "2015-08-17T15:25:40.477",
          "CreatedBy": "unknown",
          "ModifiedBy": "unknown",
          "Id": "ee437df785854379b7bead7563bef3be"
        },
        {
          "PricelistId": "39e18ca8ea254296a78d47f3f90d649d",
          "Currency": 978,
          "ProductId": "0ab43ede464a43219abb526bfa2da8d1",
          "Sale": 19.49,
          "List": 19.99,
          "MinQuantity": 1,
          "EffectiveValue": 19.49,
          "CreatedDate": "2015-08-17T15:25:40.477",
          "ModifiedDate": "2015-08-17T15:25:40.477",
          "CreatedBy": "unknown",
          "ModifiedBy": "unknown",
          "Id": "ef692e62b1f84271b90614f5402dc762"
        }
      ],
      "Assignments": [
        {
          "CatalogId": "b61aa9d1d0024bc4be12d79bf5786e9f",
          "PricelistId": "39e18ca8ea254296a78d47f3f90d649d",
          "Name": "Clothing-Clothing EUR",
          "Priority": 0,
          "ConditionExpression": "<LambdaExpression NodeType=\"Lambda\" Name=\"\" TailCall=\"false\" CanReduce=\"false\">\r\n  <Type>\r\n    <Type Name=\"System.Func`2\">\r\n      <Type Name=\"VirtoCommerce.Domain.Common.IEvaluationContext\" />\r\n      <Type Name=\"System.Boolean\" />\r\n    </Type>\r\n  </Type>\r\n  <Parameters>\r\n    <ParameterExpression NodeType=\"Parameter\" Name=\"f\" IsByRef=\"false\" CanReduce=\"false\">\r\n      <Type>\r\n        <Type Name=\"VirtoCommerce.Domain.Common.IEvaluationContext\" />\r\n      </Type>\r\n    </ParameterExpression>\r\n  </Parameters>\r\n  <Body>\r\n    <ConstantExpression NodeType=\"Constant\" CanReduce=\"false\">\r\n      <Type>\r\n        <Type Name=\"System.Boolean\" />\r\n      </Type>\r\n      <Value>True</Value>\r\n    </ConstantExpression>\r\n  </Body>\r\n  <ReturnType>\r\n    <Type Name=\"System.Boolean\" />\r\n  </ReturnType>\r\n</LambdaExpression>",
          "PredicateVisualTreeSerialized": "{\"Id\":\"ConditionExpressionTree\",\"AvailableChildren\":null,\"Children\":[{\"$type\":\"VirtoCommerce.DynamicExpressionModule.Data.Pricing.BlockPricingCondition, VirtoCommerce.DynamicExpressionModule.Data\",\"All\":false,\"Id\":\"BlockPricingCondition\",\"AvailableChildren\":null,\"Children\":[]}]}",
          "CreatedDate": "2015-08-17T15:25:40.477",
          "ModifiedDate": "2015-08-17T15:25:40.477",
          "CreatedBy": "unknown",
          "ModifiedBy": "unknown",
          "Id": "8384856dc03f461b8edc5cfe7cb786e1"
        },
        {
          "CatalogId": "25f5ea1b52e54ec1aa903d44cc889324",
          "PricelistId": "39e18ca8ea254296a78d47f3f90d649d",
          "Name": "Clothing-Virtual EUR",
          "Priority": 1,
          "ConditionExpression": "<LambdaExpression NodeType=\"Lambda\" Name=\"\" TailCall=\"false\" CanReduce=\"false\">\r\n  <Type>\r\n    <Type Name=\"System.Func`2\">\r\n      <Type Name=\"VirtoCommerce.Domain.Common.IEvaluationContext\" />\r\n      <Type Name=\"System.Boolean\" />\r\n    </Type>\r\n  </Type>\r\n  <Parameters>\r\n    <ParameterExpression NodeType=\"Parameter\" Name=\"f\" IsByRef=\"false\" CanReduce=\"false\">\r\n      <Type>\r\n        <Type Name=\"VirtoCommerce.Domain.Common.IEvaluationContext\" />\r\n      </Type>\r\n    </ParameterExpression>\r\n  </Parameters>\r\n  <Body>\r\n    <ConstantExpression NodeType=\"Constant\" CanReduce=\"false\">\r\n      <Type>\r\n        <Type Name=\"System.Boolean\" />\r\n      </Type>\r\n      <Value>True</Value>\r\n    </ConstantExpression>\r\n  </Body>\r\n  <ReturnType>\r\n    <Type Name=\"System.Boolean\" />\r\n  </ReturnType>\r\n</LambdaExpression>",
          "PredicateVisualTreeSerialized": "{\"Id\":\"ConditionExpressionTree\",\"AvailableChildren\":null,\"Children\":[{\"$type\":\"VirtoCommerce.DynamicExpressionModule.Data.Pricing.BlockPricingCondition, VirtoCommerce.DynamicExpressionModule.Data\",\"All\":false,\"Id\":\"BlockPricingCondition\",\"AvailableChildren\":null,\"Children\":[]}]}",
          "CreatedDate": "2015-08-18T08:54:44.297",
          "ModifiedDate": "2015-08-18T08:57:06.897",
          "CreatedBy": "admin",
          "ModifiedBy": "admin",
          "Id": "a87fe786a2d34194b674fded8291bf8b"
        }
      ],
      "CreatedDate": "2015-08-17T15:25:40.477",
      "ModifiedDate": "2015-08-17T15:25:40.477",
      "CreatedBy": "unknown",
      "ModifiedBy": "unknown",
      "Id": "39e18ca8ea254296a78d47f3f90d649d"
    },
    {
      "Name": "Clothing USD",
      "Currency": 840,
      "Prices": [
        {
          "PricelistId": "6a861ff44eb140bebb516a6dc240868c",
          "Currency": 840,
          "ProductId": "a8248c295e7c4752a309167a23307858",
          "List": 27.50,
          "MinQuantity": 1,
          "EffectiveValue": 27.50,
          "CreatedDate": "2015-08-17T15:25:41.24",
          "ModifiedDate": "2015-08-17T15:25:41.24",
          "CreatedBy": "unknown",
          "ModifiedBy": "unknown",
          "Id": "004210ee77cc40d7a2ee19c46c30425a"
        },
        {
          "PricelistId": "6a861ff44eb140bebb516a6dc240868c",
          "Currency": 840,
          "ProductId": "fbd5222243074380a65d80dbc6c32542",
          "List": 15.40,
          "MinQuantity": 5,
          "EffectiveValue": 15.40,
          "CreatedDate": "2015-08-17T15:25:41.24",
          "ModifiedDate": "2015-08-17T15:25:41.24",
          "CreatedBy": "unknown",
          "ModifiedBy": "unknown",
          "Id": "05a46c0bc24a4199858c2a08fe1eca44"
        },
        {
          "PricelistId": "6a861ff44eb140bebb516a6dc240868c",
          "Currency": 840,
          "ProductId": "6b9797660c28496faef5fbfae871d735",
          "List": 28.60,
          "MinQuantity": 1,
          "EffectiveValue": 28.60,
          "CreatedDate": "2015-08-17T15:25:41.24",
          "ModifiedDate": "2015-08-17T15:25:41.24",
          "CreatedBy": "unknown",
          "ModifiedBy": "unknown",
          "Id": "075ac0d124684778bd63430e48217e01"
        },
        {
          "PricelistId": "6a861ff44eb140bebb516a6dc240868c",
          "Currency": 840,
          "ProductId": "44885c4e0f074beba354a7adc5d32e5b",
          "List": 21.99,
          "MinQuantity": 1,
          "EffectiveValue": 21.99,
          "CreatedDate": "2015-08-17T15:25:41.24",
          "ModifiedDate": "2015-08-17T15:25:41.24",
          "CreatedBy": "unknown",
          "ModifiedBy": "unknown",
          "Id": "0ea2f2ebe33d4cf4a4858679722e13b4"
        },
        {
          "PricelistId": "6a861ff44eb140bebb516a6dc240868c",
          "Currency": 840,
          "ProductId": "31bb21bf0b144b68a9d731374c1a95e8",
          "List": 30.80,
          "MinQuantity": 1,
          "EffectiveValue": 30.80,
          "CreatedDate": "2015-08-17T15:25:41.24",
          "ModifiedDate": "2015-08-17T15:25:41.24",
          "CreatedBy": "unknown",
          "ModifiedBy": "unknown",
          "Id": "0ef16b531ce144329a336858ef3a96e2"
        },
        {
          "PricelistId": "6a861ff44eb140bebb516a6dc240868c",
          "Currency": 840,
          "ProductId": "a0642cdc35e54dba8def35a9d2066117",
          "List": 30.79,
          "MinQuantity": 1,
          "EffectiveValue": 30.79,
          "CreatedDate": "2015-08-17T15:25:41.24",
          "ModifiedDate": "2015-08-17T15:25:41.24",
          "CreatedBy": "unknown",
          "ModifiedBy": "unknown",
          "Id": "10e2280144bb4bb5af623b02ff1a9b6f"
        },
        {
          "PricelistId": "6a861ff44eb140bebb516a6dc240868c",
          "Currency": 840,
          "ProductId": "782ec998fc5a43a184e59e5c4a58bf3f",
          "List": 16.49,
          "MinQuantity": 1,
          "EffectiveValue": 16.49,
          "CreatedDate": "2015-08-17T15:25:41.24",
          "ModifiedDate": "2015-08-17T15:25:41.24",
          "CreatedBy": "unknown",
          "ModifiedBy": "unknown",
          "Id": "113cefdbb30545419a7658aeede3597e"
        },
        {
          "PricelistId": "6a861ff44eb140bebb516a6dc240868c",
          "Currency": 840,
          "ProductId": "d73b05fc10ad4249b612a2f0ed407dab",
          "List": 16.49,
          "MinQuantity": 1,
          "EffectiveValue": 16.49,
          "CreatedDate": "2015-08-17T15:25:41.24",
          "ModifiedDate": "2015-08-17T15:25:41.24",
          "CreatedBy": "unknown",
          "ModifiedBy": "unknown",
          "Id": "1817acdd6fec49eab467c1a8f3731664"
        },
        {
          "PricelistId": "6a861ff44eb140bebb516a6dc240868c",
          "Currency": 840,
          "ProductId": "e514a15dbc424735a9d4d9db3243b29b",
          "List": 18.70,
          "MinQuantity": 5,
          "EffectiveValue": 18.70,
          "CreatedDate": "2015-08-17T15:25:41.24",
          "ModifiedDate": "2015-08-17T15:25:41.24",
          "CreatedBy": "unknown",
          "ModifiedBy": "unknown",
          "Id": "22f64abcd5b9421694dfb491e3dd34a0"
        },
        {
          "PricelistId": "6a861ff44eb140bebb516a6dc240868c",
          "Currency": 840,
          "ProductId": "7ea7b8209e934042a714c9a2c0e74580",
          "List": 27.49,
          "MinQuantity": 1,
          "EffectiveValue": 27.49,
          "CreatedDate": "2015-08-17T15:25:41.24",
          "ModifiedDate": "2015-08-17T15:25:41.24",
          "CreatedBy": "unknown",
          "ModifiedBy": "unknown",
          "Id": "233813a892fb448bbc38cc7e134a1f48"
        },
        {
          "PricelistId": "6a861ff44eb140bebb516a6dc240868c",
          "Currency": 840,
          "ProductId": "2747604575ac4c8f901cbcd37022add9",
          "List": 9.90,
          "MinQuantity": 1,
          "EffectiveValue": 9.90,
          "CreatedDate": "2015-08-17T15:25:41.24",
          "ModifiedDate": "2015-08-17T15:25:41.24",
          "CreatedBy": "unknown",
          "ModifiedBy": "unknown",
          "Id": "29751b441376414291dae809689136b3"
        },
        {
          "PricelistId": "6a861ff44eb140bebb516a6dc240868c",
          "Currency": 840,
          "ProductId": "73334f6a05de4be6ab077da0ed12fd37",
          "List": 27.49,
          "MinQuantity": 1,
          "EffectiveValue": 27.49,
          "CreatedDate": "2015-08-17T15:25:41.24",
          "ModifiedDate": "2015-08-17T15:25:41.24",
          "CreatedBy": "unknown",
          "ModifiedBy": "unknown",
          "Id": "3ad182af37b04a15ac3bc777b471b57f"
        },
        {
          "PricelistId": "6a861ff44eb140bebb516a6dc240868c",
          "Currency": 840,
          "ProductId": "c5b82bcde23b4d1194103834369444bc",
          "List": 14.29,
          "MinQuantity": 1,
          "EffectiveValue": 14.29,
          "CreatedDate": "2015-08-17T15:25:41.24",
          "ModifiedDate": "2015-08-17T15:25:41.24",
          "CreatedBy": "unknown",
          "ModifiedBy": "unknown",
          "Id": "43d4d62532e74087a1a4eab8e5998ac8"
        },
        {
          "PricelistId": "6a861ff44eb140bebb516a6dc240868c",
          "Currency": 840,
          "ProductId": "fed7b7dd567b4d01a9033d88774c9bdc",
          "List": 14.29,
          "MinQuantity": 1,
          "EffectiveValue": 14.29,
          "CreatedDate": "2015-08-17T15:25:41.24",
          "ModifiedDate": "2015-08-17T15:25:41.24",
          "CreatedBy": "unknown",
          "ModifiedBy": "unknown",
          "Id": "48ea2176f9924346b26688676ff38f8c"
        },
        {
          "PricelistId": "6a861ff44eb140bebb516a6dc240868c",
          "Currency": 840,
          "ProductId": "e77935ad792244f6a5f1ba109704331f",
          "List": 28.60,
          "MinQuantity": 1,
          "EffectiveValue": 28.60,
          "CreatedDate": "2015-08-17T15:25:41.24",
          "ModifiedDate": "2015-08-17T15:25:41.24",
          "CreatedBy": "unknown",
          "ModifiedBy": "unknown",
          "Id": "4ce39f49eab14c19baddf8cfdd61edd5"
        },
        {
          "PricelistId": "6a861ff44eb140bebb516a6dc240868c",
          "Currency": 840,
          "ProductId": "6c8443d505d445e49c0bfc97d4749ab6",
          "List": 16.49,
          "MinQuantity": 1,
          "EffectiveValue": 16.49,
          "CreatedDate": "2015-08-17T15:25:41.24",
          "ModifiedDate": "2015-08-17T15:25:41.24",
          "CreatedBy": "unknown",
          "ModifiedBy": "unknown",
          "Id": "5033ea8363d54ec38f7a10a4a14aaa0c"
        },
        {
          "PricelistId": "6a861ff44eb140bebb516a6dc240868c",
          "Currency": 840,
          "ProductId": "192240913c0a4bc89755d64b1fed9733",
          "List": 16.49,
          "MinQuantity": 1,
          "EffectiveValue": 16.49,
          "CreatedDate": "2015-08-17T15:25:41.24",
          "ModifiedDate": "2015-08-17T15:25:41.24",
          "CreatedBy": "unknown",
          "ModifiedBy": "unknown",
          "Id": "56665aeeaabf4c23b95dfbb404cc2fc2"
        },
        {
          "PricelistId": "6a861ff44eb140bebb516a6dc240868c",
          "Currency": 840,
          "ProductId": "e22321f9a323425784af30143a1dd544",
          "List": 16.49,
          "MinQuantity": 1,
          "EffectiveValue": 16.49,
          "CreatedDate": "2015-08-17T15:25:41.24",
          "ModifiedDate": "2015-08-17T15:25:41.24",
          "CreatedBy": "unknown",
          "ModifiedBy": "unknown",
          "Id": "63c570fb93404f59ab9b98db9ca1380c"
        },
        {
          "PricelistId": "6a861ff44eb140bebb516a6dc240868c",
          "Currency": 840,
          "ProductId": "bb7d783aafd4458abac1d9ee3eccb7a0",
          "List": 14.30,
          "MinQuantity": 5,
          "EffectiveValue": 14.30,
          "CreatedDate": "2015-08-17T15:25:41.24",
          "ModifiedDate": "2015-08-17T15:25:41.24",
          "CreatedBy": "unknown",
          "ModifiedBy": "unknown",
          "Id": "63c57971ceec4015bab75ea86c459f48"
        },
        {
          "PricelistId": "6a861ff44eb140bebb516a6dc240868c",
          "Currency": 840,
          "ProductId": "e7999cbe03f1461aa86598c6acd35824",
          "List": 38.49,
          "MinQuantity": 1,
          "EffectiveValue": 38.49,
          "CreatedDate": "2015-08-17T15:25:41.24",
          "ModifiedDate": "2015-08-17T15:25:41.24",
          "CreatedBy": "unknown",
          "ModifiedBy": "unknown",
          "Id": "66933f973b074a02a928d9328e5da3e5"
        },
        {
          "PricelistId": "6a861ff44eb140bebb516a6dc240868c",
          "Currency": 840,
          "ProductId": "228ffc2dcdfd4ec58e4487d180199d01",
          "List": 52.80,
          "MinQuantity": 1,
          "EffectiveValue": 52.80,
          "CreatedDate": "2015-08-17T15:25:41.24",
          "ModifiedDate": "2015-08-17T15:25:41.24",
          "CreatedBy": "unknown",
          "ModifiedBy": "unknown",
          "Id": "70fcf4b7b5f74173ae351396642a6d13"
        },
        {
          "PricelistId": "6a861ff44eb140bebb516a6dc240868c",
          "Currency": 840,
          "ProductId": "8f16559331f94354957516e083fbc59e",
          "List": 21.99,
          "MinQuantity": 1,
          "EffectiveValue": 21.99,
          "CreatedDate": "2015-08-17T15:25:41.24",
          "ModifiedDate": "2015-08-17T15:25:41.24",
          "CreatedBy": "unknown",
          "ModifiedBy": "unknown",
          "Id": "71e5904b8894450bbe33aa89bfedbd4e"
        },
        {
          "PricelistId": "6a861ff44eb140bebb516a6dc240868c",
          "Currency": 840,
          "ProductId": "0ab43ede464a43219abb526bfa2da8d1",
          "List": 18.70,
          "MinQuantity": 5,
          "EffectiveValue": 18.70,
          "CreatedDate": "2015-08-17T15:25:41.24",
          "ModifiedDate": "2015-08-17T15:25:41.24",
          "CreatedBy": "unknown",
          "ModifiedBy": "unknown",
          "Id": "754d12c374084e51aa7dd9b3fc648e7e"
        },
        {
          "PricelistId": "6a861ff44eb140bebb516a6dc240868c",
          "Currency": 840,
          "ProductId": "274d5b9c7051439e965b0ffb88cdc611",
          "List": 21.99,
          "MinQuantity": 1,
          "EffectiveValue": 21.99,
          "CreatedDate": "2015-08-17T15:25:41.24",
          "ModifiedDate": "2015-08-17T15:25:41.24",
          "CreatedBy": "unknown",
          "ModifiedBy": "unknown",
          "Id": "7966221a162f4703aaa7a52a6e71cbc8"
        },
        {
          "PricelistId": "6a861ff44eb140bebb516a6dc240868c",
          "Currency": 840,
          "ProductId": "61a553f315b0478aa7eb6295dad6cbb5",
          "List": 21.99,
          "MinQuantity": 1,
          "EffectiveValue": 21.99,
          "CreatedDate": "2015-08-17T15:25:41.24",
          "ModifiedDate": "2015-08-17T15:25:41.24",
          "CreatedBy": "unknown",
          "ModifiedBy": "unknown",
          "Id": "7cf9b5f7acaa4c96a98274c4b97c0f97"
        },
        {
          "PricelistId": "6a861ff44eb140bebb516a6dc240868c",
          "Currency": 840,
          "ProductId": "9cb4810bfdf14b94aae330ad8726f9a1",
          "List": 19.79,
          "MinQuantity": 1,
          "EffectiveValue": 19.79,
          "CreatedDate": "2015-08-17T15:25:41.24",
          "ModifiedDate": "2015-08-17T15:25:41.24",
          "CreatedBy": "unknown",
          "ModifiedBy": "unknown",
          "Id": "7eddeadad00042c0b4b98f0c0ce26ecf"
        },
        {
          "PricelistId": "6a861ff44eb140bebb516a6dc240868c",
          "Currency": 840,
          "ProductId": "1788005d023f442a93a7a8c7e438c925",
          "List": 25.29,
          "MinQuantity": 1,
          "EffectiveValue": 25.29,
          "CreatedDate": "2015-08-17T15:25:41.24",
          "ModifiedDate": "2015-08-17T15:25:41.24",
          "CreatedBy": "unknown",
          "ModifiedBy": "unknown",
          "Id": "81195ed17a8c4b04a0b374e62d80ea02"
        },
        {
          "PricelistId": "6a861ff44eb140bebb516a6dc240868c",
          "Currency": 840,
          "ProductId": "fed7b7dd567b4d01a9033d88774c9bdc",
          "List": 9.90,
          "MinQuantity": 10,
          "EffectiveValue": 9.90,
          "CreatedDate": "2015-08-17T15:25:41.24",
          "ModifiedDate": "2015-08-17T15:25:41.24",
          "CreatedBy": "unknown",
          "ModifiedBy": "unknown",
          "Id": "81c446ec24154a71860f37822ad68a8e"
        },
        {
          "PricelistId": "6a861ff44eb140bebb516a6dc240868c",
          "Currency": 840,
          "ProductId": "0bb074f5c500404db02936af37222802",
          "List": 19.79,
          "MinQuantity": 1,
          "EffectiveValue": 19.79,
          "CreatedDate": "2015-08-17T15:25:41.24",
          "ModifiedDate": "2015-08-17T15:25:41.24",
          "CreatedBy": "unknown",
          "ModifiedBy": "unknown",
          "Id": "84f42b9410ed494e9dd128eb61c8c0b3"
        },
        {
          "PricelistId": "6a861ff44eb140bebb516a6dc240868c",
          "Currency": 840,
          "ProductId": "c29c741d556e4a7f832b25bf598a93eb",
          "List": 24.20,
          "MinQuantity": 1,
          "EffectiveValue": 24.20,
          "CreatedDate": "2015-08-17T15:25:41.24",
          "ModifiedDate": "2015-08-17T15:25:41.24",
          "CreatedBy": "unknown",
          "ModifiedBy": "unknown",
          "Id": "88436ebe6f6243a4be7967f0f94bef56"
        },
        {
          "PricelistId": "6a861ff44eb140bebb516a6dc240868c",
          "Currency": 840,
          "ProductId": "c687dedc65f44a19a9457aa5e0f5084f",
          "List": 20.89,
          "MinQuantity": 1,
          "EffectiveValue": 20.89,
          "CreatedDate": "2015-08-17T15:25:41.24",
          "ModifiedDate": "2015-08-17T15:25:41.24",
          "CreatedBy": "unknown",
          "ModifiedBy": "unknown",
          "Id": "8a01caf0dd0f4c67b1f71d61c17b543b"
        },
        {
          "PricelistId": "6a861ff44eb140bebb516a6dc240868c",
          "Currency": 840,
          "ProductId": "0ea8240e1c594d1b84fa455e12e36d14",
          "List": 15.40,
          "MinQuantity": 1,
          "EffectiveValue": 15.40,
          "CreatedDate": "2015-08-17T15:25:41.24",
          "ModifiedDate": "2015-08-17T15:25:41.24",
          "CreatedBy": "unknown",
          "ModifiedBy": "unknown",
          "Id": "8f622cd30ce3400283deadd874227b49"
        },
        {
          "PricelistId": "6a861ff44eb140bebb516a6dc240868c",
          "Currency": 840,
          "ProductId": "0ab43ede464a43219abb526bfa2da8d1",
          "Sale": 21.44,
          "List": 21.99,
          "MinQuantity": 1,
          "EffectiveValue": 21.44,
          "CreatedDate": "2015-08-17T15:25:41.24",
          "ModifiedDate": "2015-08-17T15:25:41.24",
          "CreatedBy": "unknown",
          "ModifiedBy": "unknown",
          "Id": "9c03d0eaeba04a699397531c4fb957fb"
        },
        {
          "PricelistId": "6a861ff44eb140bebb516a6dc240868c",
          "Currency": 840,
          "ProductId": "e514a15dbc424735a9d4d9db3243b29b",
          "Sale": 21.44,
          "List": 22.00,
          "MinQuantity": 1,
          "EffectiveValue": 21.44,
          "CreatedDate": "2015-08-17T15:25:41.24",
          "ModifiedDate": "2015-08-17T15:25:41.24",
          "CreatedBy": "unknown",
          "ModifiedBy": "unknown",
          "Id": "9e2257af060d43789b6eacfdfedd9c57"
        },
        {
          "PricelistId": "6a861ff44eb140bebb516a6dc240868c",
          "Currency": 840,
          "ProductId": "3eccd7791961473f95a53ed52bb7fdaf",
          "List": 12.10,
          "MinQuantity": 1,
          "EffectiveValue": 12.10,
          "CreatedDate": "2015-08-17T15:25:41.24",
          "ModifiedDate": "2015-08-17T15:25:41.24",
          "CreatedBy": "unknown",
          "ModifiedBy": "unknown",
          "Id": "a0d5f04463ae45e7ba538ecb8ccba3cf"
        },
        {
          "PricelistId": "6a861ff44eb140bebb516a6dc240868c",
          "Currency": 840,
          "ProductId": "eb8a13a6f1ad4370a93ba38cc27f21de",
          "List": 12.09,
          "MinQuantity": 1,
          "EffectiveValue": 12.09,
          "CreatedDate": "2015-08-17T15:25:41.24",
          "ModifiedDate": "2015-08-17T15:25:41.24",
          "CreatedBy": "unknown",
          "ModifiedBy": "unknown",
          "Id": "af0f987a31df4a81b91def410a3a3d08"
        },
        {
          "PricelistId": "6a861ff44eb140bebb516a6dc240868c",
          "Currency": 840,
          "ProductId": "7181c03615664a888b074543dea0e4bb",
          "List": 16.49,
          "MinQuantity": 1,
          "EffectiveValue": 16.49,
          "CreatedDate": "2015-08-17T15:25:41.24",
          "ModifiedDate": "2015-08-17T15:25:41.24",
          "CreatedBy": "unknown",
          "ModifiedBy": "unknown",
          "Id": "b3ffd14ae5d04f9eb58fdd2d7ba6ac9b"
        },
        {
          "PricelistId": "6a861ff44eb140bebb516a6dc240868c",
          "Currency": 840,
          "ProductId": "8e1c8c3a2dfd40c983e942a9caf24fe2",
          "List": 16.49,
          "MinQuantity": 1,
          "EffectiveValue": 16.49,
          "CreatedDate": "2015-08-17T15:25:41.24",
          "ModifiedDate": "2015-08-17T15:25:41.24",
          "CreatedBy": "unknown",
          "ModifiedBy": "unknown",
          "Id": "b559f720d521430c95beb5f6d9ed8fc8"
        },
        {
          "PricelistId": "6a861ff44eb140bebb516a6dc240868c",
          "Currency": 840,
          "ProductId": "fed7b7dd567b4d01a9033d88774c9bdc",
          "List": 11.00,
          "MinQuantity": 4,
          "EffectiveValue": 11.00,
          "CreatedDate": "2015-08-17T15:25:41.24",
          "ModifiedDate": "2015-08-17T15:25:41.24",
          "CreatedBy": "unknown",
          "ModifiedBy": "unknown",
          "Id": "c7717a43e2294dafbb7ba26daf904783"
        },
        {
          "PricelistId": "6a861ff44eb140bebb516a6dc240868c",
          "Currency": 840,
          "ProductId": "bb7d783aafd4458abac1d9ee3eccb7a0",
          "Sale": 17.04,
          "List": 17.60,
          "MinQuantity": 1,
          "EffectiveValue": 17.04,
          "CreatedDate": "2015-08-17T15:25:41.24",
          "ModifiedDate": "2015-08-17T15:25:41.24",
          "CreatedBy": "unknown",
          "ModifiedBy": "unknown",
          "Id": "cb59c97354d54bb0878c7270b17ea944"
        },
        {
          "PricelistId": "6a861ff44eb140bebb516a6dc240868c",
          "Currency": 840,
          "ProductId": "8355688c920948ea87a574ed1c6ecd1e",
          "List": 19.79,
          "MinQuantity": 1,
          "EffectiveValue": 19.79,
          "CreatedDate": "2015-08-17T15:25:41.24",
          "ModifiedDate": "2015-08-17T15:25:41.24",
          "CreatedBy": "unknown",
          "ModifiedBy": "unknown",
          "Id": "cbf8439f694a48b0ad80f0c39df5d035"
        },
        {
          "PricelistId": "6a861ff44eb140bebb516a6dc240868c",
          "Currency": 840,
          "ProductId": "9bfb28931bc847489e2c30bb10c4bf87",
          "List": 27.49,
          "MinQuantity": 1,
          "EffectiveValue": 27.49,
          "CreatedDate": "2015-08-17T15:25:41.24",
          "ModifiedDate": "2015-08-17T15:25:41.24",
          "CreatedBy": "unknown",
          "ModifiedBy": "unknown",
          "Id": "d533efeb098c4e2a904a0cad8ec91be7"
        },
        {
          "PricelistId": "6a861ff44eb140bebb516a6dc240868c",
          "Currency": 840,
          "ProductId": "abc74a3c32de4740aff166501af1b356",
          "Sale": 10.99,
          "List": 14.29,
          "MinQuantity": 1,
          "EffectiveValue": 10.99,
          "CreatedDate": "2015-08-17T15:25:41.24",
          "ModifiedDate": "2015-08-17T15:25:41.24",
          "CreatedBy": "unknown",
          "ModifiedBy": "unknown",
          "Id": "d681e2dde79f4d50bfc087cf778c76b9"
        },
        {
          "PricelistId": "6a861ff44eb140bebb516a6dc240868c",
          "Currency": 840,
          "ProductId": "35ba8bffe4f54a1a845f33edad6bc409",
          "List": 21.99,
          "MinQuantity": 1,
          "EffectiveValue": 21.99,
          "CreatedDate": "2015-08-17T15:25:41.24",
          "ModifiedDate": "2015-08-17T15:25:41.24",
          "CreatedBy": "unknown",
          "ModifiedBy": "unknown",
          "Id": "da2e7fc4610349b8b3b6f3d2f347b9e0"
        },
        {
          "PricelistId": "6a861ff44eb140bebb516a6dc240868c",
          "Currency": 840,
          "ProductId": "fbd5222243074380a65d80dbc6c32542",
          "List": 18.70,
          "MinQuantity": 1,
          "EffectiveValue": 18.70,
          "CreatedDate": "2015-08-17T15:25:41.24",
          "ModifiedDate": "2015-08-17T15:25:41.24",
          "CreatedBy": "unknown",
          "ModifiedBy": "unknown",
          "Id": "e86343287ba74a1db1b56ebd5e3fe047"
        },
        {
          "PricelistId": "6a861ff44eb140bebb516a6dc240868c",
          "Currency": 840,
          "ProductId": "5b12d2ee67914060836f5a4538b84bfc",
          "List": 25.29,
          "MinQuantity": 1,
          "EffectiveValue": 25.29,
          "CreatedDate": "2015-08-17T15:25:41.24",
          "ModifiedDate": "2015-08-17T15:25:41.24",
          "CreatedBy": "unknown",
          "ModifiedBy": "unknown",
          "Id": "ed720c91e392453f858430cf7e9da2e8"
        },
        {
          "PricelistId": "6a861ff44eb140bebb516a6dc240868c",
          "Currency": 840,
          "ProductId": "2f580ea8bfd44addb75f1e783b0513d8",
          "List": 14.29,
          "MinQuantity": 1,
          "EffectiveValue": 14.29,
          "CreatedDate": "2015-08-17T15:25:41.24",
          "ModifiedDate": "2015-08-17T15:25:41.24",
          "CreatedBy": "unknown",
          "ModifiedBy": "unknown",
          "Id": "f51d5976a3e449499113e4e4139cc988"
        }
      ],
      "Assignments": [
        {
          "CatalogId": "b61aa9d1d0024bc4be12d79bf5786e9f",
          "PricelistId": "6a861ff44eb140bebb516a6dc240868c",
          "Name": "Clothing-Clothing USD",
          "Priority": 0,
          "CreatedDate": "2015-08-17T15:25:41.24",
          "ModifiedDate": "2015-08-17T15:25:41.24",
          "CreatedBy": "unknown",
          "ModifiedBy": "unknown",
          "Id": "2e282397bc9f4541a15c6ddf953e72bd"
        }
      ],
      "CreatedDate": "2015-08-17T15:25:41.24",
      "ModifiedDate": "2015-08-17T15:25:41.24",
      "CreatedBy": "unknown",
      "ModifiedBy": "unknown",
      "Id": "6a861ff44eb140bebb516a6dc240868c"
    },
    {
      "Name": "Electronics",
      "Currency": 840,
      "Prices": [
        {
          "PricelistId": "934da94516a74f9ab4ec001343ac928a",
          "Currency": 840,
          "ProductId": "0f7a77cc1b9a46a29f6a159e5cd49ad1",
          "List": 220.52,
          "MinQuantity": 1,
          "EffectiveValue": 220.52,
          "CreatedDate": "2015-08-17T15:25:41.48",
          "ModifiedDate": "2015-08-17T15:25:41.48",
          "CreatedBy": "unknown",
          "ModifiedBy": "unknown",
          "Id": "016fc5f7dc904554881816780338b836"
        },
        {
          "PricelistId": "934da94516a74f9ab4ec001343ac928a",
          "Currency": 840,
          "ProductId": "f936e5f4c6fe43aead1e76f0fbfc31c8",
          "List": 1498.99,
          "MinQuantity": 1,
          "EffectiveValue": 1498.99,
          "CreatedDate": "2015-08-17T15:25:41.48",
          "ModifiedDate": "2015-08-17T15:25:41.48",
          "CreatedBy": "unknown",
          "ModifiedBy": "unknown",
          "Id": "021807feefd945a59ba326e5a69eb49e"
        },
        {
          "PricelistId": "934da94516a74f9ab4ec001343ac928a",
          "Currency": 840,
          "ProductId": "ac8da6c50cef42ad97d6f1effe2abaee",
          "List": 399.99,
          "MinQuantity": 1,
          "EffectiveValue": 399.99,
          "CreatedDate": "2015-08-17T15:25:41.48",
          "ModifiedDate": "2015-08-17T15:25:41.48",
          "CreatedBy": "unknown",
          "ModifiedBy": "unknown",
          "Id": "0ca7349dac3a4f59a50b6693bb0e6ce6"
        },
        {
          "PricelistId": "934da94516a74f9ab4ec001343ac928a",
          "Currency": 840,
          "ProductId": "6e7a31c35c814fb389dc2574aa142b63",
          "List": 223.33,
          "MinQuantity": 1,
          "EffectiveValue": 223.33,
          "CreatedDate": "2015-08-17T15:25:41.48",
          "ModifiedDate": "2015-08-17T15:25:41.48",
          "CreatedBy": "unknown",
          "ModifiedBy": "unknown",
          "Id": "1ed66a46c2004a9eaa165a9b81a5cc8c"
        },
        {
          "PricelistId": "934da94516a74f9ab4ec001343ac928a",
          "Currency": 840,
          "ProductId": "69117ea0f37243a08b3441316d40d0e1",
          "List": 23638.00,
          "MinQuantity": 1,
          "EffectiveValue": 23638.00,
          "CreatedDate": "2015-08-17T15:25:41.48",
          "ModifiedDate": "2015-08-17T15:25:41.48",
          "CreatedBy": "unknown",
          "ModifiedBy": "unknown",
          "Id": "233911dc9afe40a8a08d9949b1817e98"
        },
        {
          "PricelistId": "934da94516a74f9ab4ec001343ac928a",
          "Currency": 840,
          "ProductId": "6e37b94d874247e4ab7469e8fefd247e",
          "List": 999.00,
          "MinQuantity": 1,
          "EffectiveValue": 999.00,
          "CreatedDate": "2015-08-17T15:25:41.48",
          "ModifiedDate": "2015-08-17T15:25:41.48",
          "CreatedBy": "unknown",
          "ModifiedBy": "unknown",
          "Id": "240a88dcad8b458387928d67ac0cc8f0"
        },
        {
          "PricelistId": "934da94516a74f9ab4ec001343ac928a",
          "Currency": 840,
          "ProductId": "9cbd8f316e254a679ba34a900fccb076",
          "List": 995.99,
          "MinQuantity": 1,
          "EffectiveValue": 995.99,
          "CreatedDate": "2015-08-17T15:25:41.48",
          "ModifiedDate": "2015-08-17T15:25:41.48",
          "CreatedBy": "unknown",
          "ModifiedBy": "unknown",
          "Id": "2424a853824446b88e91a17f96b95f77"
        },
        {
          "PricelistId": "934da94516a74f9ab4ec001343ac928a",
          "Currency": 840,
          "ProductId": "77bffc3b23ba4b48a56baa56bd5d769c",
          "List": 498.00,
          "MinQuantity": 1,
          "EffectiveValue": 498.00,
          "CreatedDate": "2015-08-17T15:25:41.48",
          "ModifiedDate": "2015-08-17T15:25:41.48",
          "CreatedBy": "unknown",
          "ModifiedBy": "unknown",
          "Id": "2cdafe04b4db4718a15265f5d2c3bff3"
        },
        {
          "PricelistId": "934da94516a74f9ab4ec001343ac928a",
          "Currency": 840,
          "ProductId": "8db64bd60a354c4c96e25e61d7361565",
          "List": 6999.00,
          "MinQuantity": 1,
          "EffectiveValue": 6999.00,
          "CreatedDate": "2015-08-17T15:25:41.48",
          "ModifiedDate": "2015-08-17T15:25:41.48",
          "CreatedBy": "unknown",
          "ModifiedBy": "unknown",
          "Id": "2d1de018bb224d7eb594c13eb3374dcc"
        },
        {
          "PricelistId": "934da94516a74f9ab4ec001343ac928a",
          "Currency": 840,
          "ProductId": "4ed55441810a47da88a483e5a1ee4e94",
          "List": 1259.00,
          "MinQuantity": 1,
          "EffectiveValue": 1259.00,
          "CreatedDate": "2015-08-17T15:25:41.48",
          "ModifiedDate": "2015-08-17T15:25:41.48",
          "CreatedBy": "unknown",
          "ModifiedBy": "unknown",
          "Id": "389cd115b9274196bd34f8f16b578007"
        },
        {
          "PricelistId": "934da94516a74f9ab4ec001343ac928a",
          "Currency": 840,
          "ProductId": "bd8e58948c3648e8b08e1fb4ed4e01bb",
          "List": 1900.00,
          "MinQuantity": 1,
          "EffectiveValue": 1900.00,
          "CreatedDate": "2015-08-17T15:25:41.48",
          "ModifiedDate": "2015-08-17T15:25:41.48",
          "CreatedBy": "unknown",
          "ModifiedBy": "unknown",
          "Id": "3d3eada2ba5d485ca3fb0b2021a7c40f"
        },
        {
          "PricelistId": "934da94516a74f9ab4ec001343ac928a",
          "Currency": 840,
          "ProductId": "8b7b07c165924a879392f4f51a6f7ce0",
          "List": 199.00,
          "MinQuantity": 1,
          "EffectiveValue": 199.00,
          "CreatedDate": "2015-08-17T15:25:41.48",
          "ModifiedDate": "2015-08-17T15:25:41.48",
          "CreatedBy": "unknown",
          "ModifiedBy": "unknown",
          "Id": "3ed04326170a4d2194bb2d1a453ebb19"
        },
        {
          "PricelistId": "934da94516a74f9ab4ec001343ac928a",
          "Currency": 840,
          "ProductId": "f9330eb5ed78427abb4dc4089bc37d9f",
          "List": 299.00,
          "MinQuantity": 1,
          "EffectiveValue": 299.00,
          "CreatedDate": "2015-08-17T15:25:41.48",
          "ModifiedDate": "2015-08-17T15:25:41.48",
          "CreatedBy": "unknown",
          "ModifiedBy": "unknown",
          "Id": "53cf9ad1bb7644ba94c3d9966af8375a"
        },
        {
          "PricelistId": "934da94516a74f9ab4ec001343ac928a",
          "Currency": 840,
          "ProductId": "7c835a9b1c8e4445aa118dae659231c3",
          "List": 599.00,
          "MinQuantity": 1,
          "EffectiveValue": 599.00,
          "CreatedDate": "2015-08-17T15:25:41.48",
          "ModifiedDate": "2015-08-17T15:25:41.48",
          "CreatedBy": "unknown",
          "ModifiedBy": "unknown",
          "Id": "66a0b5007d3a4458929e3f509702ebdc"
        },
        {
          "PricelistId": "934da94516a74f9ab4ec001343ac928a",
          "Currency": 840,
          "ProductId": "cb8b439491444dad94030be5f551901c",
          "List": 298.00,
          "MinQuantity": 1,
          "EffectiveValue": 298.00,
          "CreatedDate": "2015-08-17T15:25:41.48",
          "ModifiedDate": "2015-08-17T15:25:41.48",
          "CreatedBy": "unknown",
          "ModifiedBy": "unknown",
          "Id": "675ac066fd2f41f3bca107474f11feb9"
        },
        {
          "PricelistId": "934da94516a74f9ab4ec001343ac928a",
          "Currency": 840,
          "ProductId": "5de40fc944cd435f90b19869217f09bb",
          "List": 4997.00,
          "MinQuantity": 1,
          "EffectiveValue": 4997.00,
          "CreatedDate": "2015-08-17T15:25:41.48",
          "ModifiedDate": "2015-08-17T15:25:41.48",
          "CreatedBy": "unknown",
          "ModifiedBy": "unknown",
          "Id": "686745cbe61c441c831388b34774b955"
        },
        {
          "PricelistId": "934da94516a74f9ab4ec001343ac928a",
          "Currency": 840,
          "ProductId": "ad4ae79ffdbc4c97959139a0c387c72e",
          "List": 589.99,
          "MinQuantity": 1,
          "EffectiveValue": 589.99,
          "CreatedDate": "2015-08-17T15:25:41.48",
          "ModifiedDate": "2015-08-17T15:25:41.48",
          "CreatedBy": "unknown",
          "ModifiedBy": "unknown",
          "Id": "6d8cdbd03e9a4080a68e068bc13e6889"
        },
        {
          "PricelistId": "934da94516a74f9ab4ec001343ac928a",
          "Currency": 840,
          "ProductId": "7384ecc9cba84f2eb755c5136736bb9f",
          "List": 1399.00,
          "MinQuantity": 1,
          "EffectiveValue": 1399.00,
          "CreatedDate": "2015-08-17T15:25:41.48",
          "ModifiedDate": "2015-08-17T15:25:41.48",
          "CreatedBy": "unknown",
          "ModifiedBy": "unknown",
          "Id": "71c890f89d7a4f8ba2982acf4e82c790"
        },
        {
          "PricelistId": "934da94516a74f9ab4ec001343ac928a",
          "Currency": 840,
          "ProductId": "be4ab6701f84440ea84ccd09210cbe0a",
          "List": 1799.99,
          "MinQuantity": 1,
          "EffectiveValue": 1799.99,
          "CreatedDate": "2015-08-17T15:25:41.48",
          "ModifiedDate": "2015-08-17T15:25:41.48",
          "CreatedBy": "unknown",
          "ModifiedBy": "unknown",
          "Id": "799f0c9eebcf420697f6b446844de2c9"
        },
        {
          "PricelistId": "934da94516a74f9ab4ec001343ac928a",
          "Currency": 840,
          "ProductId": "217be9f3d9064075821f6785dca658b9",
          "List": 388.00,
          "MinQuantity": 1,
          "EffectiveValue": 388.00,
          "CreatedDate": "2015-08-17T15:25:41.48",
          "ModifiedDate": "2015-08-17T15:25:41.48",
          "CreatedBy": "unknown",
          "ModifiedBy": "unknown",
          "Id": "7afc998ee1d1494497fcfc3396f83133"
        },
        {
          "PricelistId": "934da94516a74f9ab4ec001343ac928a",
          "Currency": 840,
          "ProductId": "f1b26974b7634abaa0900e575a99476f",
          "List": 4999.00,
          "MinQuantity": 1,
          "EffectiveValue": 4999.00,
          "CreatedDate": "2015-08-17T15:25:41.48",
          "ModifiedDate": "2015-08-17T15:25:41.48",
          "CreatedBy": "unknown",
          "ModifiedBy": "unknown",
          "Id": "7dc07fdb254e43ecbad3df8e203cd2e2"
        },
        {
          "PricelistId": "934da94516a74f9ab4ec001343ac928a",
          "Currency": 840,
          "ProductId": "b7fbcb4e4efb4b1bbe79482a20e80a3d",
          "List": 124.79,
          "MinQuantity": 1,
          "EffectiveValue": 124.79,
          "CreatedDate": "2015-08-17T15:25:41.48",
          "ModifiedDate": "2015-08-17T15:25:41.48",
          "CreatedBy": "unknown",
          "ModifiedBy": "unknown",
          "Id": "80ee68c67ee345cb9dc40fee08e918a5"
        },
        {
          "PricelistId": "934da94516a74f9ab4ec001343ac928a",
          "Currency": 840,
          "ProductId": "92e671024a8648de97dedcd488f58455",
          "List": 3295.00,
          "MinQuantity": 1,
          "EffectiveValue": 3295.00,
          "CreatedDate": "2015-08-17T15:25:41.48",
          "ModifiedDate": "2015-08-17T15:25:41.48",
          "CreatedBy": "unknown",
          "ModifiedBy": "unknown",
          "Id": "81e7241acd294146ad090a91be6369be"
        },
        {
          "PricelistId": "934da94516a74f9ab4ec001343ac928a",
          "Currency": 840,
          "ProductId": "143e3eb3d1ee4a2bbf8fa0ecacfd1222",
          "List": 142.72,
          "MinQuantity": 1,
          "EffectiveValue": 142.72,
          "CreatedDate": "2015-08-17T15:25:41.48",
          "ModifiedDate": "2015-08-17T15:25:41.48",
          "CreatedBy": "unknown",
          "ModifiedBy": "unknown",
          "Id": "8382efbf09ab4db1812ee34caff15e54"
        },
        {
          "PricelistId": "934da94516a74f9ab4ec001343ac928a",
          "Currency": 840,
          "ProductId": "1486f5a1a25f48a999189c081792a379",
          "List": 249.95,
          "MinQuantity": 1,
          "EffectiveValue": 249.95,
          "CreatedDate": "2015-08-17T15:25:41.48",
          "ModifiedDate": "2015-08-17T15:25:41.48",
          "CreatedBy": "unknown",
          "ModifiedBy": "unknown",
          "Id": "8671f6f869794fd38aa2bbda8a615f25"
        },
        {
          "PricelistId": "934da94516a74f9ab4ec001343ac928a",
          "Currency": 840,
          "ProductId": "f0133829838f4b1e8019ff045bb31cd7",
          "List": 1698.00,
          "MinQuantity": 1,
          "EffectiveValue": 1698.00,
          "CreatedDate": "2015-08-17T15:25:41.48",
          "ModifiedDate": "2015-08-17T15:25:41.48",
          "CreatedBy": "unknown",
          "ModifiedBy": "unknown",
          "Id": "8e7615b151bd4f4aaa2007ab99e83876"
        },
        {
          "PricelistId": "934da94516a74f9ab4ec001343ac928a",
          "Currency": 840,
          "ProductId": "44d62e31a783468fa161bccd1b7de19e",
          "List": 998.00,
          "MinQuantity": 1,
          "EffectiveValue": 998.00,
          "CreatedDate": "2015-08-17T15:25:41.48",
          "ModifiedDate": "2015-08-17T15:25:41.48",
          "CreatedBy": "unknown",
          "ModifiedBy": "unknown",
          "Id": "926783c4b9b946018de454cbb634dd8b"
        },
        {
          "PricelistId": "934da94516a74f9ab4ec001343ac928a",
          "Currency": 840,
          "ProductId": "7ae66c41242c4020a3328d5e841bda49",
          "List": 1199.00,
          "MinQuantity": 1,
          "EffectiveValue": 1199.00,
          "CreatedDate": "2015-08-17T15:25:41.48",
          "ModifiedDate": "2015-08-17T15:25:41.48",
          "CreatedBy": "unknown",
          "ModifiedBy": "unknown",
          "Id": "96cb04e61aa541c199a60cce983cd0b0"
        },
        {
          "PricelistId": "934da94516a74f9ab4ec001343ac928a",
          "Currency": 840,
          "ProductId": "8e3a763a3cff407b97e2a2f6390b4048",
          "List": 327.99,
          "MinQuantity": 1,
          "EffectiveValue": 327.99,
          "CreatedDate": "2015-08-17T15:25:41.48",
          "ModifiedDate": "2015-08-17T15:25:41.48",
          "CreatedBy": "unknown",
          "ModifiedBy": "unknown",
          "Id": "98e20cb6b359433fb5ada6fd0cfa57be"
        },
        {
          "PricelistId": "934da94516a74f9ab4ec001343ac928a",
          "Currency": 840,
          "ProductId": "5834aac09b7e4e279a5b41c993c36e22",
          "List": 1195.00,
          "MinQuantity": 1,
          "EffectiveValue": 1195.00,
          "CreatedDate": "2015-08-17T15:25:41.48",
          "ModifiedDate": "2015-08-17T15:25:41.48",
          "CreatedBy": "unknown",
          "ModifiedBy": "unknown",
          "Id": "a2a42a29105a43bea614574df0c65d35"
        },
        {
          "PricelistId": "934da94516a74f9ab4ec001343ac928a",
          "Currency": 840,
          "ProductId": "d154d30d76d548fb8505f5124d18c1f3",
          "List": 159.00,
          "MinQuantity": 1,
          "EffectiveValue": 159.00,
          "CreatedDate": "2015-08-17T15:25:41.48",
          "ModifiedDate": "2015-08-17T15:25:41.48",
          "CreatedBy": "unknown",
          "ModifiedBy": "unknown",
          "Id": "c66c57124c2f4b20988b227442eacd51"
        },
        {
          "PricelistId": "934da94516a74f9ab4ec001343ac928a",
          "Currency": 840,
          "ProductId": "cbd8eab4f76b4e34b779d9c59dbc13fe",
          "List": 399.00,
          "MinQuantity": 1,
          "EffectiveValue": 399.00,
          "CreatedDate": "2015-08-17T15:25:41.48",
          "ModifiedDate": "2015-08-17T15:25:41.48",
          "CreatedBy": "unknown",
          "ModifiedBy": "unknown",
          "Id": "d6d7ccd57a474c368476a6ffdf8e9db7"
        },
        {
          "PricelistId": "934da94516a74f9ab4ec001343ac928a",
          "Currency": 840,
          "ProductId": "e7eee66223da43109502891b54bc33d3",
          "List": 5400.00,
          "MinQuantity": 1,
          "EffectiveValue": 5400.00,
          "CreatedDate": "2015-08-17T15:25:41.48",
          "ModifiedDate": "2015-08-17T15:25:41.48",
          "CreatedBy": "unknown",
          "ModifiedBy": "unknown",
          "Id": "e06e86266d464b5396526e75d694775e"
        },
        {
          "PricelistId": "934da94516a74f9ab4ec001343ac928a",
          "Currency": 840,
          "ProductId": "93beb4e92dba4a08a173aa0a0cf0cffb",
          "List": 648.00,
          "MinQuantity": 1,
          "EffectiveValue": 648.00,
          "CreatedDate": "2015-08-17T15:25:41.48",
          "ModifiedDate": "2015-08-17T15:25:41.48",
          "CreatedBy": "unknown",
          "ModifiedBy": "unknown",
          "Id": "e34a23ce25aa49f090023174b09d4229"
        },
        {
          "PricelistId": "934da94516a74f9ab4ec001343ac928a",
          "Currency": 840,
          "ProductId": "e5e142e2c7a241b7a4f87183a829ac6c",
          "List": 3295.00,
          "MinQuantity": 1,
          "EffectiveValue": 3295.00,
          "CreatedDate": "2015-08-17T15:25:41.48",
          "ModifiedDate": "2015-08-17T15:25:41.48",
          "CreatedBy": "unknown",
          "ModifiedBy": "unknown",
          "Id": "e3f86c42d7c04828afebe3c9a89fec0c"
        },
        {
          "PricelistId": "934da94516a74f9ab4ec001343ac928a",
          "Currency": 840,
          "ProductId": "b4a2edc523db4114a5e8ccbff5747667",
          "List": 797.99,
          "MinQuantity": 1,
          "EffectiveValue": 797.99,
          "CreatedDate": "2015-08-17T15:25:41.48",
          "ModifiedDate": "2015-08-17T15:25:41.48",
          "CreatedBy": "unknown",
          "ModifiedBy": "unknown",
          "Id": "f480eb3e422d436a9e101e4601bf78a4"
        }
      ],
      "Assignments": [
        {
          "CatalogId": "1662f5e03af04275aa5d2653357d20e4",
          "PricelistId": "934da94516a74f9ab4ec001343ac928a",
          "Name": "Electronics-Virtual USD",
          "Priority": 1,
          "ConditionExpression": "<LambdaExpression NodeType=\"Lambda\" Name=\"\" TailCall=\"false\" CanReduce=\"false\">\r\n  <Type>\r\n    <Type Name=\"System.Func`2\">\r\n      <Type Name=\"VirtoCommerce.Domain.Common.IEvaluationContext\" />\r\n      <Type Name=\"System.Boolean\" />\r\n    </Type>\r\n  </Type>\r\n  <Parameters>\r\n    <ParameterExpression NodeType=\"Parameter\" Name=\"f\" IsByRef=\"false\" CanReduce=\"false\">\r\n      <Type>\r\n        <Type Name=\"VirtoCommerce.Domain.Common.IEvaluationContext\" />\r\n      </Type>\r\n    </ParameterExpression>\r\n  </Parameters>\r\n  <Body>\r\n    <ConstantExpression NodeType=\"Constant\" CanReduce=\"false\">\r\n      <Type>\r\n        <Type Name=\"System.Boolean\" />\r\n      </Type>\r\n      <Value>True</Value>\r\n    </ConstantExpression>\r\n  </Body>\r\n  <ReturnType>\r\n    <Type Name=\"System.Boolean\" />\r\n  </ReturnType>\r\n</LambdaExpression>",
          "PredicateVisualTreeSerialized": "{\"Id\":\"ConditionExpressionTree\",\"AvailableChildren\":null,\"Children\":[{\"$type\":\"VirtoCommerce.DynamicExpressionModule.Data.Pricing.BlockPricingCondition, VirtoCommerce.DynamicExpressionModule.Data\",\"All\":false,\"Id\":\"BlockPricingCondition\",\"AvailableChildren\":null,\"Children\":[]}]}",
          "CreatedDate": "2015-08-18T08:57:34.493",
          "ModifiedDate": "2015-08-18T08:57:34.493",
          "CreatedBy": "admin",
          "ModifiedBy": "admin",
          "Id": "95f618a852b44b598939d11e5589e763"
        },
        {
          "CatalogId": "4974648a41df4e6ea67ef2ad76d7bbd4",
          "PricelistId": "934da94516a74f9ab4ec001343ac928a",
          "Name": "Electronics USD",
          "Priority": 1,
          "ConditionExpression": "<LambdaExpression NodeType=\"Lambda\" Name=\"\" TailCall=\"false\" CanReduce=\"false\">\r\n  <Type>\r\n    <Type Name=\"System.Func`2\">\r\n      <Type Name=\"VirtoCommerce.Domain.Common.IEvaluationContext\" />\r\n      <Type Name=\"System.Boolean\" />\r\n    </Type>\r\n  </Type>\r\n  <Parameters>\r\n    <ParameterExpression NodeType=\"Parameter\" Name=\"f\" IsByRef=\"false\" CanReduce=\"false\">\r\n      <Type>\r\n        <Type Name=\"VirtoCommerce.Domain.Common.IEvaluationContext\" />\r\n      </Type>\r\n    </ParameterExpression>\r\n  </Parameters>\r\n  <Body>\r\n    <ConstantExpression NodeType=\"Constant\" CanReduce=\"false\">\r\n      <Type>\r\n        <Type Name=\"System.Boolean\" />\r\n      </Type>\r\n      <Value>True</Value>\r\n    </ConstantExpression>\r\n  </Body>\r\n  <ReturnType>\r\n    <Type Name=\"System.Boolean\" />\r\n  </ReturnType>\r\n</LambdaExpression>",
          "PredicateVisualTreeSerialized": "{\"Id\":\"ConditionExpressionTree\",\"AvailableChildren\":null,\"Children\":[{\"$type\":\"VirtoCommerce.DynamicExpressionModule.Data.Pricing.BlockPricingCondition, VirtoCommerce.DynamicExpressionModule.Data\",\"All\":false,\"Id\":\"BlockPricingCondition\",\"AvailableChildren\":null,\"Children\":[]}]}",
          "CreatedDate": "2015-08-17T15:25:41.48",
          "ModifiedDate": "2015-08-17T15:25:41.48",
          "CreatedBy": "unknown",
          "ModifiedBy": "unknown",
          "Id": "fa722b285cff4efea9e7e6195b784185"
        }
      ],
      "CreatedDate": "2015-08-17T15:25:41.48",
      "ModifiedDate": "2015-08-17T15:25:41.48",
      "CreatedBy": "unknown",
      "ModifiedBy": "unknown",
      "Id": "934da94516a74f9ab4ec001343ac928a"
    }
  ]
}