﻿{
  "CustomerOrders": [
    {
      "CustomerId": "42e9ad63-cfe5-4ef8-b5e3-c86522c22d84",
      "CustomerName": "Eugene Fritz",
      "StoreId": "Clothing",
      "Addresses": [
        {
          "AddressType": 2,
          "CountryCode": "US",
          "CountryName": "United States",
          "City": "DeKalb",
          "PostalCode": "60151-2882",
          "Line1": "5241 West Lincoln Hwy.",
          "RegionName": "Illinois",
          "FirstName": "Eugene",
          "LastName": "Fritz",
          "Phone": "(815) 876-4503",
          "Email": "calfor99@example.com"
        }
      ],
      "InPayments": [
        {
          "GatewayCode": "Paypal.ExpressCheckout",
          "CustomerId": "42e9ad63-cfe5-4ef8-b5e3-c86522c22d84",
          "OuterId": "3R440677NU672772K",
          "PaymentStatus": 3,
          "CapturedDate": "2015-08-13T16:52:06.66",
          "OperationType": "PaymentIn",
          "Number": "PA1508131823013",
          "IsApproved": true,
          "Status": "Paid",
          "Currency": 978,
          "TaxIncluded": false,
          "Sum": 92.9600,
          "Tax": 0.0000,
          "IsCancelled": false,
          "ObjectType": "VirtoCommerce.Domain.Order.Model.PaymentIn",
          "DynamicProperties": [],
          "CreatedDate": "2015-08-17T15:25:39.757",
          "ModifiedDate": "2015-08-17T15:25:39.757",
          "CreatedBy": "unknown",
          "ModifiedBy": "unknown",
          "Id": "ee9ba616c9ad49cca61dc672828b107e"
        }
      ],
      "Items": [
        {
          "Currency": 0,
          "BasePrice": 0.0000,
          "Price": 14.9900,
          "DiscountAmount": 0.0000,
          "Tax": 0.0000,
          "ReserveQuantity": 0,
          "Quantity": 1,
          "ProductId": "6c8443d505d445e49c0bfc97d4749ab6",
          "CatalogId": "fake",
          "CategoryId": "fake",
          "Name": "Dark Blue Floral Print Twist Cut Out Back Dress",
          "ImageUrl": "http://virtocommerce.blob.core.windows.net/catalog/355413949.jpg",
          "IsCancelled": false,
          "ObjectType": "VirtoCommerce.Domain.Order.Model.LineItem",
          "DynamicProperties": [],
          "TaxDetails": [],
          "CreatedDate": "2015-08-17T15:25:39.757",
          "ModifiedDate": "2015-08-17T15:25:39.757",
          "CreatedBy": "unknown",
          "ModifiedBy": "unknown",
          "Id": "1d78086a3b304c6ab6f9928b6804bf28"
        },
        {
          "Currency": 0,
          "BasePrice": 0.0000,
          "Price": 17.9900,
          "DiscountAmount": 0.0000,
          "Tax": 0.0000,
          "ReserveQuantity": 0,
          "Quantity": 1,
          "ProductId": "9cb4810bfdf14b94aae330ad8726f9a1",
          "CatalogId": "fake",
          "CategoryId": "fake",
          "Name": "Cameo Rose Cream High Neck Laser Cut Trim Dress",
          "ImageUrl": "http://virtocommerce.blob.core.windows.net/catalog/345198613D1.jpg",
          "IsCancelled": false,
          "ObjectType": "VirtoCommerce.Domain.Order.Model.LineItem",
          "DynamicProperties": [],
          "TaxDetails": [],
          "CreatedDate": "2015-08-17T15:25:39.757",
          "ModifiedDate": "2015-08-17T15:25:39.757",
          "CreatedBy": "unknown",
          "ModifiedBy": "unknown",
          "Id": "53dd7496033643d0a6119124f0d70f46"
        },
        {
          "Currency": 0,
          "BasePrice": 0.0000,
          "Price": 34.9900,
          "DiscountAmount": 0.0000,
          "Tax": 0.0000,
          "ReserveQuantity": 0,
          "Quantity": 1,
          "ProductId": "e7999cbe03f1461aa86598c6acd35824",
          "CatalogId": "fake",
          "CategoryId": "fake",
          "Name": "Anita and Green Turquoise Lace Panel Maxi Dress",
          "ImageUrl": "http://virtocommerce.blob.core.windows.net/catalog/357438136.jpg",
          "IsCancelled": false,
          "ObjectType": "VirtoCommerce.Domain.Order.Model.LineItem",
          "DynamicProperties": [],
          "TaxDetails": [],
          "CreatedDate": "2015-08-17T15:25:39.757",
          "ModifiedDate": "2015-08-17T15:25:39.757",
          "CreatedBy": "unknown",
          "ModifiedBy": "unknown",
          "Id": "9072846bd3d1492198712021401cab37"
        },
        {
          "Currency": 0,
          "BasePrice": 0.0000,
          "Price": 24.9900,
          "DiscountAmount": 0.0000,
          "Tax": 0.0000,
          "ReserveQuantity": 0,
          "Quantity": 1,
          "ProductId": "2d6757da1a294256b47c03b39e6e6d96",
          "CatalogId": "fake",
          "CategoryId": "fake",
          "Name": "Wide Fit Mint Green Metal Trim T-Bar Strap Sandals, White, 4",
          "ImageUrl": "http://virtocommerce.blob.core.windows.net/catalog/335940112.jpg",
          "IsCancelled": false,
          "ObjectType": "VirtoCommerce.Domain.Order.Model.LineItem",
          "DynamicProperties": [],
          "TaxDetails": [],
          "CreatedDate": "2015-08-17T15:25:39.757",
          "ModifiedDate": "2015-08-17T15:25:39.757",
          "CreatedBy": "unknown",
          "ModifiedBy": "unknown",
          "Id": "ed3477d0261b4c26abfc753bdce04ec1"
        }
      ],
      "Shipments": [
        {
          "ShipmentMethodCode": "FixedRate",
          "CustomerOrderId": "0c7436d4-7c69-44de-bd9a-49dcca2466e0",
          "Items": [
            {
              "LineItemId": "1d78086a3b304c6ab6f9928b6804bf28",
              "Quantity": 1,
              "CreatedDate": "2015-08-17T15:25:39.757",
              "ModifiedDate": "2015-08-17T15:25:39.757",
              "CreatedBy": "unknown",
              "ModifiedBy": "unknown",
              "Id": "1d78086a3b304c6ab6f9928b6804bf28"
            },
            {
              "LineItemId": "53dd7496033643d0a6119124f0d70f46",
              "Quantity": 1,
              "CreatedDate": "2015-08-17T15:25:39.757",
              "ModifiedDate": "2015-08-17T15:25:39.757",
              "CreatedBy": "unknown",
              "ModifiedBy": "unknown",
              "Id": "53dd7496033643d0a6119124f0d70f46"
            },
            {
              "LineItemId": "9072846bd3d1492198712021401cab37",
              "Quantity": 1,
              "CreatedDate": "2015-08-17T15:25:39.757",
              "ModifiedDate": "2015-08-17T15:25:39.757",
              "CreatedBy": "unknown",
              "ModifiedBy": "unknown",
              "Id": "9072846bd3d1492198712021401cab37"
            },
            {
              "LineItemId": "ed3477d0261b4c26abfc753bdce04ec1",
              "Quantity": 1,
              "CreatedDate": "2015-08-17T15:25:39.757",
              "ModifiedDate": "2015-08-17T15:25:39.757",
              "CreatedBy": "unknown",
              "ModifiedBy": "unknown",
              "Id": "ed3477d0261b4c26abfc753bdce04ec1"
            }
          ],
          "Packages": [],
          "InPayments": [],
          "DiscountAmount": 0.0,
          "TaxDetails": [],
          "OperationType": "Shipment",
          "Number": "SH1508131823013",
          "IsApproved": false,
          "Currency": 978,
          "TaxIncluded": false,
          "Sum": 0.0000,
          "Tax": 0.0000,
          "IsCancelled": false,
          "ObjectType": "VirtoCommerce.Domain.Order.Model.Shipment",
          "DynamicProperties": [],
          "CreatedDate": "2015-08-17T15:25:39.757",
          "ModifiedDate": "2015-08-17T15:25:39.757",
          "CreatedBy": "unknown",
          "ModifiedBy": "unknown",
          "Id": "09b8fc72bfeb4fccb2438f5c69a4d49a"
        }
      ],
      "DiscountAmount": 0.0,
      "TaxDetails": [],
      "OperationType": "CustomerOrder",
      "Number": "CU1508131823013",
      "IsApproved": false,
      "Currency": 978,
      "TaxIncluded": false,
      "Sum": 92.9600,
      "Tax": 0.0000,
      "IsCancelled": false,
      "ObjectType": "VirtoCommerce.Domain.Order.Model.CustomerOrder",
      "DynamicProperties": [],
      "CreatedDate": "2015-08-17T15:25:39.757",
      "ModifiedDate": "2015-08-17T15:25:39.757",
      "CreatedBy": "unknown",
      "ModifiedBy": "unknown",
      "Id": "0c7436d4-7c69-44de-bd9a-49dcca2466e0"
    },
    {
      "CustomerId": "5f807280-bb1a-42b2-9a96-ed107269ea06",
      "CustomerName": "Sam Green",
      "StoreId": "Clothing",
      "Addresses": [
        {
          "AddressType": 2,
          "CountryCode": "US",
          "CountryName": "United States",
          "City": "Miami",
          "PostalCode": "33200",
          "Line1": "211 SW 8th Street, PCA 472A",
          "RegionName": "Florida",
          "FirstName": "Sam",
          "LastName": "Green",
          "Phone": "(305) 654-5568",
          "Email": "goal44@example.com"
        }
      ],
      "InPayments": [
        {
          "GatewayCode": "DefaultManualPaymentMethod",
          "CustomerId": "5f807280-bb1a-42b2-9a96-ed107269ea06",
          "OuterId": "PA1508131823012",
          "PaymentStatus": 2,
          "CapturedDate": "2015-08-13T16:47:58.173",
          "OperationType": "PaymentIn",
          "Number": "PA1508131823012",
          "IsApproved": false,
          "Status": "Authorized",
          "Currency": 978,
          "TaxIncluded": false,
          "Sum": 67.9900,
          "Tax": 0.0000,
          "IsCancelled": false,
          "ObjectType": "VirtoCommerce.Domain.Order.Model.PaymentIn",
          "DynamicProperties": [],
          "CreatedDate": "2015-08-17T15:25:39.273",
          "ModifiedDate": "2015-08-17T15:25:39.273",
          "CreatedBy": "unknown",
          "ModifiedBy": "unknown",
          "Id": "94503070144e4f7daebfc51b4e8958ac"
        }
      ],
      "Items": [
        {
          "Currency": 0,
          "BasePrice": 0.0000,
          "Price": 48.0000,
          "DiscountAmount": 0.0000,
          "Tax": 0.0000,
          "ReserveQuantity": 0,
          "Quantity": 1,
          "ProductId": "228ffc2dcdfd4ec58e4487d180199d01",
          "CatalogId": "fake",
          "CategoryId": "fake",
          "Name": "Laced In Love White Floral Prom Dress",
          "ImageUrl": "http://virtocommerce.blob.core.windows.net/catalog/356194710.jpg",
          "IsCancelled": false,
          "ObjectType": "VirtoCommerce.Domain.Order.Model.LineItem",
          "DynamicProperties": [],
          "TaxDetails": [],
          "CreatedDate": "2015-08-17T15:25:39.273",
          "ModifiedDate": "2015-08-17T15:25:39.273",
          "CreatedBy": "unknown",
          "ModifiedBy": "unknown",
          "Id": "5d94e9c70f344e1da251782978286265"
        },
        {
          "Currency": 0,
          "BasePrice": 0.0000,
          "Price": 19.9900,
          "DiscountAmount": 0.0000,
          "Tax": 0.0000,
          "ReserveQuantity": 0,
          "Quantity": 1,
          "ProductId": "9734f0ee7e084b99ab033fe234b816bc",
          "CatalogId": "fake",
          "CategoryId": "fake",
          "Name": "Black Chiffon Belted Dress",
          "ImageUrl": "http://virtocommerce.blob.core.windows.net/catalog/355391301.jpg",
          "IsCancelled": false,
          "ObjectType": "VirtoCommerce.Domain.Order.Model.LineItem",
          "DynamicProperties": [],
          "TaxDetails": [],
          "CreatedDate": "2015-08-17T15:25:39.273",
          "ModifiedDate": "2015-08-17T15:25:39.273",
          "CreatedBy": "unknown",
          "ModifiedBy": "unknown",
          "Id": "a1df9788162141e9863eacfd53291dd1"
        }
      ],
      "Shipments": [
        {
          "ShipmentMethodCode": "FixedRate",
          "CustomerOrderId": "e2e74ff7-cd5a-4c12-aa73-03e431d8d60b",
          "Items": [
            {
              "LineItemId": "5d94e9c70f344e1da251782978286265",
              "Quantity": 1,
              "CreatedDate": "2015-08-17T15:25:39.273",
              "ModifiedDate": "2015-08-17T15:25:39.273",
              "CreatedBy": "unknown",
              "ModifiedBy": "unknown",
              "Id": "5d94e9c70f344e1da251782978286265"
            },
            {
              "LineItemId": "a1df9788162141e9863eacfd53291dd1",
              "Quantity": 1,
              "CreatedDate": "2015-08-17T15:25:39.273",
              "ModifiedDate": "2015-08-17T15:25:39.273",
              "CreatedBy": "unknown",
              "ModifiedBy": "unknown",
              "Id": "a1df9788162141e9863eacfd53291dd1"
            }
          ],
          "Packages": [],
          "InPayments": [],
          "DiscountAmount": 0.0,
          "TaxDetails": [],
          "OperationType": "Shipment",
          "Number": "SH1508131823012",
          "IsApproved": false,
          "Currency": 978,
          "TaxIncluded": false,
          "Sum": 0.0000,
          "Tax": 0.0000,
          "IsCancelled": false,
          "ObjectType": "VirtoCommerce.Domain.Order.Model.Shipment",
          "DynamicProperties": [],
          "CreatedDate": "2015-08-17T15:25:39.273",
          "ModifiedDate": "2015-08-17T15:25:39.273",
          "CreatedBy": "unknown",
          "ModifiedBy": "unknown",
          "Id": "680f9dbe90504918a8ebde6817f9943a"
        }
      ],
      "DiscountAmount": 0.0,
      "TaxDetails": [],
      "OperationType": "CustomerOrder",
      "Number": "CU1508131823012",
      "IsApproved": false,
      "Currency": 978,
      "TaxIncluded": false,
      "Sum": 67.9900,
      "Tax": 0.0000,
      "IsCancelled": false,
      "ObjectType": "VirtoCommerce.Domain.Order.Model.CustomerOrder",
      "DynamicProperties": [],
      "CreatedDate": "2015-08-17T15:25:39.273",
      "ModifiedDate": "2015-08-17T15:25:39.273",
      "CreatedBy": "unknown",
      "ModifiedBy": "unknown",
      "Id": "e2e74ff7-cd5a-4c12-aa73-03e431d8d60b"
    },
    {
      "CustomerId": "820c58c5-b518-454b-aefd-2fc4616bd25e",
      "CustomerName": "Alex Starberg",
      "StoreId": "Clothing",
      "Addresses": [
        {
          "AddressType": 2,
          "CountryCode": "US",
          "CountryName": "United States",
          "City": "Chattanooga",
          "PostalCode": "37412 ",
          "Line1": "475 Uptain Rd.",
          "RegionName": "Tennessee",
          "FirstName": "Alex",
          "LastName": "Starberg",
          "Phone": "(423) 978-0927",
          "Email": "bomba89@example.com"
        }
      ],
      "InPayments": [
        {
          "GatewayCode": "Paypal.ExpressCheckout",
          "CustomerId": "820c58c5-b518-454b-aefd-2fc4616bd25e",
          "OuterId": "87N66869RS705315R",
          "PaymentStatus": 3,
          "CapturedDate": "2015-08-13T16:02:35.333",
          "OperationType": "PaymentIn",
          "Number": "PA1508131823011",
          "IsApproved": true,
          "Status": "Paid",
          "Currency": 978,
          "TaxIncluded": false,
          "Sum": 44.9800,
          "Tax": 0.0000,
          "IsCancelled": false,
          "ObjectType": "VirtoCommerce.Domain.Order.Model.PaymentIn",
          "DynamicProperties": [],
          "CreatedDate": "2015-08-17T15:25:38.867",
          "ModifiedDate": "2015-08-17T15:25:38.867",
          "CreatedBy": "unknown",
          "ModifiedBy": "unknown",
          "Id": "9b0d3de5f422494a885714b1e3cc26e0"
        }
      ],
      "Items": [
        {
          "Currency": 0,
          "BasePrice": 0.0000,
          "Price": 24.9900,
          "DiscountAmount": 0.0000,
          "Tax": 0.0000,
          "ReserveQuantity": 0,
          "Quantity": 1,
          "ProductId": "e606129b4f944cf5b365db9c5a70a379",
          "CatalogId": "fake",
          "CategoryId": "fake",
          "Name": "White Baroque Lace Waist Dress",
          "ImageUrl": "http://virtocommerce.blob.core.windows.net/catalog/338860213D3.jpg",
          "IsCancelled": false,
          "ObjectType": "VirtoCommerce.Domain.Order.Model.LineItem",
          "DynamicProperties": [],
          "TaxDetails": [],
          "CreatedDate": "2015-08-17T15:25:38.867",
          "ModifiedDate": "2015-08-17T15:25:38.867",
          "CreatedBy": "unknown",
          "ModifiedBy": "unknown",
          "Id": "7ac31cef5c8345f586ebb23168376788"
        },
        {
          "Currency": 0,
          "BasePrice": 0.0000,
          "Price": 19.9900,
          "DiscountAmount": 0.0000,
          "Tax": 0.0000,
          "ReserveQuantity": 0,
          "Quantity": 1,
          "ProductId": "74c033278b444e4793b179d8f01b1006",
          "CatalogId": "fake",
          "CategoryId": "fake",
          "Name": "Burgundy Chiffon Belted Dress",
          "ImageUrl": "http://virtocommerce.blob.core.windows.net/catalog/355391367.jpg",
          "IsCancelled": false,
          "ObjectType": "VirtoCommerce.Domain.Order.Model.LineItem",
          "DynamicProperties": [],
          "TaxDetails": [],
          "CreatedDate": "2015-08-17T15:25:38.867",
          "ModifiedDate": "2015-08-17T15:25:38.867",
          "CreatedBy": "unknown",
          "ModifiedBy": "unknown",
          "Id": "b45cd348c9324aa788f29892e7f60fb3"
        }
      ],
      "Shipments": [
        {
          "ShipmentMethodCode": "FixedRate",
          "CustomerOrderId": "eb8c7f88-342f-45c1-a96a-09051f19af22",
          "Items": [
            {
              "LineItemId": "7ac31cef5c8345f586ebb23168376788",
              "Quantity": 1,
              "CreatedDate": "2015-08-17T15:25:38.867",
              "ModifiedDate": "2015-08-17T15:25:38.867",
              "CreatedBy": "unknown",
              "ModifiedBy": "unknown",
              "Id": "7ac31cef5c8345f586ebb23168376788"
            },
            {
              "LineItemId": "b45cd348c9324aa788f29892e7f60fb3",
              "Quantity": 1,
              "CreatedDate": "2015-08-17T15:25:38.867",
              "ModifiedDate": "2015-08-17T15:25:38.867",
              "CreatedBy": "unknown",
              "ModifiedBy": "unknown",
              "Id": "b45cd348c9324aa788f29892e7f60fb3"
            }
          ],
          "Packages": [],
          "InPayments": [],
          "DiscountAmount": 0.0,
          "TaxDetails": [],
          "OperationType": "Shipment",
          "Number": "SH1508131823011",
          "IsApproved": false,
          "Currency": 978,
          "TaxIncluded": false,
          "Sum": 0.0000,
          "Tax": 0.0000,
          "IsCancelled": false,
          "ObjectType": "VirtoCommerce.Domain.Order.Model.Shipment",
          "DynamicProperties": [],
          "CreatedDate": "2015-08-17T15:25:38.867",
          "ModifiedDate": "2015-08-17T15:25:38.867",
          "CreatedBy": "unknown",
          "ModifiedBy": "unknown",
          "Id": "aebb59da30b743fcabbcc5ebb549a7a5"
        }
      ],
      "DiscountAmount": 0.0,
      "TaxDetails": [],
      "OperationType": "CustomerOrder",
      "Number": "CU1508131823011",
      "IsApproved": false,
      "Currency": 978,
      "TaxIncluded": false,
      "Sum": 44.9800,
      "Tax": 0.0000,
      "IsCancelled": false,
      "ObjectType": "VirtoCommerce.Domain.Order.Model.CustomerOrder",
      "DynamicProperties": [],
      "CreatedDate": "2015-08-17T15:25:38.867",
      "ModifiedDate": "2015-08-17T15:25:38.867",
      "CreatedBy": "unknown",
      "ModifiedBy": "unknown",
      "Id": "eb8c7f88-342f-45c1-a96a-09051f19af22"
    },
    {
      "CustomerId": "237a4784-d25f-419e-b4d7-cf151393d1cc",
      "CustomerName": "Rob White",
      "StoreId": "Clothing",
      "Addresses": [
        {
          "AddressType": 2,
          "CountryCode": "US",
          "CountryName": "United States",
          "City": "Concord",
          "PostalCode": "03301",
          "Line1": "63 Clinton Street",
          "RegionName": "New Hampshire",
          "FirstName": "Rob",
          "LastName": "White",
          "Phone": "(603) 394-9867",
          "Email": "whity@example.com"
        }
      ],
      "InPayments": [
        {
          "GatewayCode": "DefaultManualPaymentMethod",
          "CustomerId": "237a4784-d25f-419e-b4d7-cf151393d1cc",
          "OuterId": "PA1508131823010",
          "PaymentStatus": 2,
          "CapturedDate": "2015-08-13T15:59:54.42",
          "OperationType": "PaymentIn",
          "Number": "PA1508131823010",
          "IsApproved": false,
          "Status": "Authorized",
          "Currency": 978,
          "TaxIncluded": false,
          "Sum": 65.9700,
          "Tax": 0.0000,
          "IsCancelled": false,
          "ObjectType": "VirtoCommerce.Domain.Order.Model.PaymentIn",
          "DynamicProperties": [],
          "CreatedDate": "2015-08-17T15:25:38.397",
          "ModifiedDate": "2015-08-17T15:25:38.397",
          "CreatedBy": "unknown",
          "ModifiedBy": "unknown",
          "Id": "026681dd3b044e9b93825720f4fcec70"
        }
      ],
      "Items": [
        {
          "Currency": 0,
          "BasePrice": 0.0000,
          "Price": 14.9900,
          "DiscountAmount": 0.0000,
          "Tax": 0.0000,
          "ReserveQuantity": 0,
          "Quantity": 1,
          "ProductId": "782ec998fc5a43a184e59e5c4a58bf3f",
          "CatalogId": "fake",
          "CategoryId": "fake",
          "Name": "Black Chiffon Belted Dress",
          "ImageUrl": "http://virtocommerce.blob.core.windows.net/catalog/355391301.jpg",
          "IsCancelled": false,
          "ObjectType": "VirtoCommerce.Domain.Order.Model.LineItem",
          "DynamicProperties": [],
          "TaxDetails": [],
          "CreatedDate": "2015-08-17T15:25:38.397",
          "ModifiedDate": "2015-08-17T15:25:38.397",
          "CreatedBy": "unknown",
          "ModifiedBy": "unknown",
          "Id": "0388c94052c545638bd47cf330cb07b1"
        },
        {
          "Currency": 0,
          "BasePrice": 0.0000,
          "Price": 22.9900,
          "DiscountAmount": 0.0000,
          "Tax": 0.0000,
          "ReserveQuantity": 0,
          "Quantity": 1,
          "ProductId": "1788005d023f442a93a7a8c7e438c925",
          "CatalogId": "fake",
          "CategoryId": "fake",
          "Name": "Navy High Neck Floral Print Split Side Maxi Dress",
          "ImageUrl": "http://virtocommerce.blob.core.windows.net/catalog/355413949.jpg",
          "IsCancelled": false,
          "ObjectType": "VirtoCommerce.Domain.Order.Model.LineItem",
          "DynamicProperties": [],
          "TaxDetails": [],
          "CreatedDate": "2015-08-17T15:25:38.397",
          "ModifiedDate": "2015-08-17T15:25:38.397",
          "CreatedBy": "unknown",
          "ModifiedBy": "unknown",
          "Id": "15cd77c5b7934c82a333c3cc38e8c56c"
        },
        {
          "Currency": 0,
          "BasePrice": 0.0000,
          "Price": 27.9900,
          "DiscountAmount": 0.0000,
          "Tax": 0.0000,
          "ReserveQuantity": 0,
          "Quantity": 1,
          "ProductId": "08b0befc897b40d8801b7893cb020c1f",
          "CatalogId": "fake",
          "CategoryId": "fake",
          "Name": "Black Lace Up Boots",
          "ImageUrl": "http://virtocommerce.blob.core.windows.net/catalog/353938701.jpg",
          "IsCancelled": false,
          "ObjectType": "VirtoCommerce.Domain.Order.Model.LineItem",
          "DynamicProperties": [],
          "TaxDetails": [],
          "CreatedDate": "2015-08-17T15:25:38.397",
          "ModifiedDate": "2015-08-17T15:25:38.397",
          "CreatedBy": "unknown",
          "ModifiedBy": "unknown",
          "Id": "242f6510295840c39d25edc3485ac39e"
        }
      ],
      "Shipments": [
        {
          "ShipmentMethodCode": "FixedRate",
          "CustomerOrderId": "e4b84afb-e9d7-400e-a357-1ed03333effb",
          "Items": [
            {
              "LineItemId": "0388c94052c545638bd47cf330cb07b1",
              "Quantity": 1,
              "CreatedDate": "2015-08-17T15:25:38.397",
              "ModifiedDate": "2015-08-17T15:25:38.397",
              "CreatedBy": "unknown",
              "ModifiedBy": "unknown",
              "Id": "0388c94052c545638bd47cf330cb07b1"
            },
            {
              "LineItemId": "15cd77c5b7934c82a333c3cc38e8c56c",
              "Quantity": 1,
              "CreatedDate": "2015-08-17T15:25:38.397",
              "ModifiedDate": "2015-08-17T15:25:38.397",
              "CreatedBy": "unknown",
              "ModifiedBy": "unknown",
              "Id": "15cd77c5b7934c82a333c3cc38e8c56c"
            },
            {
              "LineItemId": "242f6510295840c39d25edc3485ac39e",
              "Quantity": 1,
              "CreatedDate": "2015-08-17T15:25:38.397",
              "ModifiedDate": "2015-08-17T15:25:38.397",
              "CreatedBy": "unknown",
              "ModifiedBy": "unknown",
              "Id": "242f6510295840c39d25edc3485ac39e"
            }
          ],
          "Packages": [],
          "InPayments": [],
          "DiscountAmount": 0.0,
          "TaxDetails": [],
          "OperationType": "Shipment",
          "Number": "SH1508131823010",
          "IsApproved": false,
          "Currency": 978,
          "TaxIncluded": false,
          "Sum": 0.0000,
          "Tax": 0.0000,
          "IsCancelled": false,
          "ObjectType": "VirtoCommerce.Domain.Order.Model.Shipment",
          "DynamicProperties": [],
          "CreatedDate": "2015-08-17T15:25:38.397",
          "ModifiedDate": "2015-08-17T15:25:38.397",
          "CreatedBy": "unknown",
          "ModifiedBy": "unknown",
          "Id": "800bbe1eac4943feadef62767303bfb9"
        }
      ],
      "DiscountAmount": 0.0,
      "TaxDetails": [],
      "OperationType": "CustomerOrder",
      "Number": "CU1508131823010",
      "IsApproved": false,
      "Currency": 978,
      "TaxIncluded": false,
      "Sum": 65.9700,
      "Tax": 0.0000,
      "IsCancelled": false,
      "ObjectType": "VirtoCommerce.Domain.Order.Model.CustomerOrder",
      "DynamicProperties": [],
      "CreatedDate": "2015-08-17T15:25:38.397",
      "ModifiedDate": "2015-08-17T15:25:38.397",
      "CreatedBy": "unknown",
      "ModifiedBy": "unknown",
      "Id": "e4b84afb-e9d7-400e-a357-1ed03333effb"
    },
    {
      "CustomerId": "0cda0396-43fe-4034-a20e-d0bab4c88c93",
      "CustomerName": "George Basker",
      "StoreId": "Clothing",
      "Addresses": [
        {
          "AddressType": 2,
          "CountryCode": "US",
          "CountryName": "United States",
          "City": "Livingston",
          "PostalCode": "77462",
          "Line1": "100 Rainbow Drive",
          "RegionName": "South Dakota",
          "FirstName": "George",
          "LastName": "Basker",
          "Phone": "936-440-2330",
          "Email": "georgebas@example.com"
        }
      ],
      "InPayments": [
        {
          "GatewayCode": "Paypal.ExpressCheckout",
          "CustomerId": "0cda0396-43fe-4034-a20e-d0bab4c88c93",
          "OuterId": "8B423367BA3153645",
          "PaymentStatus": 3,
          "CapturedDate": "2015-08-13T15:55:54.073",
          "OperationType": "PaymentIn",
          "Number": "PA1508131823009",
          "IsApproved": true,
          "Status": "Paid",
          "Currency": 978,
          "TaxIncluded": false,
          "Sum": 106.9800,
          "Tax": 0.0000,
          "IsCancelled": false,
          "ObjectType": "VirtoCommerce.Domain.Order.Model.PaymentIn",
          "DynamicProperties": [],
          "CreatedDate": "2015-08-17T15:25:38.18",
          "ModifiedDate": "2015-08-17T15:25:38.18",
          "CreatedBy": "unknown",
          "ModifiedBy": "unknown",
          "Id": "922b26486e9c4c0ab3e1a7d9d47eac25"
        }
      ],
      "Items": [
        {
          "Currency": 0,
          "BasePrice": 0.0000,
          "Price": 48.0000,
          "DiscountAmount": 0.0000,
          "Tax": 0.0000,
          "ReserveQuantity": 0,
          "Quantity": 1,
          "ProductId": "2d4e07a017064e5d8bb289a451bf8c2f",
          "CatalogId": "fake",
          "CategoryId": "fake",
          "Name": "Laced In Love White Floral Prom Dress",
          "ImageUrl": "http://virtocommerce.blob.core.windows.net/catalog/356194710.jpg",
          "IsCancelled": false,
          "ObjectType": "VirtoCommerce.Domain.Order.Model.LineItem",
          "DynamicProperties": [],
          "TaxDetails": [],
          "CreatedDate": "2015-08-17T15:25:38.18",
          "ModifiedDate": "2015-08-17T15:25:38.18",
          "CreatedBy": "unknown",
          "ModifiedBy": "unknown",
          "Id": "1e2ffa7820a44d82bc39bf957320d2b1"
        },
        {
          "Currency": 0,
          "BasePrice": 0.0000,
          "Price": 24.9900,
          "DiscountAmount": 0.0000,
          "Tax": 0.0000,
          "ReserveQuantity": 0,
          "Quantity": 2,
          "ProductId": "469c06f55754401a821002ff547478ee",
          "CatalogId": "fake",
          "CategoryId": "fake",
          "Name": "Burgundy Baroque Lace Waist Dress",
          "ImageUrl": "http://virtocommerce.blob.core.windows.net/catalog/338860267.jpg",
          "IsCancelled": false,
          "ObjectType": "VirtoCommerce.Domain.Order.Model.LineItem",
          "DynamicProperties": [],
          "TaxDetails": [],
          "CreatedDate": "2015-08-17T15:25:38.18",
          "ModifiedDate": "2015-08-17T15:25:38.18",
          "CreatedBy": "unknown",
          "ModifiedBy": "unknown",
          "Id": "375dc9399026425b9701f1575c5165dd"
        },
        {
          "Currency": 0,
          "BasePrice": 0.0000,
          "Price": 9.0000,
          "DiscountAmount": 0.0000,
          "Tax": 0.0000,
          "ReserveQuantity": 0,
          "Quantity": 1,
          "ProductId": "2747604575ac4c8f901cbcd37022add9",
          "CatalogId": "fake",
          "CategoryId": "fake",
          "Name": "Wide Fit Lilac Ankle Strap Straw Wedges",
          "ImageUrl": "http://virtocommerce.blob.core.windows.net/catalog/334713255.jpg",
          "IsCancelled": false,
          "ObjectType": "VirtoCommerce.Domain.Order.Model.LineItem",
          "DynamicProperties": [],
          "TaxDetails": [],
          "CreatedDate": "2015-08-17T15:25:38.18",
          "ModifiedDate": "2015-08-17T15:25:38.18",
          "CreatedBy": "unknown",
          "ModifiedBy": "unknown",
          "Id": "838ef56448ae449a9cda38355f07c745"
        }
      ],
      "Shipments": [
        {
          "ShipmentMethodCode": "FixedRate",
          "CustomerOrderId": "11a6d4a0-284f-46b1-8e17-add55983353f",
          "Items": [
            {
              "LineItemId": "1e2ffa7820a44d82bc39bf957320d2b1",
              "Quantity": 1,
              "CreatedDate": "2015-08-17T15:25:38.18",
              "ModifiedDate": "2015-08-17T15:25:38.18",
              "CreatedBy": "unknown",
              "ModifiedBy": "unknown",
              "Id": "1e2ffa7820a44d82bc39bf957320d2b1"
            },
            {
              "LineItemId": "375dc9399026425b9701f1575c5165dd",
              "Quantity": 2,
              "CreatedDate": "2015-08-17T15:25:38.18",
              "ModifiedDate": "2015-08-17T15:25:38.18",
              "CreatedBy": "unknown",
              "ModifiedBy": "unknown",
              "Id": "375dc9399026425b9701f1575c5165dd"
            },
            {
              "LineItemId": "838ef56448ae449a9cda38355f07c745",
              "Quantity": 1,
              "CreatedDate": "2015-08-17T15:25:38.18",
              "ModifiedDate": "2015-08-17T15:25:38.18",
              "CreatedBy": "unknown",
              "ModifiedBy": "unknown",
              "Id": "838ef56448ae449a9cda38355f07c745"
            }
          ],
          "Packages": [],
          "InPayments": [],
          "DiscountAmount": 0.0,
          "TaxDetails": [],
          "OperationType": "Shipment",
          "Number": "SH1508131823009",
          "IsApproved": false,
          "Currency": 978,
          "TaxIncluded": false,
          "Sum": 0.0000,
          "Tax": 0.0000,
          "IsCancelled": false,
          "ObjectType": "VirtoCommerce.Domain.Order.Model.Shipment",
          "DynamicProperties": [],
          "CreatedDate": "2015-08-17T15:25:38.18",
          "ModifiedDate": "2015-08-17T15:25:38.18",
          "CreatedBy": "unknown",
          "ModifiedBy": "unknown",
          "Id": "051e30075e61423a9249dd61fdfdf8a9"
        }
      ],
      "DiscountAmount": 0.0,
      "TaxDetails": [],
      "OperationType": "CustomerOrder",
      "Number": "CU1508131823009",
      "IsApproved": false,
      "Currency": 978,
      "TaxIncluded": false,
      "Sum": 106.9800,
      "Tax": 0.0000,
      "IsCancelled": false,
      "ObjectType": "VirtoCommerce.Domain.Order.Model.CustomerOrder",
      "DynamicProperties": [],
      "CreatedDate": "2015-08-17T15:25:38.18",
      "ModifiedDate": "2015-08-17T15:25:38.18",
      "CreatedBy": "unknown",
      "ModifiedBy": "unknown",
      "Id": "11a6d4a0-284f-46b1-8e17-add55983353f"
    },
    {
      "CustomerId": "237a4784-d25f-419e-b4d7-cf151393d1cc",
      "CustomerName": "Rob White",
      "StoreId": "Clothing",
      "Addresses": [
        {
          "AddressType": 2,
          "CountryCode": "US",
          "CountryName": "United States",
          "City": "Concord",
          "PostalCode": "03301",
          "Line1": "63 Clinton Street",
          "RegionName": "New Hampshire",
          "FirstName": "Rob",
          "LastName": "White",
          "Phone": "(603) 394-9867",
          "Email": "whity@example.com"
        }
      ],
      "InPayments": [
        {
          "GatewayCode": "Paypal.ExpressCheckout",
          "CustomerId": "237a4784-d25f-419e-b4d7-cf151393d1cc",
          "OuterId": "2TG88069SJ170323U",
          "PaymentStatus": 3,
          "CapturedDate": "2015-08-13T15:52:15.717",
          "OperationType": "PaymentIn",
          "Number": "PA1508131823008",
          "IsApproved": true,
          "Status": "Paid",
          "Currency": 978,
          "TaxIncluded": false,
          "Sum": 39.9800,
          "Tax": 0.0000,
          "IsCancelled": false,
          "ObjectType": "VirtoCommerce.Domain.Order.Model.PaymentIn",
          "DynamicProperties": [],
          "CreatedDate": "2015-08-17T15:25:38.04",
          "ModifiedDate": "2015-08-17T15:25:38.04",
          "CreatedBy": "unknown",
          "ModifiedBy": "unknown",
          "Id": "f6be7950885e40549da4f17ea232c6b7"
        }
      ],
      "Items": [
        {
          "Currency": 0,
          "BasePrice": 0.0000,
          "Price": 14.9900,
          "DiscountAmount": 0.0000,
          "Tax": 0.0000,
          "ReserveQuantity": 0,
          "Quantity": 1,
          "ProductId": "6c8443d505d445e49c0bfc97d4749ab6",
          "CatalogId": "fake",
          "CategoryId": "fake",
          "Name": "Dark Blue Floral Print Twist Cut Out Back Dress",
          "ImageUrl": "http://virtocommerce.blob.core.windows.net/catalog/355413949.jpg",
          "IsCancelled": false,
          "ObjectType": "VirtoCommerce.Domain.Order.Model.LineItem",
          "DynamicProperties": [],
          "TaxDetails": [],
          "CreatedDate": "2015-08-17T15:25:38.04",
          "ModifiedDate": "2015-08-17T15:25:38.04",
          "CreatedBy": "unknown",
          "ModifiedBy": "unknown",
          "Id": "c97f34eca9cc41d99949baf90fc49363"
        },
        {
          "Currency": 0,
          "BasePrice": 0.0000,
          "Price": 24.9900,
          "DiscountAmount": 0.0000,
          "Tax": 0.0000,
          "ReserveQuantity": 0,
          "Quantity": 1,
          "ProductId": "73334f6a05de4be6ab077da0ed12fd37",
          "CatalogId": "fake",
          "CategoryId": "fake",
          "Name": "Black Eyelet Strappy Cut Out Bodycon Dress",
          "ImageUrl": "http://virtocommerce.blob.core.windows.net/catalog/358307801.jpg",
          "IsCancelled": false,
          "ObjectType": "VirtoCommerce.Domain.Order.Model.LineItem",
          "DynamicProperties": [],
          "TaxDetails": [],
          "CreatedDate": "2015-08-17T15:25:38.04",
          "ModifiedDate": "2015-08-17T15:25:38.04",
          "CreatedBy": "unknown",
          "ModifiedBy": "unknown",
          "Id": "f5f0cf5767b543bf864b072375d49615"
        }
      ],
      "Shipments": [
        {
          "ShipmentMethodCode": "FixedRate",
          "CustomerOrderId": "1e28cc15-38d2-4f17-bb37-5ea8d6505217",
          "Items": [
            {
              "LineItemId": "c97f34eca9cc41d99949baf90fc49363",
              "Quantity": 1,
              "CreatedDate": "2015-08-17T15:25:38.04",
              "ModifiedDate": "2015-08-17T15:25:38.04",
              "CreatedBy": "unknown",
              "ModifiedBy": "unknown",
              "Id": "c97f34eca9cc41d99949baf90fc49363"
            },
            {
              "LineItemId": "f5f0cf5767b543bf864b072375d49615",
              "Quantity": 1,
              "CreatedDate": "2015-08-17T15:25:38.04",
              "ModifiedDate": "2015-08-17T15:25:38.04",
              "CreatedBy": "unknown",
              "ModifiedBy": "unknown",
              "Id": "f5f0cf5767b543bf864b072375d49615"
            }
          ],
          "Packages": [],
          "InPayments": [],
          "DiscountAmount": 0.0,
          "TaxDetails": [],
          "OperationType": "Shipment",
          "Number": "SH1508131823008",
          "IsApproved": false,
          "Currency": 978,
          "TaxIncluded": false,
          "Sum": 0.0000,
          "Tax": 0.0000,
          "IsCancelled": false,
          "ObjectType": "VirtoCommerce.Domain.Order.Model.Shipment",
          "DynamicProperties": [],
          "CreatedDate": "2015-08-17T15:25:38.04",
          "ModifiedDate": "2015-08-17T15:25:38.04",
          "CreatedBy": "unknown",
          "ModifiedBy": "unknown",
          "Id": "bc85a624f2a94ee2a79b477484955100"
        }
      ],
      "DiscountAmount": 0.0,
      "TaxDetails": [],
      "OperationType": "CustomerOrder",
      "Number": "CU1508131823008",
      "IsApproved": false,
      "Currency": 978,
      "TaxIncluded": false,
      "Sum": 39.9800,
      "Tax": 0.0000,
      "IsCancelled": false,
      "ObjectType": "VirtoCommerce.Domain.Order.Model.CustomerOrder",
      "DynamicProperties": [],
      "CreatedDate": "2015-08-17T15:25:38.04",
      "ModifiedDate": "2015-08-17T15:25:38.04",
      "CreatedBy": "unknown",
      "ModifiedBy": "unknown",
      "Id": "1e28cc15-38d2-4f17-bb37-5ea8d6505217"
    },
    {
      "CustomerId": "d2d9b741-5453-4ad8-aa46-d07478b9a931",
      "CustomerName": "Barny Collins",
      "StoreId": "Clothing",
      "Addresses": [
        {
          "AddressType": 2,
          "CountryCode": "US",
          "CountryName": "United States",
          "City": "Eugene",
          "PostalCode": "97404",
          "Line1": "5851 E 13th Ave.",
          "RegionName": "Oregon",
          "FirstName": "Barny",
          "LastName": "Collins",
          "Phone": "541-459-5567",
          "Email": "barbar@example.com"
        }
      ],
      "InPayments": [
        {
          "GatewayCode": "Paypal.ExpressCheckout",
          "CustomerId": "d2d9b741-5453-4ad8-aa46-d07478b9a931",
          "OuterId": "EC-7FG86418CW685201M",
          "PaymentStatus": 1,
          "OperationType": "PaymentIn",
          "Number": "PA1508131823007",
          "IsApproved": false,
          "Status": "Pending",
          "Currency": 978,
          "TaxIncluded": false,
          "Sum": 94.9800,
          "Tax": 0.0000,
          "IsCancelled": false,
          "ObjectType": "VirtoCommerce.Domain.Order.Model.PaymentIn",
          "DynamicProperties": [],
          "CreatedDate": "2015-08-17T15:25:37.78",
          "ModifiedDate": "2015-08-17T15:25:37.78",
          "CreatedBy": "unknown",
          "ModifiedBy": "unknown",
          "Id": "383032b490224383bd98a1488a4f9a26"
        }
      ],
      "Items": [
        {
          "Currency": 0,
          "BasePrice": 0.0000,
          "Price": 10.9900,
          "DiscountAmount": 0.0000,
          "Tax": 0.0000,
          "ReserveQuantity": 0,
          "Quantity": 1,
          "ProductId": "eb8a13a6f1ad4370a93ba38cc27f21de",
          "CatalogId": "fake",
          "CategoryId": "fake",
          "Name": "Blue Floral Print High Neck Skater Dress",
          "ImageUrl": "http://virtocommerce.blob.core.windows.net/catalog/343513349.jpg",
          "IsCancelled": false,
          "ObjectType": "VirtoCommerce.Domain.Order.Model.LineItem",
          "DynamicProperties": [],
          "TaxDetails": [],
          "CreatedDate": "2015-08-17T15:25:37.78",
          "ModifiedDate": "2015-08-17T15:25:37.78",
          "CreatedBy": "unknown",
          "ModifiedBy": "unknown",
          "Id": "41f8c26ab8df488880afc2eafab7972a"
        },
        {
          "Currency": 0,
          "BasePrice": 0.0000,
          "Price": 24.9900,
          "DiscountAmount": 0.0000,
          "Tax": 0.0000,
          "ReserveQuantity": 0,
          "Quantity": 1,
          "ProductId": "88d3ba5f96da4d419ec32f5d79a33192",
          "CatalogId": "fake",
          "CategoryId": "fake",
          "Name": "Black Eyelet Strappy Cut Out Bodycon Dress",
          "ImageUrl": "http://virtocommerce.blob.core.windows.net/catalog/358307801.jpg",
          "IsCancelled": false,
          "ObjectType": "VirtoCommerce.Domain.Order.Model.LineItem",
          "DynamicProperties": [],
          "TaxDetails": [],
          "CreatedDate": "2015-08-17T15:25:37.78",
          "ModifiedDate": "2015-08-17T15:25:37.78",
          "CreatedBy": "unknown",
          "ModifiedBy": "unknown",
          "Id": "b7de10d887f84aebb30f7ff7d16e1b46"
        },
        {
          "Currency": 0,
          "BasePrice": 0.0000,
          "Price": 11.0000,
          "DiscountAmount": 0.0000,
          "Tax": 0.0000,
          "ReserveQuantity": 0,
          "Quantity": 1,
          "ProductId": "3eccd7791961473f95a53ed52bb7fdaf",
          "CatalogId": "fake",
          "CategoryId": "fake",
          "Name": "Wide Fit Grey Snakeskin Print Double Ankle Strap Block Heels",
          "ImageUrl": "http://virtocommerce.blob.core.windows.net/catalog/335895404.jpg",
          "IsCancelled": false,
          "ObjectType": "VirtoCommerce.Domain.Order.Model.LineItem",
          "DynamicProperties": [],
          "TaxDetails": [],
          "CreatedDate": "2015-08-17T15:25:37.78",
          "ModifiedDate": "2015-08-17T15:25:37.78",
          "CreatedBy": "unknown",
          "ModifiedBy": "unknown",
          "Id": "faabb724ee8e4cc3839e3f2cec364db9"
        },
        {
          "Currency": 0,
          "BasePrice": 0.0000,
          "Price": 48.0000,
          "DiscountAmount": 0.0000,
          "Tax": 0.0000,
          "ReserveQuantity": 0,
          "Quantity": 1,
          "ProductId": "2d4e07a017064e5d8bb289a451bf8c2f",
          "CatalogId": "fake",
          "CategoryId": "fake",
          "Name": "Laced In Love White Floral Prom Dress",
          "ImageUrl": "http://virtocommerce.blob.core.windows.net/catalog/356194710.jpg",
          "IsCancelled": false,
          "ObjectType": "VirtoCommerce.Domain.Order.Model.LineItem",
          "DynamicProperties": [],
          "TaxDetails": [],
          "CreatedDate": "2015-08-17T15:25:37.78",
          "ModifiedDate": "2015-08-17T15:25:37.78",
          "CreatedBy": "unknown",
          "ModifiedBy": "unknown",
          "Id": "fb67bf7a8a52492ea1c0189cac9e40ae"
        }
      ],
      "Shipments": [
        {
          "ShipmentMethodCode": "FixedRate",
          "CustomerOrderId": "8e810c42-cae2-4049-b7d6-778e67ed9418",
          "Items": [
            {
              "LineItemId": "41f8c26ab8df488880afc2eafab7972a",
              "Quantity": 1,
              "CreatedDate": "2015-08-17T15:25:37.78",
              "ModifiedDate": "2015-08-17T15:25:37.78",
              "CreatedBy": "unknown",
              "ModifiedBy": "unknown",
              "Id": "41f8c26ab8df488880afc2eafab7972a"
            },
            {
              "LineItemId": "b7de10d887f84aebb30f7ff7d16e1b46",
              "Quantity": 1,
              "CreatedDate": "2015-08-17T15:25:37.78",
              "ModifiedDate": "2015-08-17T15:25:37.78",
              "CreatedBy": "unknown",
              "ModifiedBy": "unknown",
              "Id": "b7de10d887f84aebb30f7ff7d16e1b46"
            },
            {
              "LineItemId": "faabb724ee8e4cc3839e3f2cec364db9",
              "Quantity": 1,
              "CreatedDate": "2015-08-17T15:25:37.78",
              "ModifiedDate": "2015-08-17T15:25:37.78",
              "CreatedBy": "unknown",
              "ModifiedBy": "unknown",
              "Id": "faabb724ee8e4cc3839e3f2cec364db9"
            },
            {
              "LineItemId": "fb67bf7a8a52492ea1c0189cac9e40ae",
              "Quantity": 1,
              "CreatedDate": "2015-08-17T15:25:37.78",
              "ModifiedDate": "2015-08-17T15:25:37.78",
              "CreatedBy": "unknown",
              "ModifiedBy": "unknown",
              "Id": "fb67bf7a8a52492ea1c0189cac9e40ae"
            }
          ],
          "Packages": [],
          "InPayments": [],
          "DiscountAmount": 0.0,
          "TaxDetails": [],
          "OperationType": "Shipment",
          "Number": "SH1508131823007",
          "IsApproved": false,
          "Currency": 978,
          "TaxIncluded": false,
          "Sum": 0.0000,
          "Tax": 0.0000,
          "IsCancelled": false,
          "ObjectType": "VirtoCommerce.Domain.Order.Model.Shipment",
          "DynamicProperties": [],
          "CreatedDate": "2015-08-17T15:25:37.78",
          "ModifiedDate": "2015-08-17T15:25:37.78",
          "CreatedBy": "unknown",
          "ModifiedBy": "unknown",
          "Id": "152c81d76dcc4a57af9a07cad44f9951"
        }
      ],
      "DiscountAmount": 0.0,
      "TaxDetails": [],
      "OperationType": "CustomerOrder",
      "Number": "CU1508131823007",
      "IsApproved": false,
      "Currency": 978,
      "TaxIncluded": false,
      "Sum": 94.9800,
      "Tax": 0.0000,
      "IsCancelled": false,
      "ObjectType": "VirtoCommerce.Domain.Order.Model.CustomerOrder",
      "DynamicProperties": [],
      "CreatedDate": "2015-08-17T15:25:37.78",
      "ModifiedDate": "2015-08-17T15:25:37.78",
      "CreatedBy": "unknown",
      "ModifiedBy": "unknown",
      "Id": "8e810c42-cae2-4049-b7d6-778e67ed9418"
    },
    {
      "CustomerId": "d2d9b741-5453-4ad8-aa46-d07478b9a931",
      "CustomerName": "Barny Collins",
      "StoreId": "Clothing",
      "Addresses": [
        {
          "AddressType": 2,
          "CountryCode": "US",
          "CountryName": "United States",
          "City": "Eugene",
          "PostalCode": "97404",
          "Line1": "5851 E 13th Ave.",
          "RegionName": "Oregon",
          "FirstName": "Barny",
          "LastName": "Collins",
          "Phone": "541-459-5567",
          "Email": "barbar@example.com"
        }
      ],
      "InPayments": [
        {
          "GatewayCode": "DefaultManualPaymentMethod",
          "CustomerId": "d2d9b741-5453-4ad8-aa46-d07478b9a931",
          "OuterId": "PA1508131823006",
          "PaymentStatus": 2,
          "CapturedDate": "2015-08-13T15:44:15.133",
          "OperationType": "PaymentIn",
          "Number": "PA1508131823006",
          "IsApproved": false,
          "Status": "Authorized",
          "Currency": 978,
          "TaxIncluded": false,
          "Sum": 54.9800,
          "Tax": 0.0000,
          "IsCancelled": false,
          "ObjectType": "VirtoCommerce.Domain.Order.Model.PaymentIn",
          "DynamicProperties": [],
          "CreatedDate": "2015-08-17T15:25:37.527",
          "ModifiedDate": "2015-08-17T15:25:37.527",
          "CreatedBy": "unknown",
          "ModifiedBy": "unknown",
          "Id": "ffaac7459846445f9593e7185648bec9"
        }
      ],
      "Items": [
        {
          "Currency": 0,
          "BasePrice": 0.0000,
          "Price": 19.9900,
          "DiscountAmount": 0.0000,
          "Tax": 0.0000,
          "ReserveQuantity": 0,
          "Quantity": 1,
          "ProductId": "9734f0ee7e084b99ab033fe234b816bc",
          "CatalogId": "fake",
          "CategoryId": "fake",
          "Name": "Black Chiffon Belted Dress",
          "ImageUrl": "http://virtocommerce.blob.core.windows.net/catalog/355391301.jpg",
          "IsCancelled": false,
          "ObjectType": "VirtoCommerce.Domain.Order.Model.LineItem",
          "DynamicProperties": [],
          "TaxDetails": [],
          "CreatedDate": "2015-08-17T15:25:37.527",
          "ModifiedDate": "2015-08-17T15:25:37.527",
          "CreatedBy": "unknown",
          "ModifiedBy": "unknown",
          "Id": "566ec1ccb6794d449eb7c2c0312f8015"
        },
        {
          "Currency": 0,
          "BasePrice": 0.0000,
          "Price": 34.9900,
          "DiscountAmount": 0.0000,
          "Tax": 0.0000,
          "ReserveQuantity": 0,
          "Quantity": 1,
          "ProductId": "e7999cbe03f1461aa86598c6acd35824",
          "CatalogId": "fake",
          "CategoryId": "fake",
          "Name": "Anita and Green Turquoise Lace Panel Maxi Dress",
          "ImageUrl": "http://virtocommerce.blob.core.windows.net/catalog/357438136.jpg",
          "IsCancelled": false,
          "ObjectType": "VirtoCommerce.Domain.Order.Model.LineItem",
          "DynamicProperties": [],
          "TaxDetails": [],
          "CreatedDate": "2015-08-17T15:25:37.527",
          "ModifiedDate": "2015-08-17T15:25:37.527",
          "CreatedBy": "unknown",
          "ModifiedBy": "unknown",
          "Id": "9b01802628f54c078c8e94e9ceaf58d2"
        }
      ],
      "Shipments": [
        {
          "ShipmentMethodCode": "FixedRate",
          "CustomerOrderId": "90026e14-9864-4654-a3d0-7dc60ca0ea88",
          "Items": [
            {
              "LineItemId": "566ec1ccb6794d449eb7c2c0312f8015",
              "Quantity": 1,
              "CreatedDate": "2015-08-17T15:25:37.527",
              "ModifiedDate": "2015-08-17T15:25:37.527",
              "CreatedBy": "unknown",
              "ModifiedBy": "unknown",
              "Id": "566ec1ccb6794d449eb7c2c0312f8015"
            },
            {
              "LineItemId": "9b01802628f54c078c8e94e9ceaf58d2",
              "Quantity": 1,
              "CreatedDate": "2015-08-17T15:25:37.527",
              "ModifiedDate": "2015-08-17T15:25:37.527",
              "CreatedBy": "unknown",
              "ModifiedBy": "unknown",
              "Id": "9b01802628f54c078c8e94e9ceaf58d2"
            }
          ],
          "Packages": [],
          "InPayments": [],
          "DiscountAmount": 0.0,
          "TaxDetails": [],
          "OperationType": "Shipment",
          "Number": "SH1508131823006",
          "IsApproved": false,
          "Currency": 978,
          "TaxIncluded": false,
          "Sum": 0.0000,
          "Tax": 0.0000,
          "IsCancelled": false,
          "ObjectType": "VirtoCommerce.Domain.Order.Model.Shipment",
          "DynamicProperties": [],
          "CreatedDate": "2015-08-17T15:25:37.527",
          "ModifiedDate": "2015-08-17T15:25:37.527",
          "CreatedBy": "unknown",
          "ModifiedBy": "unknown",
          "Id": "9a198b0e5de94ac6910215d13e6b748b"
        }
      ],
      "DiscountAmount": 0.0,
      "TaxDetails": [],
      "OperationType": "CustomerOrder",
      "Number": "CU1508131823006",
      "IsApproved": false,
      "Currency": 978,
      "TaxIncluded": false,
      "Sum": 54.9800,
      "Tax": 0.0000,
      "IsCancelled": false,
      "ObjectType": "VirtoCommerce.Domain.Order.Model.CustomerOrder",
      "DynamicProperties": [],
      "CreatedDate": "2015-08-17T15:25:37.527",
      "ModifiedDate": "2015-08-17T15:25:37.527",
      "CreatedBy": "unknown",
      "ModifiedBy": "unknown",
      "Id": "90026e14-9864-4654-a3d0-7dc60ca0ea88"
    },
    {
      "CustomerId": "820c58c5-b518-454b-aefd-2fc4616bd25e",
      "CustomerName": "Alex Starberg",
      "StoreId": "Clothing",
      "Addresses": [
        {
          "AddressType": 2,
          "CountryCode": "US",
          "CountryName": "United States",
          "City": "Chattanooga",
          "PostalCode": "37412 ",
          "Line1": "475 Uptain Rd.",
          "RegionName": "Tennessee",
          "FirstName": "Alex",
          "LastName": "Starberg",
          "Phone": "(423) 978-0927",
          "Email": "bomba89@example.com"
        }
      ],
      "InPayments": [
        {
          "GatewayCode": "DefaultManualPaymentMethod",
          "CustomerId": "820c58c5-b518-454b-aefd-2fc4616bd25e",
          "OuterId": "PA1508131823005",
          "PaymentStatus": 2,
          "CapturedDate": "2015-08-13T15:41:19.417",
          "OperationType": "PaymentIn",
          "Number": "PA1508131823005",
          "IsApproved": false,
          "Status": "Authorized",
          "Currency": 978,
          "TaxIncluded": false,
          "Sum": 72.9700,
          "Tax": 0.0000,
          "IsCancelled": false,
          "ObjectType": "VirtoCommerce.Domain.Order.Model.PaymentIn",
          "DynamicProperties": [],
          "CreatedDate": "2015-08-17T15:25:37.247",
          "ModifiedDate": "2015-08-17T15:25:37.247",
          "CreatedBy": "unknown",
          "ModifiedBy": "unknown",
          "Id": "ce7efd8870b840b6b7d96f1436a88da1"
        }
      ],
      "Items": [
        {
          "Currency": 0,
          "BasePrice": 0.0000,
          "Price": 22.9900,
          "DiscountAmount": 0.0000,
          "Tax": 0.0000,
          "ReserveQuantity": 0,
          "Quantity": 1,
          "ProductId": "1788005d023f442a93a7a8c7e438c925",
          "CatalogId": "fake",
          "CategoryId": "fake",
          "Name": "Navy High Neck Floral Print Split Side Maxi Dress",
          "ImageUrl": "http://virtocommerce.blob.core.windows.net/catalog/355413949.jpg",
          "IsCancelled": false,
          "ObjectType": "VirtoCommerce.Domain.Order.Model.LineItem",
          "DynamicProperties": [],
          "TaxDetails": [],
          "CreatedDate": "2015-08-17T15:25:37.247",
          "ModifiedDate": "2015-08-17T15:25:37.247",
          "CreatedBy": "unknown",
          "ModifiedBy": "unknown",
          "Id": "0c797f9924f84658a088d1623be23823"
        },
        {
          "Currency": 0,
          "BasePrice": 0.0000,
          "Price": 24.9900,
          "DiscountAmount": 0.0000,
          "Tax": 0.0000,
          "ReserveQuantity": 0,
          "Quantity": 1,
          "ProductId": "2d6757da1a294256b47c03b39e6e6d96",
          "CatalogId": "fake",
          "CategoryId": "fake",
          "Name": "Wide Fit Mint Green Metal Trim T-Bar Strap Sandals, White, 4",
          "ImageUrl": "http://virtocommerce.blob.core.windows.net/catalog/335940112.jpg",
          "IsCancelled": false,
          "ObjectType": "VirtoCommerce.Domain.Order.Model.LineItem",
          "DynamicProperties": [],
          "TaxDetails": [],
          "CreatedDate": "2015-08-17T15:25:37.247",
          "ModifiedDate": "2015-08-17T15:25:37.247",
          "CreatedBy": "unknown",
          "ModifiedBy": "unknown",
          "Id": "83f2658b418349c499de43141322dc42"
        },
        {
          "Currency": 0,
          "BasePrice": 0.0000,
          "Price": 24.9900,
          "DiscountAmount": 0.0000,
          "Tax": 0.0000,
          "ReserveQuantity": 0,
          "Quantity": 1,
          "ProductId": "1be3625c90924c1db59408565664d6a9",
          "CatalogId": "fake",
          "CategoryId": "fake",
          "Name": "White Baroque Lace Waist Dress",
          "ImageUrl": "http://virtocommerce.blob.core.windows.net/catalog/338860213.jpg",
          "IsCancelled": false,
          "ObjectType": "VirtoCommerce.Domain.Order.Model.LineItem",
          "DynamicProperties": [],
          "TaxDetails": [],
          "CreatedDate": "2015-08-17T15:25:37.247",
          "ModifiedDate": "2015-08-17T15:25:37.247",
          "CreatedBy": "unknown",
          "ModifiedBy": "unknown",
          "Id": "e4ffcdb371fc435787861b7b666fa7d9"
        }
      ],
      "Shipments": [
        {
          "ShipmentMethodCode": "FixedRate",
          "CustomerOrderId": "37f8b250-32b2-47d1-8dc7-d350393be91b",
          "Items": [
            {
              "LineItemId": "0c797f9924f84658a088d1623be23823",
              "Quantity": 1,
              "CreatedDate": "2015-08-17T15:25:37.247",
              "ModifiedDate": "2015-08-17T15:25:37.247",
              "CreatedBy": "unknown",
              "ModifiedBy": "unknown",
              "Id": "0c797f9924f84658a088d1623be23823"
            },
            {
              "LineItemId": "83f2658b418349c499de43141322dc42",
              "Quantity": 1,
              "CreatedDate": "2015-08-17T15:25:37.247",
              "ModifiedDate": "2015-08-17T15:25:37.247",
              "CreatedBy": "unknown",
              "ModifiedBy": "unknown",
              "Id": "83f2658b418349c499de43141322dc42"
            },
            {
              "LineItemId": "e4ffcdb371fc435787861b7b666fa7d9",
              "Quantity": 1,
              "CreatedDate": "2015-08-17T15:25:37.247",
              "ModifiedDate": "2015-08-17T15:25:37.247",
              "CreatedBy": "unknown",
              "ModifiedBy": "unknown",
              "Id": "e4ffcdb371fc435787861b7b666fa7d9"
            }
          ],
          "Packages": [],
          "InPayments": [],
          "DiscountAmount": 0.0,
          "TaxDetails": [],
          "OperationType": "Shipment",
          "Number": "SH1508131823005",
          "IsApproved": false,
          "Currency": 978,
          "TaxIncluded": false,
          "Sum": 0.0000,
          "Tax": 0.0000,
          "IsCancelled": false,
          "ObjectType": "VirtoCommerce.Domain.Order.Model.Shipment",
          "DynamicProperties": [],
          "CreatedDate": "2015-08-17T15:25:37.247",
          "ModifiedDate": "2015-08-17T15:25:37.247",
          "CreatedBy": "unknown",
          "ModifiedBy": "unknown",
          "Id": "6b673d2ae2e143bf9db9764d6c790c1e"
        }
      ],
      "DiscountAmount": 0.0,
      "TaxDetails": [],
      "OperationType": "CustomerOrder",
      "Number": "CU1508131823005",
      "IsApproved": false,
      "Currency": 978,
      "TaxIncluded": false,
      "Sum": 72.9700,
      "Tax": 0.0000,
      "IsCancelled": false,
      "ObjectType": "VirtoCommerce.Domain.Order.Model.CustomerOrder",
      "DynamicProperties": [],
      "CreatedDate": "2015-08-17T15:25:37.247",
      "ModifiedDate": "2015-08-17T15:25:37.247",
      "CreatedBy": "unknown",
      "ModifiedBy": "unknown",
      "Id": "37f8b250-32b2-47d1-8dc7-d350393be91b"
    },
    {
      "CustomerId": "0cda0396-43fe-4034-a20e-d0bab4c88c93",
      "CustomerName": "George Basker",
      "StoreId": "Clothing",
      "Addresses": [
        {
          "AddressType": 2,
          "CountryCode": "US",
          "CountryName": "United States",
          "City": "Livingston",
          "PostalCode": "77462",
          "Line1": "100 Rainbow Drive",
          "RegionName": "South Dakota",
          "FirstName": "George",
          "LastName": "Basker",
          "Phone": "936-440-2330",
          "Email": "georgebas@example.com"
        }
      ],
      "InPayments": [
        {
          "GatewayCode": "DefaultManualPaymentMethod",
          "CustomerId": "0cda0396-43fe-4034-a20e-d0bab4c88c93",
          "OuterId": "PA1508131823004",
          "PaymentStatus": 2,
          "CapturedDate": "2015-08-13T15:35:07.633",
          "OperationType": "PaymentIn",
          "Number": "PA1508131823004",
          "IsApproved": false,
          "Status": "Authorized",
          "Currency": 978,
          "TaxIncluded": false,
          "Sum": 72.9700,
          "Tax": 0.0000,
          "IsCancelled": false,
          "ObjectType": "VirtoCommerce.Domain.Order.Model.PaymentIn",
          "DynamicProperties": [],
          "CreatedDate": "2015-08-17T15:25:36.747",
          "ModifiedDate": "2015-08-17T15:25:36.747",
          "CreatedBy": "unknown",
          "ModifiedBy": "unknown",
          "Id": "6ff44f2c66b446c98be7286084a15e12"
        }
      ],
      "Items": [
        {
          "Currency": 0,
          "BasePrice": 0.0000,
          "Price": 24.9900,
          "DiscountAmount": 0.0000,
          "Tax": 0.0000,
          "ReserveQuantity": 0,
          "Quantity": 1,
          "ProductId": "88d3ba5f96da4d419ec32f5d79a33192",
          "CatalogId": "fake",
          "CategoryId": "fake",
          "Name": "Black Eyelet Strappy Cut Out Bodycon Dress",
          "ImageUrl": "http://virtocommerce.blob.core.windows.net/catalog/358307801.jpg",
          "IsCancelled": false,
          "ObjectType": "VirtoCommerce.Domain.Order.Model.LineItem",
          "DynamicProperties": [],
          "TaxDetails": [],
          "CreatedDate": "2015-08-17T15:25:36.747",
          "ModifiedDate": "2015-08-17T15:25:36.747",
          "CreatedBy": "unknown",
          "ModifiedBy": "unknown",
          "Id": "56956b9b1d6e49d08bbf8b8b3abf6ba3"
        },
        {
          "Currency": 0,
          "BasePrice": 0.0000,
          "Price": 19.9900,
          "DiscountAmount": 0.0000,
          "Tax": 0.0000,
          "ReserveQuantity": 0,
          "Quantity": 1,
          "ProductId": "8f16559331f94354957516e083fbc59e",
          "CatalogId": "fake",
          "CategoryId": "fake",
          "Name": "Dark Blue Chiffon Belted Dress",
          "ImageUrl": "http://virtocommerce.blob.core.windows.net/catalog/355391340.jpg",
          "IsCancelled": false,
          "ObjectType": "VirtoCommerce.Domain.Order.Model.LineItem",
          "DynamicProperties": [],
          "TaxDetails": [],
          "CreatedDate": "2015-08-17T15:25:36.747",
          "ModifiedDate": "2015-08-17T15:25:36.747",
          "CreatedBy": "unknown",
          "ModifiedBy": "unknown",
          "Id": "cb807387106c4e369ff58fb3cdcca5ce"
        },
        {
          "Currency": 0,
          "BasePrice": 0.0000,
          "Price": 27.9900,
          "DiscountAmount": 0.0000,
          "Tax": 0.0000,
          "ReserveQuantity": 0,
          "Quantity": 1,
          "ProductId": "08b0befc897b40d8801b7893cb020c1f",
          "CatalogId": "fake",
          "CategoryId": "fake",
          "Name": "Black Lace Up Boots",
          "ImageUrl": "http://virtocommerce.blob.core.windows.net/catalog/353938701.jpg",
          "IsCancelled": false,
          "ObjectType": "VirtoCommerce.Domain.Order.Model.LineItem",
          "DynamicProperties": [],
          "TaxDetails": [],
          "CreatedDate": "2015-08-17T15:25:36.747",
          "ModifiedDate": "2015-08-17T15:25:36.747",
          "CreatedBy": "unknown",
          "ModifiedBy": "unknown",
          "Id": "e54578f3b33c40678e6319d9e7a6ecba"
        }
      ],
      "Shipments": [
        {
          "ShipmentMethodCode": "FixedRate",
          "CustomerOrderId": "bb0f3482-c0c6-4177-a282-7e24bf8d9f1a",
          "Items": [
            {
              "LineItemId": "56956b9b1d6e49d08bbf8b8b3abf6ba3",
              "Quantity": 1,
              "CreatedDate": "2015-08-17T15:25:36.747",
              "ModifiedDate": "2015-08-17T15:25:36.747",
              "CreatedBy": "unknown",
              "ModifiedBy": "unknown",
              "Id": "56956b9b1d6e49d08bbf8b8b3abf6ba3"
            },
            {
              "LineItemId": "cb807387106c4e369ff58fb3cdcca5ce",
              "Quantity": 1,
              "CreatedDate": "2015-08-17T15:25:36.747",
              "ModifiedDate": "2015-08-17T15:25:36.747",
              "CreatedBy": "unknown",
              "ModifiedBy": "unknown",
              "Id": "cb807387106c4e369ff58fb3cdcca5ce"
            },
            {
              "LineItemId": "e54578f3b33c40678e6319d9e7a6ecba",
              "Quantity": 1,
              "CreatedDate": "2015-08-17T15:25:36.747",
              "ModifiedDate": "2015-08-17T15:25:36.747",
              "CreatedBy": "unknown",
              "ModifiedBy": "unknown",
              "Id": "e54578f3b33c40678e6319d9e7a6ecba"
            }
          ],
          "Packages": [],
          "InPayments": [],
          "DiscountAmount": 0.0,
          "TaxDetails": [],
          "OperationType": "Shipment",
          "Number": "SH1508131823004",
          "IsApproved": false,
          "Currency": 978,
          "TaxIncluded": false,
          "Sum": 0.0000,
          "Tax": 0.0000,
          "IsCancelled": false,
          "ObjectType": "VirtoCommerce.Domain.Order.Model.Shipment",
          "DynamicProperties": [],
          "CreatedDate": "2015-08-17T15:25:36.747",
          "ModifiedDate": "2015-08-17T15:25:36.747",
          "CreatedBy": "unknown",
          "ModifiedBy": "unknown",
          "Id": "1e6b12cfc8614cb2adc885d2e3f7221b"
        }
      ],
      "DiscountAmount": 0.0,
      "TaxDetails": [],
      "OperationType": "CustomerOrder",
      "Number": "CU1508131823004",
      "IsApproved": false,
      "Currency": 978,
      "TaxIncluded": false,
      "Sum": 72.9700,
      "Tax": 0.0000,
      "IsCancelled": false,
      "ObjectType": "VirtoCommerce.Domain.Order.Model.CustomerOrder",
      "DynamicProperties": [],
      "CreatedDate": "2015-08-17T15:25:36.747",
      "ModifiedDate": "2015-08-17T15:25:36.747",
      "CreatedBy": "unknown",
      "ModifiedBy": "unknown",
      "Id": "bb0f3482-c0c6-4177-a282-7e24bf8d9f1a"
    },
    {
      "CustomerId": "237a4784-d25f-419e-b4d7-cf151393d1cc",
      "CustomerName": "Rob White",
      "StoreId": "Clothing",
      "Addresses": [
        {
          "AddressType": 2,
          "CountryCode": "US",
          "CountryName": "United States",
          "City": "Concord",
          "PostalCode": "03301",
          "Line1": "63 Clinton Street",
          "RegionName": "New Hampshire",
          "FirstName": "Rob",
          "LastName": "White",
          "Phone": "(603) 394-9867",
          "Email": "whity@example.com"
        }
      ],
      "InPayments": [
        {
          "GatewayCode": "DefaultManualPaymentMethod",
          "CustomerId": "237a4784-d25f-419e-b4d7-cf151393d1cc",
          "OuterId": "PA1508131823003",
          "PaymentStatus": 2,
          "CapturedDate": "2015-08-13T15:33:05.573",
          "OperationType": "PaymentIn",
          "Number": "PA1508131823003",
          "IsApproved": false,
          "Status": "Authorized",
          "Currency": 978,
          "TaxIncluded": false,
          "Sum": 70.9800,
          "Tax": 0.0000,
          "IsCancelled": false,
          "ObjectType": "VirtoCommerce.Domain.Order.Model.PaymentIn",
          "DynamicProperties": [],
          "CreatedDate": "2015-08-17T15:25:36.35",
          "ModifiedDate": "2015-08-17T15:25:36.35",
          "CreatedBy": "unknown",
          "ModifiedBy": "unknown",
          "Id": "0f7f9f32e2aa4420bcc8df8c9f194898"
        }
      ],
      "Items": [
        {
          "Currency": 0,
          "BasePrice": 0.0000,
          "Price": 24.9900,
          "DiscountAmount": 0.0000,
          "Tax": 0.0000,
          "ReserveQuantity": 0,
          "Quantity": 1,
          "ProductId": "1be3625c90924c1db59408565664d6a9",
          "CatalogId": "fake",
          "CategoryId": "fake",
          "Name": "White Baroque Lace Waist Dress",
          "ImageUrl": "http://virtocommerce.blob.core.windows.net/catalog/338860213.jpg",
          "IsCancelled": false,
          "ObjectType": "VirtoCommerce.Domain.Order.Model.LineItem",
          "DynamicProperties": [],
          "TaxDetails": [],
          "CreatedDate": "2015-08-17T15:25:36.35",
          "ModifiedDate": "2015-08-17T15:25:36.35",
          "CreatedBy": "unknown",
          "ModifiedBy": "unknown",
          "Id": "137a189814634c64b21c8ecbdef3bbe8"
        },
        {
          "Currency": 0,
          "BasePrice": 0.0000,
          "Price": 34.9900,
          "DiscountAmount": 0.0000,
          "Tax": 0.0000,
          "ReserveQuantity": 0,
          "Quantity": 1,
          "ProductId": "24c8ae751d294baa93be6fe76c9554c0",
          "CatalogId": "fake",
          "CategoryId": "fake",
          "Name": "Anita and Green Turquoise Lace Panel Maxi Dress",
          "ImageUrl": "http://virtocommerce.blob.core.windows.net/catalog/357438136.jpg",
          "IsCancelled": false,
          "ObjectType": "VirtoCommerce.Domain.Order.Model.LineItem",
          "DynamicProperties": [],
          "TaxDetails": [],
          "CreatedDate": "2015-08-17T15:25:36.35",
          "ModifiedDate": "2015-08-17T15:25:36.35",
          "CreatedBy": "unknown",
          "ModifiedBy": "unknown",
          "Id": "3e65cd0c0f974030941b8e3e8e74f4b9"
        },
        {
          "Currency": 0,
          "BasePrice": 0.0000,
          "Price": 11.0000,
          "DiscountAmount": 0.0000,
          "Tax": 0.0000,
          "ReserveQuantity": 0,
          "Quantity": 1,
          "ProductId": "cc9595b6097749f99701fa517c02946f",
          "CatalogId": "fake",
          "CategoryId": "fake",
          "Name": "Wide Fit Grey Snakeskin Print Double Ankle Strap Block Heels, Multi Col, 4",
          "ImageUrl": "http://virtocommerce.blob.core.windows.net/catalog/335895404.jpg",
          "IsCancelled": false,
          "ObjectType": "VirtoCommerce.Domain.Order.Model.LineItem",
          "DynamicProperties": [],
          "TaxDetails": [],
          "CreatedDate": "2015-08-17T15:25:36.35",
          "ModifiedDate": "2015-08-17T15:25:36.35",
          "CreatedBy": "unknown",
          "ModifiedBy": "unknown",
          "Id": "a285a717fa9548bea51e2fb42cd25332"
        }
      ],
      "Shipments": [
        {
          "ShipmentMethodCode": "FixedRate",
          "CustomerOrderId": "c8d78a4c-8e1c-4ec2-bacd-506c129bc3e3",
          "Items": [
            {
              "LineItemId": "137a189814634c64b21c8ecbdef3bbe8",
              "Quantity": 1,
              "CreatedDate": "2015-08-17T15:25:36.35",
              "ModifiedDate": "2015-08-17T15:25:36.35",
              "CreatedBy": "unknown",
              "ModifiedBy": "unknown",
              "Id": "137a189814634c64b21c8ecbdef3bbe8"
            },
            {
              "LineItemId": "3e65cd0c0f974030941b8e3e8e74f4b9",
              "Quantity": 1,
              "CreatedDate": "2015-08-17T15:25:36.35",
              "ModifiedDate": "2015-08-17T15:25:36.35",
              "CreatedBy": "unknown",
              "ModifiedBy": "unknown",
              "Id": "3e65cd0c0f974030941b8e3e8e74f4b9"
            },
            {
              "LineItemId": "a285a717fa9548bea51e2fb42cd25332",
              "Quantity": 1,
              "CreatedDate": "2015-08-17T15:25:36.35",
              "ModifiedDate": "2015-08-17T15:25:36.35",
              "CreatedBy": "unknown",
              "ModifiedBy": "unknown",
              "Id": "a285a717fa9548bea51e2fb42cd25332"
            }
          ],
          "Packages": [],
          "InPayments": [],
          "DiscountAmount": 0.0,
          "TaxDetails": [],
          "OperationType": "Shipment",
          "Number": "SH1508131823003",
          "IsApproved": false,
          "Currency": 978,
          "TaxIncluded": false,
          "Sum": 0.0000,
          "Tax": 0.0000,
          "IsCancelled": false,
          "ObjectType": "VirtoCommerce.Domain.Order.Model.Shipment",
          "DynamicProperties": [],
          "CreatedDate": "2015-08-17T15:25:36.35",
          "ModifiedDate": "2015-08-17T15:25:36.35",
          "CreatedBy": "unknown",
          "ModifiedBy": "unknown",
          "Id": "d7a66f4e2e3841b892edc672340bae74"
        }
      ],
      "DiscountAmount": 0.0,
      "TaxDetails": [],
      "OperationType": "CustomerOrder",
      "Number": "CU1508131823003",
      "IsApproved": false,
      "Currency": 978,
      "TaxIncluded": false,
      "Sum": 70.9800,
      "Tax": 0.0000,
      "IsCancelled": false,
      "ObjectType": "VirtoCommerce.Domain.Order.Model.CustomerOrder",
      "DynamicProperties": [],
      "CreatedDate": "2015-08-17T15:25:36.35",
      "ModifiedDate": "2015-08-17T15:25:36.35",
      "CreatedBy": "unknown",
      "ModifiedBy": "unknown",
      "Id": "c8d78a4c-8e1c-4ec2-bacd-506c129bc3e3"
    },
    {
      "CustomerId": "0cda0396-43fe-4034-a20e-d0bab4c88c93",
      "CustomerName": "George Basker",
      "StoreId": "Clothing",
      "Addresses": [
        {
          "AddressType": 2,
          "CountryCode": "US",
          "CountryName": "United States",
          "City": "Livingston",
          "PostalCode": "77462",
          "Line1": "100 Rainbow Drive",
          "RegionName": "South Dakota",
          "FirstName": "George",
          "LastName": "Basker",
          "Phone": "936-440-2330",
          "Email": "georgebas@example.com"
        }
      ],
      "InPayments": [
        {
          "GatewayCode": "DefaultManualPaymentMethod",
          "CustomerId": "0cda0396-43fe-4034-a20e-d0bab4c88c93",
          "OuterId": "PA1508131823002",
          "PaymentStatus": 2,
          "CapturedDate": "2015-08-13T15:29:40.46",
          "OperationType": "PaymentIn",
          "Number": "PA1508131823002",
          "IsApproved": false,
          "Status": "Authorized",
          "Currency": 978,
          "TaxIncluded": false,
          "Sum": 62.9900,
          "Tax": 0.0000,
          "IsCancelled": false,
          "ObjectType": "VirtoCommerce.Domain.Order.Model.PaymentIn",
          "DynamicProperties": [],
          "CreatedDate": "2015-08-17T15:25:35.767",
          "ModifiedDate": "2015-08-17T15:25:35.767",
          "CreatedBy": "unknown",
          "ModifiedBy": "unknown",
          "Id": "4e5ea5cc288b46569a70f6aea885622e"
        }
      ],
      "Items": [
        {
          "Currency": 0,
          "BasePrice": 0.0000,
          "Price": 48.0000,
          "DiscountAmount": 0.0000,
          "Tax": 0.0000,
          "ReserveQuantity": 0,
          "Quantity": 1,
          "ProductId": "2d4e07a017064e5d8bb289a451bf8c2f",
          "CatalogId": "fake",
          "CategoryId": "fake",
          "Name": "Laced In Love White Floral Prom Dress",
          "ImageUrl": "http://virtocommerce.blob.core.windows.net/catalog/356194710.jpg",
          "IsCancelled": false,
          "ObjectType": "VirtoCommerce.Domain.Order.Model.LineItem",
          "DynamicProperties": [],
          "TaxDetails": [],
          "CreatedDate": "2015-08-17T15:25:35.767",
          "ModifiedDate": "2015-08-17T15:25:35.767",
          "CreatedBy": "unknown",
          "ModifiedBy": "unknown",
          "Id": "5aae13070c9642fa999af3e3efce058b"
        },
        {
          "Currency": 0,
          "BasePrice": 0.0000,
          "Price": 14.9900,
          "DiscountAmount": 0.0000,
          "Tax": 0.0000,
          "ReserveQuantity": 0,
          "Quantity": 1,
          "ProductId": "490d0ea7fc6145adb1d9a8a70f87de2b",
          "CatalogId": "fake",
          "CategoryId": "fake",
          "Name": "Dark Blue Floral Print Twist Cut Out Back Dress",
          "ImageUrl": "http://virtocommerce.blob.core.windows.net/catalog/355413949.jpg",
          "IsCancelled": false,
          "ObjectType": "VirtoCommerce.Domain.Order.Model.LineItem",
          "DynamicProperties": [],
          "TaxDetails": [],
          "CreatedDate": "2015-08-17T15:25:35.767",
          "ModifiedDate": "2015-08-17T15:25:35.767",
          "CreatedBy": "unknown",
          "ModifiedBy": "unknown",
          "Id": "f79b926cd69a471cbefcd3eb205d5961"
        }
      ],
      "Shipments": [
        {
          "ShipmentMethodCode": "FixedRate",
          "CustomerOrderId": "9d27c868-2e31-4ab4-861b-909bc3f86657",
          "Items": [
            {
              "LineItemId": "5aae13070c9642fa999af3e3efce058b",
              "Quantity": 1,
              "CreatedDate": "2015-08-17T15:25:35.767",
              "ModifiedDate": "2015-08-17T15:25:35.767",
              "CreatedBy": "unknown",
              "ModifiedBy": "unknown",
              "Id": "5aae13070c9642fa999af3e3efce058b"
            },
            {
              "LineItemId": "f79b926cd69a471cbefcd3eb205d5961",
              "Quantity": 1,
              "CreatedDate": "2015-08-17T15:25:35.767",
              "ModifiedDate": "2015-08-17T15:25:35.767",
              "CreatedBy": "unknown",
              "ModifiedBy": "unknown",
              "Id": "f79b926cd69a471cbefcd3eb205d5961"
            }
          ],
          "Packages": [],
          "InPayments": [],
          "DiscountAmount": 0.0,
          "TaxDetails": [],
          "OperationType": "Shipment",
          "Number": "SH1508131823002",
          "IsApproved": false,
          "Currency": 978,
          "TaxIncluded": false,
          "Sum": 0.0000,
          "Tax": 0.0000,
          "IsCancelled": false,
          "ObjectType": "VirtoCommerce.Domain.Order.Model.Shipment",
          "DynamicProperties": [],
          "CreatedDate": "2015-08-17T15:25:35.767",
          "ModifiedDate": "2015-08-17T15:25:35.767",
          "CreatedBy": "unknown",
          "ModifiedBy": "unknown",
          "Id": "2ae8002cb9bc40ddadd6e557c7c63f53"
        }
      ],
      "DiscountAmount": 0.0,
      "TaxDetails": [],
      "OperationType": "CustomerOrder",
      "Number": "CU1508131823002",
      "IsApproved": false,
      "Currency": 978,
      "TaxIncluded": false,
      "Sum": 62.9900,
      "Tax": 0.0000,
      "IsCancelled": false,
      "ObjectType": "VirtoCommerce.Domain.Order.Model.CustomerOrder",
      "DynamicProperties": [],
      "CreatedDate": "2015-08-17T15:25:35.767",
      "ModifiedDate": "2015-08-17T15:25:35.767",
      "CreatedBy": "unknown",
      "ModifiedBy": "unknown",
      "Id": "9d27c868-2e31-4ab4-861b-909bc3f86657"
    },
    {
      "CustomerId": "ae0e9e44-a1ca-4527-8319-0e92b0eb16f9",
      "CustomerName": "John Starberg",
      "StoreId": "Clothing",
      "Addresses": [
        {
          "AddressType": 2,
          "CountryCode": "US",
          "CountryName": "United States",
          "City": "Batesville",
          "PostalCode": "38717-1618",
          "Line1": "542-C Eureka Street",
          "RegionName": "Mississippi",
          "FirstName": "John",
          "LastName": "Starberg",
          "Phone": "601-684-8678",
          "Email": "johstar@example.com"
        }
      ],
      "InPayments": [
        {
          "GatewayCode": "DefaultManualPaymentMethod",
          "CustomerId": "ae0e9e44-a1ca-4527-8319-0e92b0eb16f9",
          "OuterId": "PA1508131823001",
          "PaymentStatus": 2,
          "CapturedDate": "2015-08-13T15:23:58.787",
          "OperationType": "PaymentIn",
          "Number": "PA1508131823001",
          "IsApproved": false,
          "Status": "Authorized",
          "Currency": 978,
          "TaxIncluded": false,
          "Sum": 63.9700,
          "Tax": 0.0000,
          "IsCancelled": false,
          "ObjectType": "VirtoCommerce.Domain.Order.Model.PaymentIn",
          "DynamicProperties": [],
          "CreatedDate": "2015-08-17T15:25:33.137",
          "ModifiedDate": "2015-08-17T15:25:33.137",
          "CreatedBy": "unknown",
          "ModifiedBy": "unknown",
          "Id": "fa8bc820a08c48fe898c9716645f545b"
        }
      ],
      "Items": [
        {
          "Currency": 0,
          "BasePrice": 0.0000,
          "Price": 24.9900,
          "DiscountAmount": 0.0000,
          "Tax": 0.0000,
          "ReserveQuantity": 0,
          "Quantity": 1,
          "ProductId": "88d3ba5f96da4d419ec32f5d79a33192",
          "CatalogId": "fake",
          "CategoryId": "fake",
          "Name": "Black Eyelet Strappy Cut Out Bodycon Dress",
          "ImageUrl": "http://virtocommerce.blob.core.windows.net/catalog/358307801.jpg",
          "IsCancelled": false,
          "ObjectType": "VirtoCommerce.Domain.Order.Model.LineItem",
          "DynamicProperties": [],
          "TaxDetails": [],
          "CreatedDate": "2015-08-17T15:25:33.137",
          "ModifiedDate": "2015-08-17T15:25:33.137",
          "CreatedBy": "unknown",
          "ModifiedBy": "unknown",
          "Id": "492aae46c9b74a40a24b78194e06becc"
        },
        {
          "Currency": 0,
          "BasePrice": 0.0000,
          "Price": 9.0000,
          "DiscountAmount": 0.0000,
          "Tax": 0.0000,
          "ReserveQuantity": 0,
          "Quantity": 1,
          "ProductId": "546f3824dcd3459d8f43ecf6cb8f68e8",
          "CatalogId": "fake",
          "CategoryId": "fake",
          "Name": "Wide Fit Lilac Ankle Strap Straw Wedges, Yellow, 4",
          "ImageUrl": "http://virtocommerce.blob.core.windows.net/catalog/334713255.jpg",
          "IsCancelled": false,
          "ObjectType": "VirtoCommerce.Domain.Order.Model.LineItem",
          "DynamicProperties": [],
          "TaxDetails": [],
          "CreatedDate": "2015-08-17T15:25:33.137",
          "ModifiedDate": "2015-08-17T15:25:33.137",
          "CreatedBy": "unknown",
          "ModifiedBy": "unknown",
          "Id": "d6e86e6d36cb4883b5faef0892812d29"
        },
        {
          "Currency": 0,
          "BasePrice": 0.0000,
          "Price": 19.9900,
          "DiscountAmount": 0.0000,
          "Tax": 0.0000,
          "ReserveQuantity": 0,
          "Quantity": 1,
          "ProductId": "74c033278b444e4793b179d8f01b1006",
          "CatalogId": "fake",
          "CategoryId": "fake",
          "Name": "Burgundy Chiffon Belted Dress",
          "ImageUrl": "http://virtocommerce.blob.core.windows.net/catalog/355391367.jpg",
          "IsCancelled": false,
          "ObjectType": "VirtoCommerce.Domain.Order.Model.LineItem",
          "DynamicProperties": [],
          "TaxDetails": [],
          "CreatedDate": "2015-08-17T15:25:33.137",
          "ModifiedDate": "2015-08-17T15:25:33.137",
          "CreatedBy": "unknown",
          "ModifiedBy": "unknown",
          "Id": "dc341240e70d43cd81fa56406984e5f7"
        },
        {
          "Currency": 0,
          "BasePrice": 0.0000,
          "Price": 9.9900,
          "DiscountAmount": 0.0000,
          "Tax": 0.0000,
          "ReserveQuantity": 0,
          "Quantity": 1,
          "ProductId": "abc74a3c32de4740aff166501af1b356",
          "CatalogId": "fake",
          "CategoryId": "fake",
          "Name": "Rust High Neck Double Strap Mini Dress",
          "ImageUrl": "http://virtocommerce.blob.core.windows.net/catalog/345414525.jpg",
          "IsCancelled": false,
          "ObjectType": "VirtoCommerce.Domain.Order.Model.LineItem",
          "DynamicProperties": [],
          "TaxDetails": [],
          "CreatedDate": "2015-08-17T15:25:33.137",
          "ModifiedDate": "2015-08-17T15:25:33.137",
          "CreatedBy": "unknown",
          "ModifiedBy": "unknown",
          "Id": "eb2500768d9c43529797aa23f5083291"
        }
      ],
      "Shipments": [
        {
          "ShipmentMethodCode": "FixedRate",
          "CustomerOrderId": "7e3a6f35-ad33-4db2-b402-1385f3ff677b",
          "Items": [
            {
              "LineItemId": "492aae46c9b74a40a24b78194e06becc",
              "Quantity": 1,
              "CreatedDate": "2015-08-17T15:25:33.137",
              "ModifiedDate": "2015-08-17T15:25:33.137",
              "CreatedBy": "unknown",
              "ModifiedBy": "unknown",
              "Id": "492aae46c9b74a40a24b78194e06becc"
            },
            {
              "LineItemId": "d6e86e6d36cb4883b5faef0892812d29",
              "Quantity": 1,
              "CreatedDate": "2015-08-17T15:25:33.137",
              "ModifiedDate": "2015-08-17T15:25:33.137",
              "CreatedBy": "unknown",
              "ModifiedBy": "unknown",
              "Id": "d6e86e6d36cb4883b5faef0892812d29"
            },
            {
              "LineItemId": "dc341240e70d43cd81fa56406984e5f7",
              "Quantity": 1,
              "CreatedDate": "2015-08-17T15:25:33.137",
              "ModifiedDate": "2015-08-17T15:25:33.137",
              "CreatedBy": "unknown",
              "ModifiedBy": "unknown",
              "Id": "dc341240e70d43cd81fa56406984e5f7"
            },
            {
              "LineItemId": "eb2500768d9c43529797aa23f5083291",
              "Quantity": 1,
              "CreatedDate": "2015-08-17T15:25:33.137",
              "ModifiedDate": "2015-08-17T15:25:33.137",
              "CreatedBy": "unknown",
              "ModifiedBy": "unknown",
              "Id": "eb2500768d9c43529797aa23f5083291"
            }
          ],
          "Packages": [],
          "InPayments": [],
          "DiscountAmount": 0.0,
          "TaxDetails": [],
          "OperationType": "Shipment",
          "Number": "SH1508131823001",
          "IsApproved": false,
          "Currency": 978,
          "TaxIncluded": false,
          "Sum": 0.0000,
          "Tax": 0.0000,
          "IsCancelled": false,
          "ObjectType": "VirtoCommerce.Domain.Order.Model.Shipment",
          "DynamicProperties": [],
          "CreatedDate": "2015-08-17T15:25:33.137",
          "ModifiedDate": "2015-08-17T15:25:33.137",
          "CreatedBy": "unknown",
          "ModifiedBy": "unknown",
          "Id": "807d0a2862234625adc733a71043dbd7"
        }
      ],
      "DiscountAmount": 0.0,
      "TaxDetails": [],
      "OperationType": "CustomerOrder",
      "Number": "CU1508131823001",
      "IsApproved": false,
      "Currency": 978,
      "TaxIncluded": false,
      "Sum": 63.9700,
      "Tax": 0.0000,
      "IsCancelled": false,
      "ObjectType": "VirtoCommerce.Domain.Order.Model.CustomerOrder",
      "DynamicProperties": [],
      "CreatedDate": "2015-08-17T15:25:33.137",
      "ModifiedDate": "2015-08-17T15:25:33.137",
      "CreatedBy": "unknown",
      "ModifiedBy": "unknown",
      "Id": "7e3a6f35-ad33-4db2-b402-1385f3ff677b"
    }
  ]
}