﻿{
  "Contacts": [
    {
      "FullName": "Alex Starberg",
      "Organizations": [],
      "Addresses": [
        {
          "AddressType": 0,
          "Name": "Alex Starberg",
          "CountryCode": "US",
          "CountryName": "United States",
          "City": "Chattanooga",
          "PostalCode": "37412 ",
          "Line1": "475 Uptain Rd.",
          "RegionId": "CA",
          "RegionName": "Tennessee",
          "FirstName": "Alex",
          "LastName": "Starberg",
          "Phone": "(423) 978-0927"
        }
      ],
      "Phones": [],
      "Emails": [
        "bomba89@example.com"
      ],
      "Notes": [],
      "ObjectType": "VirtoCommerce.Domain.Customer.Model.Contact",
      "DynamicProperties": [
        {
          "ObjectId": "820c58c5-b518-454b-aefd-2fc4616bd25e",
          "Values": {
            "$type": "VirtoCommerce.Platform.Core.DynamicProperties.DynamicPropertyObjectValue[], VirtoCommerce.Platform.Core, Version=2.4.0.0, Culture=neutral, PublicKeyToken=null",
            "$values": []
          },
          "Name": "content type",
          "ObjectType": "VirtoCommerce.Domain.Customer.Model.Contact",
          "IsArray": false,
          "IsDictionary": true,
          "IsMultilingual": false,
          "IsRequired": false,
          "ValueType": "ShortText",
          "DisplayNames": [],
          "CreatedDate": "2015-08-19T12:47:28.913",
          "ModifiedDate": "2015-08-19T12:47:28.913",
          "CreatedBy": "unknown",
          "ModifiedBy": "unknown",
          "Id": "2380cb15cd3f4e54b8060cba7003b61f"
        },
        {
          "ObjectId": "820c58c5-b518-454b-aefd-2fc4616bd25e",
          "Values": {
            "$type": "VirtoCommerce.Platform.Core.DynamicProperties.DynamicPropertyObjectValue[], VirtoCommerce.Platform.Core, Version=2.4.0.0, Culture=neutral, PublicKeyToken=null",
            "$values": []
          },
          "Name": "Position in organization",
          "ObjectType": "VirtoCommerce.Domain.Customer.Model.Contact",
          "IsArray": false,
          "IsDictionary": false,
          "IsMultilingual": false,
          "IsRequired": false,
          "ValueType": "ShortText",
          "DisplayNames": [],
          "CreatedDate": "2015-08-19T12:47:28.913",
          "ModifiedDate": "2015-08-19T12:47:28.913",
          "CreatedBy": "unknown",
          "ModifiedBy": "unknown",
          "Id": "e7d0107305ca43dea5b138c161015820"
        },
        {
          "ObjectId": "820c58c5-b518-454b-aefd-2fc4616bd25e",
          "Values": {
            "$type": "VirtoCommerce.Platform.Core.DynamicProperties.DynamicPropertyObjectValue[], VirtoCommerce.Platform.Core, Version=2.4.0.0, Culture=neutral, PublicKeyToken=null",
            "$values": []
          },
          "Name": "sample",
          "ObjectType": "VirtoCommerce.Domain.Customer.Model.Contact",
          "IsArray": false,
          "IsDictionary": false,
          "IsMultilingual": false,
          "IsRequired": false,
          "ValueType": "LongText",
          "DisplayNames": [],
          "CreatedDate": "2015-08-19T12:47:28.913",
          "ModifiedDate": "2015-08-19T12:47:28.913",
          "CreatedBy": "unknown",
          "ModifiedBy": "unknown",
          "Id": "d6312079feac443db46a71e5554398da"
        }
      ],
      "CreatedDate": "2015-08-19T12:48:24.027",
      "ModifiedDate": "2015-08-19T12:48:24.027",
      "CreatedBy": "unknown",
      "ModifiedBy": "unknown",
      "Id": "820c58c5-b518-454b-aefd-2fc4616bd25e"
    },
    {
      "FullName": "Barny Collins",
      "Organizations": [],
      "Addresses": [
        {
          "AddressType": 0,
          "Name": "Barny Collins",
          "CountryCode": "US",
          "CountryName": "United States",
          "City": "Eugene",
          "PostalCode": "97404",
          "Line1": "5851 E 13th Ave.",
          "RegionId": "CA",
          "RegionName": "Oregon",
          "FirstName": "Barny",
          "LastName": "Collins",
          "Phone": "541-459-5567"
        }
      ],
      "Phones": [],
      "Emails": [
        "barbar@example.com"
      ],
      "Notes": [],
      "ObjectType": "VirtoCommerce.Domain.Customer.Model.Contact",
      "DynamicProperties": [
        {
          "ObjectId": "d2d9b741-5453-4ad8-aa46-d07478b9a931",
          "Values": {
            "$type": "VirtoCommerce.Platform.Core.DynamicProperties.DynamicPropertyObjectValue[], VirtoCommerce.Platform.Core, Version=2.4.0.0, Culture=neutral, PublicKeyToken=null",
            "$values": []
          },
          "Name": "content type",
          "ObjectType": "VirtoCommerce.Domain.Customer.Model.Contact",
          "IsArray": false,
          "IsDictionary": true,
          "IsMultilingual": false,
          "IsRequired": false,
          "ValueType": "ShortText",
          "DisplayNames": [],
          "CreatedDate": "2015-08-19T12:47:28.913",
          "ModifiedDate": "2015-08-19T12:47:28.913",
          "CreatedBy": "unknown",
          "ModifiedBy": "unknown",
          "Id": "2380cb15cd3f4e54b8060cba7003b61f"
        },
        {
          "ObjectId": "d2d9b741-5453-4ad8-aa46-d07478b9a931",
          "Values": {
            "$type": "VirtoCommerce.Platform.Core.DynamicProperties.DynamicPropertyObjectValue[], VirtoCommerce.Platform.Core, Version=2.4.0.0, Culture=neutral, PublicKeyToken=null",
            "$values": []
          },
          "Name": "Position in organization",
          "ObjectType": "VirtoCommerce.Domain.Customer.Model.Contact",
          "IsArray": false,
          "IsDictionary": false,
          "IsMultilingual": false,
          "IsRequired": false,
          "ValueType": "ShortText",
          "DisplayNames": [],
          "CreatedDate": "2015-08-19T12:47:28.913",
          "ModifiedDate": "2015-08-19T12:47:28.913",
          "CreatedBy": "unknown",
          "ModifiedBy": "unknown",
          "Id": "e7d0107305ca43dea5b138c161015820"
        },
        {
          "ObjectId": "d2d9b741-5453-4ad8-aa46-d07478b9a931",
          "Values": {
            "$type": "VirtoCommerce.Platform.Core.DynamicProperties.DynamicPropertyObjectValue[], VirtoCommerce.Platform.Core, Version=2.4.0.0, Culture=neutral, PublicKeyToken=null",
            "$values": []
          },
          "Name": "sample",
          "ObjectType": "VirtoCommerce.Domain.Customer.Model.Contact",
          "IsArray": false,
          "IsDictionary": false,
          "IsMultilingual": false,
          "IsRequired": false,
          "ValueType": "LongText",
          "DisplayNames": [],
          "CreatedDate": "2015-08-19T12:47:28.913",
          "ModifiedDate": "2015-08-19T12:47:28.913",
          "CreatedBy": "unknown",
          "ModifiedBy": "unknown",
          "Id": "d6312079feac443db46a71e5554398da"
        }
      ],
      "CreatedDate": "2015-08-19T12:48:25.637",
      "ModifiedDate": "2015-08-19T12:48:25.637",
      "CreatedBy": "unknown",
      "ModifiedBy": "unknown",
      "Id": "d2d9b741-5453-4ad8-aa46-d07478b9a931"
    },
    {
      "FullName": "Eugene Fritz",
      "Organizations": [],
      "Addresses": [
        {
          "AddressType": 0,
          "Name": "Eugene Fritz",
          "CountryCode": "US",
          "CountryName": "United States",
          "City": "DeKalb",
          "PostalCode": "60151-2882",
          "Line1": "5241 West Lincoln Hwy.",
          "RegionId": "CA",
          "RegionName": "Illinois",
          "FirstName": "Eugene",
          "LastName": "Fritz",
          "Phone": "(815) 876-4503"
        }
      ],
      "Phones": [],
      "Emails": [
        "calfor99@example.com"
      ],
      "Notes": [],
      "ObjectType": "VirtoCommerce.Domain.Customer.Model.Contact",
      "DynamicProperties": [
        {
          "ObjectId": "42e9ad63-cfe5-4ef8-b5e3-c86522c22d84",
          "Values": {
            "$type": "VirtoCommerce.Platform.Core.DynamicProperties.DynamicPropertyObjectValue[], VirtoCommerce.Platform.Core, Version=2.4.0.0, Culture=neutral, PublicKeyToken=null",
            "$values": []
          },
          "Name": "content type",
          "ObjectType": "VirtoCommerce.Domain.Customer.Model.Contact",
          "IsArray": false,
          "IsDictionary": true,
          "IsMultilingual": false,
          "IsRequired": false,
          "ValueType": "ShortText",
          "DisplayNames": [],
          "CreatedDate": "2015-08-19T12:47:28.913",
          "ModifiedDate": "2015-08-19T12:47:28.913",
          "CreatedBy": "unknown",
          "ModifiedBy": "unknown",
          "Id": "2380cb15cd3f4e54b8060cba7003b61f"
        },
        {
          "ObjectId": "42e9ad63-cfe5-4ef8-b5e3-c86522c22d84",
          "Values": {
            "$type": "VirtoCommerce.Platform.Core.DynamicProperties.DynamicPropertyObjectValue[], VirtoCommerce.Platform.Core, Version=2.4.0.0, Culture=neutral, PublicKeyToken=null",
            "$values": []
          },
          "Name": "Position in organization",
          "ObjectType": "VirtoCommerce.Domain.Customer.Model.Contact",
          "IsArray": false,
          "IsDictionary": false,
          "IsMultilingual": false,
          "IsRequired": false,
          "ValueType": "ShortText",
          "DisplayNames": [],
          "CreatedDate": "2015-08-19T12:47:28.913",
          "ModifiedDate": "2015-08-19T12:47:28.913",
          "CreatedBy": "unknown",
          "ModifiedBy": "unknown",
          "Id": "e7d0107305ca43dea5b138c161015820"
        },
        {
          "ObjectId": "42e9ad63-cfe5-4ef8-b5e3-c86522c22d84",
          "Values": {
            "$type": "VirtoCommerce.Platform.Core.DynamicProperties.DynamicPropertyObjectValue[], VirtoCommerce.Platform.Core, Version=2.4.0.0, Culture=neutral, PublicKeyToken=null",
            "$values": []
          },
          "Name": "sample",
          "ObjectType": "VirtoCommerce.Domain.Customer.Model.Contact",
          "IsArray": false,
          "IsDictionary": false,
          "IsMultilingual": false,
          "IsRequired": false,
          "ValueType": "LongText",
          "DisplayNames": [],
          "CreatedDate": "2015-08-19T12:47:28.913",
          "ModifiedDate": "2015-08-19T12:47:28.913",
          "CreatedBy": "unknown",
          "ModifiedBy": "unknown",
          "Id": "d6312079feac443db46a71e5554398da"
        }
      ],
      "CreatedDate": "2015-08-19T12:48:25.693",
      "ModifiedDate": "2015-08-19T12:48:25.693",
      "CreatedBy": "unknown",
      "ModifiedBy": "unknown",
      "Id": "42e9ad63-cfe5-4ef8-b5e3-c86522c22d84"
    },
    {
      "FullName": "John Starberg",
      "Organizations": [],
      "Addresses": [
        {
          "AddressType": 0,
          "Name": "John Starberg",
          "CountryCode": "US",
          "CountryName": "United States",
          "City": "Batesville",
          "PostalCode": "38717-1618",
          "Line1": "542-C Eureka Street",
          "RegionId": "CA",
          "RegionName": "Mississippi",
          "FirstName": "John",
          "LastName": "Starberg",
          "Phone": "601-684-8678"
        }
      ],
      "Phones": [],
      "Emails": [
        "johstar@example.com"
      ],
      "Notes": [],
      "ObjectType": "VirtoCommerce.Domain.Customer.Model.Contact",
      "DynamicProperties": [
        {
          "ObjectId": "ae0e9e44-a1ca-4527-8319-0e92b0eb16f9",
          "Values": {
            "$type": "VirtoCommerce.Platform.Core.DynamicProperties.DynamicPropertyObjectValue[], VirtoCommerce.Platform.Core, Version=2.4.0.0, Culture=neutral, PublicKeyToken=null",
            "$values": []
          },
          "Name": "content type",
          "ObjectType": "VirtoCommerce.Domain.Customer.Model.Contact",
          "IsArray": false,
          "IsDictionary": true,
          "IsMultilingual": false,
          "IsRequired": false,
          "ValueType": "ShortText",
          "DisplayNames": [],
          "CreatedDate": "2015-08-19T12:47:28.913",
          "ModifiedDate": "2015-08-19T12:47:28.913",
          "CreatedBy": "unknown",
          "ModifiedBy": "unknown",
          "Id": "2380cb15cd3f4e54b8060cba7003b61f"
        },
        {
          "ObjectId": "ae0e9e44-a1ca-4527-8319-0e92b0eb16f9",
          "Values": {
            "$type": "VirtoCommerce.Platform.Core.DynamicProperties.DynamicPropertyObjectValue[], VirtoCommerce.Platform.Core, Version=2.4.0.0, Culture=neutral, PublicKeyToken=null",
            "$values": []
          },
          "Name": "Position in organization",
          "ObjectType": "VirtoCommerce.Domain.Customer.Model.Contact",
          "IsArray": false,
          "IsDictionary": false,
          "IsMultilingual": false,
          "IsRequired": false,
          "ValueType": "ShortText",
          "DisplayNames": [],
          "CreatedDate": "2015-08-19T12:47:28.913",
          "ModifiedDate": "2015-08-19T12:47:28.913",
          "CreatedBy": "unknown",
          "ModifiedBy": "unknown",
          "Id": "e7d0107305ca43dea5b138c161015820"
        },
        {
          "ObjectId": "ae0e9e44-a1ca-4527-8319-0e92b0eb16f9",
          "Values": {
            "$type": "VirtoCommerce.Platform.Core.DynamicProperties.DynamicPropertyObjectValue[], VirtoCommerce.Platform.Core, Version=2.4.0.0, Culture=neutral, PublicKeyToken=null",
            "$values": []
          },
          "Name": "sample",
          "ObjectType": "VirtoCommerce.Domain.Customer.Model.Contact",
          "IsArray": false,
          "IsDictionary": false,
          "IsMultilingual": false,
          "IsRequired": false,
          "ValueType": "LongText",
          "DisplayNames": [],
          "CreatedDate": "2015-08-19T12:47:28.913",
          "ModifiedDate": "2015-08-19T12:47:28.913",
          "CreatedBy": "unknown",
          "ModifiedBy": "unknown",
          "Id": "d6312079feac443db46a71e5554398da"
        }
      ],
      "CreatedDate": "2015-08-19T12:48:25.763",
      "ModifiedDate": "2015-08-19T12:48:25.763",
      "CreatedBy": "unknown",
      "ModifiedBy": "unknown",
      "Id": "ae0e9e44-a1ca-4527-8319-0e92b0eb16f9"
    },
    {
      "FullName": "Rob White",
      "Organizations": [],
      "Addresses": [
        {
          "AddressType": 0,
          "Name": "Rob White",
          "CountryCode": "US",
          "CountryName": "United States",
          "City": "Concord",
          "PostalCode": "03301",
          "Line1": "63 Clinton Street",
          "RegionId": "CA",
          "RegionName": "New Hampshire",
          "FirstName": "Rob",
          "LastName": "White",
          "Phone": "(603) 394-9867"
        }
      ],
      "Phones": [],
      "Emails": [
        "whity@example.com"
      ],
      "Notes": [],
      "ObjectType": "VirtoCommerce.Domain.Customer.Model.Contact",
      "DynamicProperties": [
        {
          "ObjectId": "237a4784-d25f-419e-b4d7-cf151393d1cc",
          "Values": {
            "$type": "VirtoCommerce.Platform.Core.DynamicProperties.DynamicPropertyObjectValue[], VirtoCommerce.Platform.Core, Version=2.4.0.0, Culture=neutral, PublicKeyToken=null",
            "$values": []
          },
          "Name": "content type",
          "ObjectType": "VirtoCommerce.Domain.Customer.Model.Contact",
          "IsArray": false,
          "IsDictionary": true,
          "IsMultilingual": false,
          "IsRequired": false,
          "ValueType": "ShortText",
          "DisplayNames": [],
          "CreatedDate": "2015-08-19T12:47:28.913",
          "ModifiedDate": "2015-08-19T12:47:28.913",
          "CreatedBy": "unknown",
          "ModifiedBy": "unknown",
          "Id": "2380cb15cd3f4e54b8060cba7003b61f"
        },
        {
          "ObjectId": "237a4784-d25f-419e-b4d7-cf151393d1cc",
          "Values": {
            "$type": "VirtoCommerce.Platform.Core.DynamicProperties.DynamicPropertyObjectValue[], VirtoCommerce.Platform.Core, Version=2.4.0.0, Culture=neutral, PublicKeyToken=null",
            "$values": []
          },
          "Name": "Position in organization",
          "ObjectType": "VirtoCommerce.Domain.Customer.Model.Contact",
          "IsArray": false,
          "IsDictionary": false,
          "IsMultilingual": false,
          "IsRequired": false,
          "ValueType": "ShortText",
          "DisplayNames": [],
          "CreatedDate": "2015-08-19T12:47:28.913",
          "ModifiedDate": "2015-08-19T12:47:28.913",
          "CreatedBy": "unknown",
          "ModifiedBy": "unknown",
          "Id": "e7d0107305ca43dea5b138c161015820"
        },
        {
          "ObjectId": "237a4784-d25f-419e-b4d7-cf151393d1cc",
          "Values": {
            "$type": "VirtoCommerce.Platform.Core.DynamicProperties.DynamicPropertyObjectValue[], VirtoCommerce.Platform.Core, Version=2.4.0.0, Culture=neutral, PublicKeyToken=null",
            "$values": []
          },
          "Name": "sample",
          "ObjectType": "VirtoCommerce.Domain.Customer.Model.Contact",
          "IsArray": false,
          "IsDictionary": false,
          "IsMultilingual": false,
          "IsRequired": false,
          "ValueType": "LongText",
          "DisplayNames": [],
          "CreatedDate": "2015-08-19T12:47:28.913",
          "ModifiedDate": "2015-08-19T12:47:28.913",
          "CreatedBy": "unknown",
          "ModifiedBy": "unknown",
          "Id": "d6312079feac443db46a71e5554398da"
        }
      ],
      "CreatedDate": "2015-08-19T12:48:25.827",
      "ModifiedDate": "2015-08-19T12:48:25.827",
      "CreatedBy": "unknown",
      "ModifiedBy": "unknown",
      "Id": "237a4784-d25f-419e-b4d7-cf151393d1cc"
    },
    {
      "FullName": "Sam Green",
      "Organizations": [
        "3407620e4b7442488d8a91b9c5e4c085"
      ],
      "Addresses": [
        {
          "AddressType": 0,
          "Name": "Sam Green",
          "CountryCode": "US",
          "CountryName": "United States",
          "City": "Miami",
          "PostalCode": "33200",
          "Line1": "211 SW 8th Street, PCA 472A",
          "RegionId": "CA",
          "RegionName": "Florida",
          "FirstName": "Sam",
          "LastName": "Green",
          "Phone": "(305) 654-5568"
        }
      ],
      "Phones": [],
      "Emails": [
        "goal44@example.com"
      ],
      "Notes": [],
      "ObjectType": "VirtoCommerce.Domain.Customer.Model.Contact",
      "DynamicProperties": [
        {
          "ObjectId": "5f807280-bb1a-42b2-9a96-ed107269ea06",
          "Values": {
            "$type": "VirtoCommerce.Platform.Core.DynamicProperties.DynamicPropertyObjectValue[], VirtoCommerce.Platform.Core, Version=2.4.0.0, Culture=neutral, PublicKeyToken=null",
            "$values": []
          },
          "Name": "content type",
          "ObjectType": "VirtoCommerce.Domain.Customer.Model.Contact",
          "IsArray": false,
          "IsDictionary": true,
          "IsMultilingual": false,
          "IsRequired": false,
          "ValueType": "ShortText",
          "DisplayNames": [],
          "CreatedDate": "2015-08-19T12:47:28.913",
          "ModifiedDate": "2015-08-19T12:47:28.913",
          "CreatedBy": "unknown",
          "ModifiedBy": "unknown",
          "Id": "2380cb15cd3f4e54b8060cba7003b61f"
        },
        {
          "ObjectId": "5f807280-bb1a-42b2-9a96-ed107269ea06",
          "Values": {
            "$type": "VirtoCommerce.Platform.Core.DynamicProperties.DynamicPropertyObjectValue[], VirtoCommerce.Platform.Core, Version=2.4.0.0, Culture=neutral, PublicKeyToken=null",
            "$values": []
          },
          "Name": "Position in organization",
          "ObjectType": "VirtoCommerce.Domain.Customer.Model.Contact",
          "IsArray": false,
          "IsDictionary": false,
          "IsMultilingual": false,
          "IsRequired": false,
          "ValueType": "ShortText",
          "DisplayNames": [],
          "CreatedDate": "2015-08-19T12:47:28.913",
          "ModifiedDate": "2015-08-19T12:47:28.913",
          "CreatedBy": "unknown",
          "ModifiedBy": "unknown",
          "Id": "e7d0107305ca43dea5b138c161015820"
        },
        {
          "ObjectId": "5f807280-bb1a-42b2-9a96-ed107269ea06",
          "Values": {
            "$type": "VirtoCommerce.Platform.Core.DynamicProperties.DynamicPropertyObjectValue[], VirtoCommerce.Platform.Core, Version=2.4.0.0, Culture=neutral, PublicKeyToken=null",
            "$values": []
          },
          "Name": "sample",
          "ObjectType": "VirtoCommerce.Domain.Customer.Model.Contact",
          "IsArray": false,
          "IsDictionary": false,
          "IsMultilingual": false,
          "IsRequired": false,
          "ValueType": "LongText",
          "DisplayNames": [],
          "CreatedDate": "2015-08-19T12:47:28.913",
          "ModifiedDate": "2015-08-19T12:47:28.913",
          "CreatedBy": "unknown",
          "ModifiedBy": "unknown",
          "Id": "d6312079feac443db46a71e5554398da"
        }
      ],
      "CreatedDate": "2015-08-19T12:48:25.893",
      "ModifiedDate": "2015-08-19T12:48:25.893",
      "CreatedBy": "unknown",
      "ModifiedBy": "unknown",
      "Id": "5f807280-bb1a-42b2-9a96-ed107269ea06"
    },
    {
      "FullName": "Ellen Adams",
      "Organizations": [
        "b23252dafacc4bd0b6e2489d36c51684"
      ],
      "Addresses": [],
      "Phones": [],
      "Emails": [],
      "Notes": [],
      "ObjectType": "VirtoCommerce.Domain.Customer.Model.Contact",
      "DynamicProperties": [
        {
          "ObjectId": "fed2902665164243bec2dcf184184b23",
          "Values": {
            "$type": "VirtoCommerce.Platform.Core.DynamicProperties.DynamicPropertyObjectValue[], VirtoCommerce.Platform.Core, Version=2.4.0.0, Culture=neutral, PublicKeyToken=null",
            "$values": []
          },
          "Name": "content type",
          "ObjectType": "VirtoCommerce.Domain.Customer.Model.Contact",
          "IsArray": false,
          "IsDictionary": true,
          "IsMultilingual": false,
          "IsRequired": false,
          "ValueType": "ShortText",
          "DisplayNames": [],
          "CreatedDate": "2015-08-19T12:47:28.913",
          "ModifiedDate": "2015-08-19T12:47:28.913",
          "CreatedBy": "unknown",
          "ModifiedBy": "unknown",
          "Id": "2380cb15cd3f4e54b8060cba7003b61f"
        },
        {
          "ObjectId": "fed2902665164243bec2dcf184184b23",
          "Values": {
            "$type": "VirtoCommerce.Platform.Core.DynamicProperties.DynamicPropertyObjectValue[], VirtoCommerce.Platform.Core, Version=2.4.0.0, Culture=neutral, PublicKeyToken=null",
            "$values": []
          },
          "Name": "Position in organization",
          "ObjectType": "VirtoCommerce.Domain.Customer.Model.Contact",
          "IsArray": false,
          "IsDictionary": false,
          "IsMultilingual": false,
          "IsRequired": false,
          "ValueType": "ShortText",
          "DisplayNames": [],
          "CreatedDate": "2015-08-19T12:47:28.913",
          "ModifiedDate": "2015-08-19T12:47:28.913",
          "CreatedBy": "unknown",
          "ModifiedBy": "unknown",
          "Id": "e7d0107305ca43dea5b138c161015820"
        },
        {
          "ObjectId": "fed2902665164243bec2dcf184184b23",
          "Values": {
            "$type": "VirtoCommerce.Platform.Core.DynamicProperties.DynamicPropertyObjectValue[], VirtoCommerce.Platform.Core, Version=2.4.0.0, Culture=neutral, PublicKeyToken=null",
            "$values": []
          },
          "Name": "sample",
          "ObjectType": "VirtoCommerce.Domain.Customer.Model.Contact",
          "IsArray": false,
          "IsDictionary": false,
          "IsMultilingual": false,
          "IsRequired": false,
          "ValueType": "LongText",
          "DisplayNames": [],
          "CreatedDate": "2015-08-19T12:47:28.913",
          "ModifiedDate": "2015-08-19T12:47:28.913",
          "CreatedBy": "unknown",
          "ModifiedBy": "unknown",
          "Id": "d6312079feac443db46a71e5554398da"
        }
      ],
      "CreatedDate": "2015-08-19T12:48:25.97",
      "ModifiedDate": "2015-08-19T12:48:25.97",
      "CreatedBy": "unknown",
      "ModifiedBy": "unknown",
      "Id": "fed2902665164243bec2dcf184184b23"
    },
    {
      "FullName": "George Basker",
      "Organizations": [
        "b23252dafacc4bd0b6e2489d36c51684"
      ],
      "Addresses": [
        {
          "AddressType": 0,
          "Name": "George Basker",
          "CountryCode": "US",
          "CountryName": "United States",
          "City": "Livingston",
          "PostalCode": "77462",
          "Line1": "100 Rainbow Drive",
          "RegionId": "CA",
          "RegionName": "South Dakota",
          "FirstName": "George",
          "LastName": "Basker",
          "Phone": "936-440-2330"
        }
      ],
      "Phones": [],
      "Emails": [
        "georgebas@example.com"
      ],
      "Notes": [],
      "ObjectType": "VirtoCommerce.Domain.Customer.Model.Contact",
      "DynamicProperties": [
        {
          "ObjectId": "0cda0396-43fe-4034-a20e-d0bab4c88c93",
          "Values": {
            "$type": "VirtoCommerce.Platform.Core.DynamicProperties.DynamicPropertyObjectValue[], VirtoCommerce.Platform.Core, Version=2.4.0.0, Culture=neutral, PublicKeyToken=null",
            "$values": []
          },
          "Name": "content type",
          "ObjectType": "VirtoCommerce.Domain.Customer.Model.Contact",
          "IsArray": false,
          "IsDictionary": true,
          "IsMultilingual": false,
          "IsRequired": false,
          "ValueType": "ShortText",
          "DisplayNames": [],
          "CreatedDate": "2015-08-19T12:47:28.913",
          "ModifiedDate": "2015-08-19T12:47:28.913",
          "CreatedBy": "unknown",
          "ModifiedBy": "unknown",
          "Id": "2380cb15cd3f4e54b8060cba7003b61f"
        },
        {
          "ObjectId": "0cda0396-43fe-4034-a20e-d0bab4c88c93",
          "Values": {
            "$type": "VirtoCommerce.Platform.Core.DynamicProperties.DynamicPropertyObjectValue[], VirtoCommerce.Platform.Core, Version=2.4.0.0, Culture=neutral, PublicKeyToken=null",
            "$values": []
          },
          "Name": "Position in organization",
          "ObjectType": "VirtoCommerce.Domain.Customer.Model.Contact",
          "IsArray": false,
          "IsDictionary": false,
          "IsMultilingual": false,
          "IsRequired": false,
          "ValueType": "ShortText",
          "DisplayNames": [],
          "CreatedDate": "2015-08-19T12:47:28.913",
          "ModifiedDate": "2015-08-19T12:47:28.913",
          "CreatedBy": "unknown",
          "ModifiedBy": "unknown",
          "Id": "e7d0107305ca43dea5b138c161015820"
        },
        {
          "ObjectId": "0cda0396-43fe-4034-a20e-d0bab4c88c93",
          "Values": {
            "$type": "VirtoCommerce.Platform.Core.DynamicProperties.DynamicPropertyObjectValue[], VirtoCommerce.Platform.Core, Version=2.4.0.0, Culture=neutral, PublicKeyToken=null",
            "$values": []
          },
          "Name": "sample",
          "ObjectType": "VirtoCommerce.Domain.Customer.Model.Contact",
          "IsArray": false,
          "IsDictionary": false,
          "IsMultilingual": false,
          "IsRequired": false,
          "ValueType": "LongText",
          "DisplayNames": [],
          "CreatedDate": "2015-08-19T12:47:28.913",
          "ModifiedDate": "2015-08-19T12:47:28.913",
          "CreatedBy": "unknown",
          "ModifiedBy": "unknown",
          "Id": "d6312079feac443db46a71e5554398da"
        }
      ],
      "CreatedDate": "2015-08-19T12:48:26.05",
      "ModifiedDate": "2015-08-19T12:48:26.05",
      "CreatedBy": "unknown",
      "ModifiedBy": "unknown",
      "Id": "0cda0396-43fe-4034-a20e-d0bab4c88c93"
    },
    {
      "FullName": "Lisa Andrews",
      "Organizations": [
        "b23252dafacc4bd0b6e2489d36c51684"
      ],
      "Addresses": [],
      "Phones": [],
      "Emails": [],
      "Notes": [],
      "ObjectType": "VirtoCommerce.Domain.Customer.Model.Contact",
      "DynamicProperties": [
        {
          "ObjectId": "43cc012e2587409dab327e0b52db3894",
          "Values": {
            "$type": "VirtoCommerce.Platform.Core.DynamicProperties.DynamicPropertyObjectValue[], VirtoCommerce.Platform.Core, Version=2.4.0.0, Culture=neutral, PublicKeyToken=null",
            "$values": []
          },
          "Name": "content type",
          "ObjectType": "VirtoCommerce.Domain.Customer.Model.Contact",
          "IsArray": false,
          "IsDictionary": true,
          "IsMultilingual": false,
          "IsRequired": false,
          "ValueType": "ShortText",
          "DisplayNames": [],
          "CreatedDate": "2015-08-19T12:47:28.913",
          "ModifiedDate": "2015-08-19T12:47:28.913",
          "CreatedBy": "unknown",
          "ModifiedBy": "unknown",
          "Id": "2380cb15cd3f4e54b8060cba7003b61f"
        },
        {
          "ObjectId": "43cc012e2587409dab327e0b52db3894",
          "Values": {
            "$type": "VirtoCommerce.Platform.Core.DynamicProperties.DynamicPropertyObjectValue[], VirtoCommerce.Platform.Core, Version=2.4.0.0, Culture=neutral, PublicKeyToken=null",
            "$values": []
          },
          "Name": "Position in organization",
          "ObjectType": "VirtoCommerce.Domain.Customer.Model.Contact",
          "IsArray": false,
          "IsDictionary": false,
          "IsMultilingual": false,
          "IsRequired": false,
          "ValueType": "ShortText",
          "DisplayNames": [],
          "CreatedDate": "2015-08-19T12:47:28.913",
          "ModifiedDate": "2015-08-19T12:47:28.913",
          "CreatedBy": "unknown",
          "ModifiedBy": "unknown",
          "Id": "e7d0107305ca43dea5b138c161015820"
        },
        {
          "ObjectId": "43cc012e2587409dab327e0b52db3894",
          "Values": {
            "$type": "VirtoCommerce.Platform.Core.DynamicProperties.DynamicPropertyObjectValue[], VirtoCommerce.Platform.Core, Version=2.4.0.0, Culture=neutral, PublicKeyToken=null",
            "$values": []
          },
          "Name": "sample",
          "ObjectType": "VirtoCommerce.Domain.Customer.Model.Contact",
          "IsArray": false,
          "IsDictionary": false,
          "IsMultilingual": false,
          "IsRequired": false,
          "ValueType": "LongText",
          "DisplayNames": [],
          "CreatedDate": "2015-08-19T12:47:28.913",
          "ModifiedDate": "2015-08-19T12:47:28.913",
          "CreatedBy": "unknown",
          "ModifiedBy": "unknown",
          "Id": "d6312079feac443db46a71e5554398da"
        }
      ],
      "CreatedDate": "2015-08-19T12:48:26.12",
      "ModifiedDate": "2015-08-19T12:48:26.12",
      "CreatedBy": "unknown",
      "ModifiedBy": "unknown",
      "Id": "43cc012e2587409dab327e0b52db3894"
    },
    {
      "FullName": "Allen Brewer",
      "Organizations": [
        "689a72757c754bef97cde51afc663430"
      ],
      "Addresses": [],
      "Phones": [],
      "Emails": [],
      "Notes": [],
      "ObjectType": "VirtoCommerce.Domain.Customer.Model.Contact",
      "DynamicProperties": [
        {
          "ObjectId": "28db8667130e47ed9dd8edccada4bafc",
          "Values": {
            "$type": "VirtoCommerce.Platform.Core.DynamicProperties.DynamicPropertyObjectValue[], VirtoCommerce.Platform.Core, Version=2.4.0.0, Culture=neutral, PublicKeyToken=null",
            "$values": []
          },
          "Name": "content type",
          "ObjectType": "VirtoCommerce.Domain.Customer.Model.Contact",
          "IsArray": false,
          "IsDictionary": true,
          "IsMultilingual": false,
          "IsRequired": false,
          "ValueType": "ShortText",
          "DisplayNames": [],
          "CreatedDate": "2015-08-19T12:47:28.913",
          "ModifiedDate": "2015-08-19T12:47:28.913",
          "CreatedBy": "unknown",
          "ModifiedBy": "unknown",
          "Id": "2380cb15cd3f4e54b8060cba7003b61f"
        },
        {
          "ObjectId": "28db8667130e47ed9dd8edccada4bafc",
          "Values": {
            "$type": "VirtoCommerce.Platform.Core.DynamicProperties.DynamicPropertyObjectValue[], VirtoCommerce.Platform.Core, Version=2.4.0.0, Culture=neutral, PublicKeyToken=null",
            "$values": []
          },
          "Name": "Position in organization",
          "ObjectType": "VirtoCommerce.Domain.Customer.Model.Contact",
          "IsArray": false,
          "IsDictionary": false,
          "IsMultilingual": false,
          "IsRequired": false,
          "ValueType": "ShortText",
          "DisplayNames": [],
          "CreatedDate": "2015-08-19T12:47:28.913",
          "ModifiedDate": "2015-08-19T12:47:28.913",
          "CreatedBy": "unknown",
          "ModifiedBy": "unknown",
          "Id": "e7d0107305ca43dea5b138c161015820"
        },
        {
          "ObjectId": "28db8667130e47ed9dd8edccada4bafc",
          "Values": {
            "$type": "VirtoCommerce.Platform.Core.DynamicProperties.DynamicPropertyObjectValue[], VirtoCommerce.Platform.Core, Version=2.4.0.0, Culture=neutral, PublicKeyToken=null",
            "$values": []
          },
          "Name": "sample",
          "ObjectType": "VirtoCommerce.Domain.Customer.Model.Contact",
          "IsArray": false,
          "IsDictionary": false,
          "IsMultilingual": false,
          "IsRequired": false,
          "ValueType": "LongText",
          "DisplayNames": [],
          "CreatedDate": "2015-08-19T12:47:28.913",
          "ModifiedDate": "2015-08-19T12:47:28.913",
          "CreatedBy": "unknown",
          "ModifiedBy": "unknown",
          "Id": "d6312079feac443db46a71e5554398da"
        }
      ],
      "CreatedDate": "2015-08-19T12:48:26.17",
      "ModifiedDate": "2015-08-19T12:48:26.17",
      "CreatedBy": "unknown",
      "ModifiedBy": "unknown",
      "Id": "28db8667130e47ed9dd8edccada4bafc"
    }
  ],
  "Organizations": [
    {
      "Name": "Fabrikam, Inc.",
      "Addresses": [],
      "Phones": [],
      "Emails": [],
      "Notes": [],
      "ObjectType": "VirtoCommerce.Domain.Customer.Model.Organization",
      "DynamicProperties": [],
      "CreatedDate": "2015-08-19T12:48:22.373",
      "ModifiedDate": "2015-08-19T12:48:22.373",
      "CreatedBy": "unknown",
      "ModifiedBy": "unknown",
      "Id": "3407620e4b7442488d8a91b9c5e4c085"
    },
    {
      "Name": "Contoso Ltd.",
      "Description": "sample data",
      "BusinessCategory": "fictional company",
      "Addresses": [],
      "Phones": [],
      "Emails": [],
      "Notes": [],
      "ObjectType": "VirtoCommerce.Domain.Customer.Model.Organization",
      "DynamicProperties": [],
      "CreatedDate": "2015-08-19T12:48:23.717",
      "ModifiedDate": "2015-08-19T12:48:23.717",
      "CreatedBy": "unknown",
      "ModifiedBy": "unknown",
      "Id": "f081c52234754c9c8229aa42d6a19220"
    },
    {
      "Name": "Contoso Hotel",
      "ParentId": "f081c52234754c9c8229aa42d6a19220",
      "Addresses": [],
      "Phones": [],
      "Emails": [],
      "Notes": [],
      "ObjectType": "VirtoCommerce.Domain.Customer.Model.Organization",
      "DynamicProperties": [],
      "CreatedDate": "2015-08-19T12:48:23.777",
      "ModifiedDate": "2015-08-19T12:48:23.777",
      "CreatedBy": "unknown",
      "ModifiedBy": "unknown",
      "Id": "b23252dafacc4bd0b6e2489d36c51684"
    },
    {
      "Name": "Contoso Bank",
      "ParentId": "f081c52234754c9c8229aa42d6a19220",
      "Addresses": [],
      "Phones": [],
      "Emails": [],
      "Notes": [],
      "ObjectType": "VirtoCommerce.Domain.Customer.Model.Organization",
      "DynamicProperties": [],
      "CreatedDate": "2015-08-19T12:48:23.913",
      "ModifiedDate": "2015-08-19T12:48:23.913",
      "CreatedBy": "unknown",
      "ModifiedBy": "unknown",
      "Id": "689a72757c754bef97cde51afc663430"
    }
  ]
}